case:concept:name,pred_outcome,pred_sigmoid_mm_time,pred_uncertainty
Application_1003257895,0.5885815256008669,0.3140576929986401,0.24181818016193055
Application_1005586643,0.6330500539067828,0.26867490982430664,0.18421170003566822
Application_1006347888,0.04761915493479605,0.20807517668269393,0.27633141231223396
Application_1006959642,0.013047577137064623,0.15016994255651883,0.1704703161056019
Application_1007607428,0.4688329980162419,0.278446517334334,0.2243503129237446
Application_1009327734,0.7598603646413401,0.12953843327358855,0.17702266881256729
Application_1009466765,0.5211352848940457,0.32312539449859984,0.23046671465136628
Application_1011122543,0.6050648005439051,0.33512571826654336,0.21667849790947963
Application_1012566167,0.018551301908319804,0.18497568907876388,0.16397201587959812
Application_1014917757,0.052601722666710385,0.15940514933330285,0.18889726595834766
Application_1015666669,0.05345061921868165,0.21589567210969507,0.287978278476414
Application_1017828639,0.7846287026680384,0.07178195036663365,0.11890107748584601
Application_1018407971,0.5630906733210169,0.3680808449037872,0.21171768402381197
Application_1018538193,0.6732625907065118,0.3107489020499076,0.18661699276626173
Application_1019469082,0.008577799156973716,0.1836649762861632,0.1860794309929547
Application_1019603677,0.07728065839778754,0.25805199544304597,0.2370307590378727
Application_1021365915,0.8176340437144003,0.107993410154096,0.15530203251647506
Application_1023449033,0.7830513206732549,0.4829201318237065,0.3253424236754457
Application_1024769381,0.0032858045680124377,0.7366346788614571,0.019872098089231405
Application_1025923370,0.4847262280128675,0.36388399175419534,0.22897852565578883
Application_1030024656,0.08462121848581398,0.22225243875781894,0.24307612862450778
Application_1030416681,0.5825563213482459,0.3005242367309365,0.23374162854633157
Application_1031153001,0.02029246460521253,0.12322846544379804,0.15301685238011123
Application_1033756531,0.4245079205648106,0.3601972744035325,0.30199029887702417
Application_1034064300,0.6637994934647029,0.3297358716173422,0.20278140065489314
Application_1038386825,0.03562246881945053,0.7247485214348661,0.017680488835116824
Application_1042621630,0.0682574112778343,0.04224477858337833,0.06883150685196043
Application_1043223939,0.5846123523141352,0.319128442401022,0.22999335495137538
Application_1048806756,0.38370602481363436,0.3090455107885829,0.2362146448296598
Application_1049246293,0.5626100819822181,0.3269734742951087,0.2533356339344804
Application_1049972821,0.001546691942160965,0.6625026806464311,0.02134336967348588
Application_1051554620,0.5544827776364193,0.3367517902946408,0.21594888948239668
Application_1052613502,0.009646924181635357,0.6726176030457995,0.0477451844844406
Application_1053061342,0.5363860002058101,0.3561571029804891,0.22346711519398044
Application_1053321873,0.11198176292996732,0.04190434276547417,0.08512274227332069
Application_1053998899,0.7845897039496703,0.184881530487863,0.20360736192354617
Application_1056882365,0.048245049355870234,0.1989417181151102,0.22462249127490136
Application_1057803878,0.1049705587228475,0.27046742816443536,0.21654631705504457
Application_1059555811,0.6525861381467396,0.3089656511798581,0.15932701348605077
Application_1061755455,0.04331906304500936,0.2062627766141767,0.23529248682379839
Application_1062571933,0.01572061568253111,0.20055299227155018,0.1395856187839068
Application_1064627620,0.026682792156011072,0.7209153504621585,0.023843385382082347
Application_1067807240,0.006231849220496875,0.6983375744970926,0.0254216267407413
Application_1067848631,0.0023058024247429067,0.7167733877566391,0.014517426168157266
Application_1068398029,0.8592729733946046,0.1314834697999938,0.14720892232952854
Application_107006704,0.0203260270750459,0.1772009371680316,0.16368945708336327
Application_1070668503,0.02216669822610338,0.7139580667679395,0.017732089504676196
Application_1072222879,0.8027805558769882,0.47840661946614205,0.3236449239443087
Application_1072363196,0.6483302974101806,0.11537424216593942,0.14865123670785832
Application_1072478001,0.4689615493578602,0.1898686202982055,0.23123023501370502
Application_1073868127,0.01619256619250964,0.14335224463708954,0.1727469342148746
Application_1076081955,0.05486130938314571,0.23566947643369376,0.2788772718218642
Application_1078909751,0.05219027966377525,0.23875442387066714,0.253498107163544
Application_1085126063,0.20835692369092892,0.48011112966598357,0.29557801708797693
Application_1086233807,0.7337374536493574,0.3234447952823142,0.25034645885311574
Application_1089034603,0.3806970277032793,0.3188867699437779,0.2505576031833051
Application_1089717788,0.5799730364076459,0.3518247464977061,0.2123590141805545
Application_1091033446,0.07402473347568739,0.19135147037926875,0.2417928658418074
Application_1091041991,0.11116380535629497,0.32683326448479677,0.21878637203486298
Application_1091351729,0.49490055826773666,0.37608949488834614,0.23615036285893617
Application_1091883536,0.2581747460433183,0.41059297532207106,0.29298786258176646
Application_1096345356,0.016119463090449627,0.19964353787607772,0.1516923752378826
Application_1097190039,0.03345292896958553,0.7023809097476652,0.032901139468168264
Application_109814885,0.25999042804341027,0.43036974775647296,0.28297117467554406
Application_1100173647,0.7374369562863144,0.07955004914484101,0.14130720129723287
Application_1100597277,0.06774616562719621,0.27170434696259577,0.27314811071222195
Application_1104335525,0.32712477837261617,0.22536172203442267,0.224448448171282
Application_1104955032,0.023752206559865603,0.15777655359025108,0.17069468603347024
Application_1107241983,0.051311858020852294,0.1754230784743091,0.17021371415979855
Application_1111458873,0.3251474208813704,0.4320962989361843,0.2981588232642191
Application_1113168636,0.32651123734782717,0.4713398699624559,0.29639136086723666
Application_1115931571,,,
Application_1116524301,0.08889019230283873,0.23986512011905847,0.17404774924772382
Application_1116993944,0.04366581708364117,0.21998296696982986,0.2668630299009081
Application_1119407054,0.0035355941053093628,0.7287276618578,0.020653938123676985
Application_1121197235,0.7390753770897468,0.12766454610432668,0.16478515226754384
Application_1122983853,0.03929907268925268,0.2380642018383744,0.20502479393723624
Application_1126832024,0.04283986195262789,0.2439752207049069,0.2359347384667988
Application_1127250936,0.5685319941324601,0.3557056153292864,0.22452537101187794
Application_1127956985,0.11706998492451136,0.24284715032842094,0.25554946741239576
Application_1129276294,0.9013327630979051,0.08464503564265591,0.15831958284953682
Application_1131111908,0.6370162657748732,0.0952298515211086,0.14788669586508285
Application_1131263580,0.7065723163536212,0.3533079665611342,0.20840570226115013
Application_1132834033,0.7191901651204502,0.09823874077851777,0.16079470348907168
Application_1133030829,0.7175082960263948,0.35245890401830915,0.2146668112134609
Application_1136323889,0.49844787508271526,0.30446037415466787,0.2338046355291343
Application_1136568641,0.3039122777626837,0.3019405326957421,0.24003025378132647
Application_1139959523,0.7370752171339581,0.34442800172677107,0.22086442679827645
Application_1142548986,0.6158546219470515,0.3747803859314041,0.21711359758506796
Application_1143217229,0.4165300630241638,0.4698367174502989,0.32558601332806575
Application_1143890425,0.47132669340772,0.316936888170936,0.2515141277085771
Application_1144672891,0.7943381243504777,0.08009693811658317,0.16950885422274575
Application_1149655953,0.008568878638174513,0.12186237443793935,0.1439614137254687
Application_1150495041,0.5161685755511956,0.31161824346855194,0.25553762013831993
Application_1152955170,0.009846714919370335,0.20641931140748004,0.15300184095413025
Application_1154252514,0.32727895352388886,0.3303407230401324,0.266935290636053
Application_1155070210,0.013386875597526934,0.18419035897502695,0.16330966753643555
Application_1157728848,0.14898453710358062,0.26793029166832,0.26003844232979806
Application_1158871047,0.6463591102073377,0.36559303547944844,0.2284463791210549
Application_1160839680,0.5506657994516061,0.31302258754492734,0.24418997601567924
Application_116364671,0.029152814942019867,0.13449618420058448,0.1555051832668293
Application_116416466,0.5810976167757592,0.2873182850735069,0.23122786573286533
Application_1166230182,0.014201236834423868,0.18937580419925232,0.16823936549885152
Application_1166306573,0.38649145220473585,0.37989953236364193,0.21124088067081367
Application_1167813329,,,
Application_1168708378,0.46974803769022416,0.35868449536907454,0.22610225872215897
Application_1169258361,0.6363926205943797,0.334925006018428,0.21436060022934186
Application_1169725538,0.05133605387249955,0.06217820798577256,0.08513216999894013
Application_117027249,0.3768942023254113,0.32336566323751814,0.24874934943287816
Application_117449589,0.013271636333454476,0.24122468402240987,0.16514013621117846
Application_11785385,0.7060799174431892,0.08643497935948724,0.15698201729678074
Application_1182795681,0.08774838401197961,0.4231509296734387,0.17255806731375448
Application_1192159171,0.3849026601833678,0.43871997120134876,0.34551771147233723
Application_1194303360,0.06334581248056698,0.2330890870794709,0.28730690459370173
Application_1195434598,,,
Application_1205144249,0.6628253960109679,0.16964916431386418,0.16016593956601682
Application_1206188048,0.7959158167089703,0.08686744951458317,0.14522550931801387
Application_1206551699,0.5385432607147796,0.35907402288923324,0.2810224060823074
Application_1206679861,0.5800477166093662,0.3473753500949995,0.21453348683978754
Application_1207230380,0.3694121900358942,0.20303585081291814,0.24280001004978854
Application_120793083,0.7134003008046226,0.2886828829643154,0.1893905450877853
Application_1209676119,0.4255590705694436,0.29936864002696584,0.23814849971349455
Application_1213916582,0.4324886720589037,0.35848996723458776,0.20442447872158034
Application_121641518,0.14273648637852884,0.2686466934136547,0.26566802754029484
Application_121729357,0.5466994325742826,0.39734803649904016,0.22492995726200998
Application_1218695611,0.04683409439988946,0.22324261187348127,0.22233011663167773
Application_1219772874,0.8652489728735272,0.15359095697850308,0.2002365681092408
Application_1225687747,0.4535630017031308,0.3201439991542332,0.2550489050165739
Application_1227690400,0.6073186391850213,0.36339912395216384,0.2214975673801709
Application_1228722182,0.9367517251760556,0.2273418252414806,0.26255870202416043
Application_1228813193,0.01984923215791706,0.03099057891290269,0.043001923158939685
Application_1229707182,0.019155520550352755,0.24388756116216972,0.19345598338518427
Application_1237040955,0.6602191458778651,0.3535819315288517,0.22842871945163856
Application_1237983321,0.05680913717098651,0.18170810274301336,0.21408123573955334
Application_1238132318,0.5627697050969207,0.3205605658700338,0.24335173172775793
Application_1238606249,0.11675459516844551,0.24502633774120935,0.2707096608922688
Application_1241541074,0.689334385514026,0.35326999170448803,0.218008853034137
Application_1242496593,0.08435520450524342,0.14357696020061236,0.12829179264051457
Application_1245226697,0.22725298879313618,0.10390964860983856,0.18690259080641103
Application_1248061466,0.6799174167895006,0.3510058322974377,0.24662020998247236
Application_1250179725,0.002623606286473197,0.7207176915677928,0.016254167526874412
Application_1252245787,0.024075690192408565,0.6983234150875032,0.024034288170711796
Application_1255041116,0.008851255411228328,0.12420588969122048,0.1392403522925319
Application_1257348081,0.006663617606392755,0.742891510665514,0.01644446153353465
Application_1261480447,0.06215730341996921,0.2361041032605809,0.17223688229172446
Application_1262350889,0.138003972388068,0.09910555744943764,0.09811502723785255
Application_1262548993,0.11293251174580571,0.044451398955373866,0.06180902485786932
Application_126523834,0.5524350859758543,0.3428261644578725,0.22691099558365518
Application_1265495164,0.667765900276829,0.3543820575522059,0.2048918456029047
Application_1266086453,0.7905688331316102,0.2452350432682211,0.1851662479946028
Application_1266450550,0.040050817449638065,0.20470672784847652,0.15343880943816993
Application_1268626834,0.35881621421789445,0.2875262777153418,0.23480714039436681
Application_1271823802,0.41665416547375517,0.3157443040691965,0.21468792857512362
Application_1278510625,0.5972134015396098,0.3274209611044977,0.20783430608580267
Application_1278888452,0.0020775756572254515,0.6950283758713955,0.02571773474331735
Application_127926903,0.00678262651005042,0.7296743675303438,0.013309007920855655
Application_1280427249,0.010895878398533546,0.20922784043469211,0.12949237488906587
Application_1280500254,0.0035249882628157142,0.732967589904271,0.013878596913367323
Application_1281205543,0.008190292934811681,0.6702607039993171,0.05342891582750633
Application_1283592554,0.4187962946622782,0.3600228214143901,0.21148834884930875
Application_1284796330,0.6377643549898151,0.2794225677314346,0.22648340790586396
Application_1285125915,0.06509096851468175,0.2085256244377687,0.1737317519981459
Application_1285655984,0.5300348182225357,0.3698153145457554,0.21649931159108565
Application_1287947132,0.34739116830768024,0.3894601203038912,0.2381469999805445
Application_1289259959,0.22521534104799432,0.46896572385789076,0.29174537620588387
Application_1290192129,0.15021074434359247,0.14455908910566181,0.09812370153287645
Application_1291870846,0.5599892412066274,0.3357375615870408,0.2104683648739851
Application_1292006843,0.4581545442737601,0.3765031796342188,0.2180938381454992
Application_1292956867,0.04039696429004723,0.21589567210969507,0.287978278476414
Application_1293565393,0.020309119606359255,0.22111737020041478,0.15969679591671349
Application_1294994633,0.7094049184094193,0.32898902364653104,0.21939195587205546
Application_129913687,0.035343489281186816,0.19875356597411603,0.1872323684549962
Application_1300146313,0.5952278817235623,0.34289255684912373,0.22108631539717447
Application_1301618471,0.21347286034907548,0.2629072247359947,0.26862168893128824
Application_1305019755,0.03426873244725279,0.20229743601315486,0.1703750466829478
Application_1307267305,0.008213894145912908,0.24328078207782144,0.14899782619946106
Application_1308123155,0.016777968186852996,0.18844035093395536,0.17475957947264484
Application_1308473984,0.6675836494967672,0.3775206552211783,0.22119377535532453
Application_131073860,0.073145947725716,0.23009864988798545,0.16981823397113383
Application_131125706,0.623928698756152,0.3272345731334342,0.21072727561166932
Application_1311947055,0.021369189655508256,0.15619029054899577,0.16092351562893542
Application_1312170166,0.6989442390961452,0.1095433005705542,0.17721196541585899
Application_1314908281,0.5010259539686316,0.339278156475903,0.20704700355903682
Application_1315999339,0.5201063394449481,0.3098631847503863,0.270980705015964
Application_1316571687,0.5167972104116708,0.3203024924510271,0.24730732678355544
Application_132049146,0.5214927809122639,0.2972268880749281,0.2294872666967608
Application_1323431247,0.007865057685838067,0.15275025047708046,0.1546962183102889
Application_1327704129,0.04939041274390506,0.2599571831114559,0.22481715848148093
Application_1329924305,0.16039494348827024,0.316453292113738,0.21137123675618819
Application_1330910876,0.00231695905271084,0.7110193171702868,0.017368189930627324
Application_1331108450,0.6331946982015323,0.277094028860857,0.22294996023515098
Application_1332541697,0.5938706672745939,0.3213371850458155,0.2469762986684704
Application_1335456683,0.1188874846774231,0.16150833408205043,0.1575952725195879
Application_1336478747,0.21157823220886013,0.21275584075190623,0.19648731375569045
Application_1341618264,0.7236380151224087,0.14248149440954555,0.1743900517707962
Application_1342079196,0.01000904942934791,0.6966043595854194,0.05389334250133459
Application_1344635275,0.158721414941493,0.2578523425629365,0.23903183533938951
Application_1347338076,0.14898453710358062,0.26793029166832,0.26003844232979806
Application_1348888499,0.8408413310495267,0.13375245534579955,0.16997450790008217
Application_1349233572,0.14898453710358062,0.26793029166832,0.26003844232979806
Application_1352970596,,,
Application_1354242264,0.019026095990298916,0.22303737365218967,0.15313557638053807
Application_1355525986,0.010221013568833844,0.7110709199692702,0.015745045410363718
Application_1356584653,0.023323815417302256,0.2102006683965132,0.17000093482036432
Application_1359216041,0.3628957723034964,0.4331241222257707,0.21705214119904706
Application_1359726788,0.8809845164119783,0.1173970333186116,0.137112763648464
Application_136173194,0.7307565739583013,0.34325044735513816,0.21372228672436552
Application_1363613938,0.5335964922465412,0.3368498799318856,0.2104134607226172
Application_136602171,0.4722536064477165,0.3082260001297416,0.2366715713723869
Application_1366581099,0.5280463323060424,0.3314599952471172,0.2590881066124114
Application_1366595744,0.007778939843560064,0.21340993207778308,0.15402386565916004
Application_1366846671,0.01540886524332276,0.14737788576646224,0.1331800741997142
Application_1368044115,0.521199264066625,0.19437176382577503,0.23920593488984315
Application_1368065414,0.0018433919272470157,0.7103923931700147,0.023771304147701018
Application_1368977339,0.5966329952255938,0.32182255814674615,0.21991295233074643
Application_1369825234,0.7006062669681117,0.3419482547515855,0.18986429894372814
Application_1371149184,0.12942926369989813,0.19427091206852798,0.16946381353960874
Application_1377673225,0.06735197623634373,0.18857681068701387,0.20147889312585493
Application_1377765652,0.058026742325901215,0.2491377435365254,0.2515450124005599
Application_1378387508,0.329241950226829,0.3413114677666484,0.21568635298179056
Application_1378798475,0.07042562205070088,0.18619005557725637,0.13315274776163882
Application_1379173026,0.04075139874819236,0.7108672064703992,0.03061899828305446
Application_1380868781,0.7450279594159925,0.3333128044972909,0.2219242209612775
Application_1382399727,0.20383522621524824,0.4580908980853956,0.36944477477384996
Application_1383522757,0.008048249482022785,0.6712605660301495,0.0495151811379835
Application_1383530613,0.04292040841903463,0.022281137773112136,0.057821835954667354
Application_1383675481,0.06784326704795489,0.26605809592731905,0.26091268998917216
Application_1386012914,0.01798990807105541,0.2278818337983196,0.1464878094784723
Application_1387809089,0.05184535446376532,0.20470893050675687,0.25487542836443305
Application_1389644287,0.02636601028835252,0.34039683691475936,0.09000814901466223
Application_1389705988,0.6712111180423391,0.06156580375874893,0.13766334515073522
Application_1391177014,0.009520129797451506,0.16718105521698765,0.16093572486404173
Application_1391922975,0.48977509365397376,0.31288085253220355,0.23511283592040874
Application_1392744244,0.5046823051041975,0.32993018241225763,0.247612879172112
Application_139314774,0.5375786752724193,0.29394234642700534,0.23870744476524478
Application_1393793184,0.14898453710358062,0.26793029166832,0.26003844232979806
Application_1397177996,0.3109360664289216,0.42371291278429235,0.3274511137827092
Application_1397232541,0.14704935150564677,0.2530685817463861,0.1500664615651176
Application_1398445330,0.46907417826872333,0.33812354889713153,0.24988208072077342
Application_1398793539,0.06985429966972259,0.05208109967367547,0.1327051013208278
Application_1400486786,0.8126180458955179,0.04864828019698436,0.11128125751985857
Application_1400830743,0.030740790765954554,0.22674106562776555,0.17264385442269184
Application_1401288440,0.40431079817702076,0.36185385146462573,0.2318003571957346
Application_140236565,0.041167951059581126,0.21042292648234573,0.21263533351552982
Application_1402552153,0.0025135088917326363,0.7243365228287761,0.013868804263111364
Application_1406102147,0.02017754590627318,0.1974927048077822,0.16686817019279426
Application_1406423932,0.028615719801704468,0.23421716129587183,0.2763599072798318
Application_1413432922,0.5117198110322926,0.3397886546512542,0.2486983645950461
Application_1414262200,0.5094280385722577,0.3487736780406609,0.28842240370297656
Application_1423390020,0.01378302679553775,0.22395998541987472,0.15841145773447327
Application_1423903152,0.44307724687658606,0.2871464495640648,0.23359441107796802
Application_1424505326,0.6758838397127654,0.3495719183055977,0.22220729341000026
Application_1426042949,0.2843075363258218,0.4276127904823937,0.3422601866180421
Application_1431291004,0.2176756558075756,0.4461122596011442,0.30786027843838537
Application_1433728315,0.05808316423248381,0.21096154480618773,0.23709312631859408
Application_1433932097,0.2979051437462756,0.3994827291951138,0.3215286745167645
Application_1437292525,0.6181178370724232,0.3487623585907661,0.24373946475748354
Application_1437733107,0.02175476789529089,0.030827118077974336,0.043973458827755926
Application_1437838501,0.0026525039061834677,0.7053815966310648,0.019605780501751217
Application_1442043587,0.09866527460402666,0.06004248248833097,0.07367997004474652
Application_1442707430,0.7895513736736322,0.37950491993706137,0.24106050690617367
Application_1442743235,0.10313109105544431,0.1165798787765093,0.14462204902315048
Application_1442859871,0.237799929484145,0.1868916311297784,0.1851522185481005
Application_1445624231,0.4805813386644584,0.3014163805387559,0.2540788867480273
Application_1447169405,0.5732527835524163,0.3329072054183218,0.2088754535622197
Application_1449015953,0.45921200931228373,0.36799178237301283,0.21514358462463043
Application_1453416633,0.008688782825654908,0.15927321792340426,0.15958837343701734
Application_145479769,0.8575324332429497,0.12184846047701606,0.1856484264489375
Application_1455219594,0.011228138238012633,0.12235237386985423,0.15487637192555914
Application_145614122,0.03536096529474153,0.2945610710122793,0.24922423656649836
Application_1456197334,0.17323059567150087,0.46506805531465056,0.291546376574691
Application_145673691,0.4777779707125157,0.3012756702318443,0.24283984727274352
Application_145943194,0.806297596182264,0.23982811577573723,0.19628399424042914
Application_1459565304,0.051364619306737275,0.22854765526902793,0.28438188802504133
Application_1460064458,0.01615934143770432,0.204972874933184,0.18432468269870608
Application_1460077602,0.009984680573324372,0.11925044483723651,0.16424408526731785
Application_1461429645,0.39077845612308526,0.36445660456530204,0.22454141441767672
Application_1461650968,0.008844957678959334,0.13733923325470382,0.1503415556808831
Application_1464932336,0.07579074151704342,0.02186791552278322,0.07006688024487179
Application_1465837360,0.011338633041784037,0.13898420516516968,0.1553243744219572
Application_1467390663,0.7770097790590504,0.1625021990971578,0.18539983641328509
Application_1468317116,0.7175254107436333,0.3776802747979393,0.2390637818665513
Application_1470446509,0.36670870157074315,0.36296538239027576,0.24739561999769336
Application_1474144091,0.7686648342045364,0.09886312748150322,0.12477221346761444
Application_1474761909,0.6849027751379549,0.3543297338212186,0.2619715520778134
Application_1475131206,0.8030709161798615,0.5282542831356715,0.3130205015574118
Application_1481555746,0.013594972455960837,0.1115956226054878,0.1585129948614835
Application_1481699232,0.4746331141180672,0.33404484163211673,0.21629369519298053
Application_1483370714,0.2623641869459127,0.1749329889614407,0.18821697608561958
Application_1484280125,0.4978911115740135,0.3459833282602355,0.2414660103902903
Application_1485872413,0.6683601382246607,0.3462697124392776,0.2177187224380566
Application_1486025008,0.017727828540701443,0.18808946382193026,0.16406375443892723
Application_1486836461,0.43044417356394776,0.3297957781458672,0.25239336363963155
Application_148729229,0.2797053634041693,0.38325439303916203,0.32294503265793734
Application_1488933214,0.004463154581357402,0.7403904945976015,0.026341577506401512
Application_1495511119,0.04184850427883058,0.2070246000162529,0.2349540672036148
Application_1496592829,0.5076069350681676,0.31653005459660744,0.25096673043936985
Application_1497071850,0.8525671357977148,0.07641470929263894,0.1358997964790864
Application_1497210357,,,
Application_1497423600,0.13236241209912808,0.2494664531183864,0.2532610268950518
Application_1498852039,0.3943149014564978,0.37989953236364193,0.21124088067081367
Application_1499077406,0.01481471434585503,0.1514232384207995,0.15829210677406227
Application_1499191765,0.725428880234576,0.37575453450547375,0.23260613380735848
Application_1499770935,0.06306609570317664,0.23807275596092475,0.23764790647692524
Application_150041336,0.01160525705794715,0.17115292712619784,0.1347754308621197
Application_1501335173,0.18252303956054994,0.44770810291913443,0.26627447219962214
Application_1501706962,0.5222322471738364,0.3078996284717738,0.2316857670225353
Application_1504753021,0.009655688863684477,0.7268158826595064,0.01344665873149366
Application_1505681170,0.7237135558391264,0.3825166565916064,0.24684245097132243
Application_1506182020,0.8103182994664779,0.07259151200653313,0.13481989156117938
Application_1507560449,0.2769640531026464,0.39701386790368465,0.3236789731887308
Application_1507847905,0.41406256632832505,0.14598766172112426,0.1190775300765617
Application_1508411195,0.71758540718427,0.3545733926310492,0.226702562769427
Application_1508469719,0.003589688424137712,0.6678851141456212,0.024441557827508283
Application_1510685409,0.49263705508923283,0.3113266151385181,0.2128796193431736
Application_1512331067,0.5594708330198712,0.3432294223270648,0.2404726536109314
Application_1515175359,,,
Application_1515669954,0.1316760651272634,-0.0016893368453019253,0.04567033125427342
Application_1517745031,0.011519735971667286,0.07752690449247437,0.15674531077121348
Application_1517805334,0.039331922263947675,0.03531848137922178,0.06638275846523073
Application_1518691055,0.009544082881025037,0.16954591918883813,0.1673373519364819
Application_1519307177,0.058512925049588695,0.1619359398431799,0.1467447176370391
Application_1524980199,0.27614730145076566,0.309253725558299,0.24366525466555097
Application_1526559453,0.7707875001980495,0.29250222956802635,0.2083771110596746
Application_152677835,0.44047263831134775,0.3486455747408989,0.24817344412823134
Application_152693083,0.2581579867874043,0.42808140903018677,0.33854663921218653
Application_1527986766,0.2121577825307759,0.251696483913334,0.14717257640295486
Application_1527993766,0.010411341313530768,0.14633394415622264,0.13875299780572997
Application_1529354680,0.06194124893737417,0.24384194124332628,0.22689937189491916
Application_1532233038,0.6154417752809732,0.37800065741572275,0.22560951977986424
Application_1533302760,0.012238217141283354,0.1438090240945186,0.1517270857928717
Application_153423780,0.0039572020357391035,0.7024881841284794,0.021766097151891716
Application_1536004894,0.36060097815800535,0.43638278101247796,0.31083830812075236
Application_1538129293,0.5213613983114164,0.34847439067160874,0.21980461400817286
Application_1538131961,0.008778819403007381,0.7210983105523977,0.013262372205475575
Application_153968095,0.7161121759709594,0.32338086539900524,0.25178443764038305
Application_1540261130,0.8326808020309702,0.29241657169018,0.16122440974487665
Application_1540988654,0.0042752306872927155,0.704861532644111,0.022480015892561787
Application_1541874294,0.023495408410628877,0.20112160670083404,0.18183280719843042
Application_1543050317,0.41786270598569675,0.31620159282745697,0.24488803274532644
Application_1548848821,0.012799761632389457,0.14640421391182767,0.14361975980024533
Application_1552337149,0.11592141502008856,0.1566669779866343,0.13508138290439306
Application_1552373930,0.6068424823795191,0.14320026650349876,0.19515027928374737
Application_1554928307,0.7414191882919523,0.5692850473162109,0.34440117215674965
Application_1555229754,0.04888852789843241,0.2842286250316671,0.05005115065564625
Application_1555572507,0.015157248714657161,0.05018556336132507,0.0488574158174557
Application_1556045942,0.020508079197873588,0.11414675292547524,0.1500512417210446
Application_1556330253,0.7323161874895653,0.3338929168936425,0.23202556857627002
Application_1557962266,0.7382664256641024,0.41507453102371317,0.28454144479343313
Application_1560388677,0.08542570892956258,0.25011165633465904,0.24803626564177164
Application_1563010304,0.4735014554319931,0.3107468638508802,0.2511298492806966
Application_1563442669,0.4038680418244986,0.26498837309143625,0.19105892367508898
Application_156690336,0.7493903925457485,0.34787745634911155,0.20873158861008126
Application_1567155167,0.031390834100194547,0.06352887488972445,0.04610650098011132
Application_1567796271,0.6857468246921249,0.29652415528674814,0.19076075393656336
Application_1567894569,0.012084414233039447,0.023221184315431354,0.07452883726078097
Application_1568283697,0.473563543165741,0.34409451247470435,0.26460260427855475
Application_1568847798,0.2697306596265075,0.18406847217944658,0.269822479516648
Application_1569156673,0.7583816707600801,0.46009565780395556,0.3551783670893344
Application_157101926,0.03475925273637843,0.3530722344653013,0.19905911752622968
Application_1572099344,0.026509333303810206,0.7048411825102108,0.019033546703597807
Application_1572847379,0.6164882172303493,0.23112230509743492,0.2163067382956114
Application_1574666956,0.5636736005863612,0.31968114231836975,0.20774525915767217
Application_1575429255,0.13649835810750627,0.006199888276580134,0.05983891036016417
Application_1576455879,0.021553234643318316,0.20881610626047217,0.16260753582622242
Application_1581286194,0.08784001649103605,0.05052634129702471,0.06270689847452271
Application_1582126646,0.4312681155686301,0.3651704037447622,0.2236812864382277
Application_1586014327,0.6347780915876079,0.3763947376900937,0.2245579331068826
Application_1588502303,0.1948090855211129,0.09428749398214772,0.09657761832858101
Application_1590046911,0.64071171162625,0.3823806120730087,0.2202584222986482
Application_1590922232,0.7821565135770261,0.05888279605301949,0.11833485512701251
Application_1591827409,0.46112751685542075,0.33342481318264217,0.2200738311937777
Application_1593334678,0.4494571543835966,0.3173093316502641,0.301875255398017
Application_1596977845,0.16068478431847802,0.19624957316480868,0.15458698079848104
Application_1597571599,0.5707419541104568,0.34576241239282024,0.22384966075531823
Application_1600137092,0.741826162772255,0.23803147425329152,0.22873176855677047
Application_1601392433,0.07120348677575172,0.22778027915126728,0.22990127743718897
Application_1602939504,0.07586878694579857,0.27765661642853484,0.18779249084369717
Application_1603857838,0.06622071599128306,0.23103194982269487,0.22483958559716283
Application_1604182310,0.5676449183914535,0.33975892911159167,0.2625833381806951
Application_160568748,0.02011399577576205,0.1988769269802402,0.14621250737234234
Application_1606851994,0.021627337507032964,0.3201954165087964,0.20141139040009728
Application_1608683443,0.1497593218176707,0.2589984324353279,0.24013333191127587
Application_1609918816,0.05550015152476473,0.2193589508883031,0.2730073633897041
Application_161175780,0.3251474208813704,0.43376418861253574,0.3065624660542264
Application_1612124570,0.062241108007766596,0.019706393273189793,0.09627732056133752
Application_1612352684,0.2058212268144894,0.042973343523485086,0.057106969764583806
Application_1612566646,0.4520142629732438,0.16467785721363198,0.18238717372287586
Application_1615252785,0.5749140186792476,0.3695769966522623,0.2497473706611866
Application_1619878986,0.4804083955680561,0.38890075022204273,0.33896676683451504
Application_1620116853,0.05114645766238719,0.02201685236384432,0.11029634679444693
Application_1623509076,,,
Application_1626377486,0.003227039872478831,0.6998415440398293,0.015202029541920528
Application_1626515404,0.6567226898550633,0.33500734816813926,0.16952495331111958
Application_1627664369,0.04793594130453724,0.19918351328931025,0.2359862546554838
Application_1639647605,0.30753430027469886,0.42044639774357667,0.3310327342321576
Application_1642342758,0.03839619695014941,0.14005870298379552,0.14906593113618707
Application_1643735217,0.3702256406844004,0.34155122748287203,0.22790975629521484
Application_1643891602,0.042900925578788954,0.2000055066250574,0.2026875045752423
Application_1645315848,0.5908140901531627,0.35173171931638014,0.2265302134515897
Application_164664961,0.49681621896367323,0.2986978634098764,0.21679287776307193
Application_1647019329,0.5538353870740753,0.28222470273756967,0.21988750966734008
Application_1648426839,0.00443399720343132,0.6849622342332189,0.025823177603013933
Application_1649995897,0.9632766463771195,0.24988845905742466,0.2653027831295399
Application_1653948637,0.070824008113288,0.2403078389025861,0.1723573168784041
Application_1655984883,0.6775370069477663,0.34138946709918044,0.24766683191641076
Application_1657679208,0.5245338181637401,0.28955831719322195,0.23647170095280637
Application_1657704546,,,
Application_1658351580,0.5636736005863612,0.31727972198195814,0.20573743793337051
Application_1659132262,0.42315036669333256,0.3308496238452594,0.2404024050323766
Application_1662465317,0.23432494328265507,0.25356750636716563,0.1684985897043741
Application_1664698134,0.6913415977035884,0.3108221542209481,0.22114449168393152
Application_1666176195,0.745590347077571,0.35180273961900227,0.22494941562652168
Application_1670218780,0.01238716852399266,0.21105860183481806,0.14150011718145722
Application_1673082404,0.07804416957520713,0.25445168693226894,0.22056968071653238
Application_1677934167,0.015280646316071119,0.13698256956512242,0.1634217721342953
Application_1679283534,0.8723929366951766,0.17810161525536938,0.19196889158571484
Application_1679836886,0.5331068997945853,0.3501382269414222,0.2123649726456756
Application_1680549316,0.061348235252780055,0.29902838416548144,0.258183482436082
Application_1681144807,0.45085650579143044,0.30742098716343286,0.24058853621992943
Application_1684448331,0.3449768978377982,0.3326206741412158,0.23618069605354822
Application_1684875314,0.014209053345201767,0.14185747766677284,0.14484266115519379
Application_1685492750,0.6228641774219331,0.3380738049155878,0.21944553484113422
Application_1688338087,0.06023194344936995,0.22613328674712496,0.22036267104557677
Application_1691960420,0.09545979950347037,0.2981832166270166,0.23608055480318696
Application_1695771209,0.7511264570609327,0.3248594562512453,0.2124747341871815
Application_1696190710,0.6383427653933292,0.49910511113327694,0.2758475032646506
Application_1698606956,0.0053702809310746885,0.7411486633600997,0.018291812788796106
Application_1699047561,0.5320710148347043,0.282822644727886,0.23238500680764604
Application_1699424307,0.1371426028301129,0.040037437122328934,0.06674050780465662
Application_1700174135,0.7190190257621843,0.16319623279516443,0.131620915357862
Application_1702131986,0.2911034688869437,0.3992823220422847,0.2890492423532252
Application_1702878962,,,
Application_1705129812,0.0035943908033830765,0.7192671305338144,0.0183878697480494
Application_1706081580,0.002481897679475535,0.7050291438083249,0.022347948996795673
Application_1707528347,0.007816350731851298,0.17982776742989232,0.16089248906810122
Application_1708061774,0.33113329810420855,0.2025794098011458,0.2316155962909516
Application_1708263885,0.0022099410132368105,0.7317588146752819,0.02020658790521387
Application_1711856510,0.010213659304819914,0.6972828178578913,0.024391042600610875
Application_1712966902,0.022514216173162648,0.7025399634614075,0.02235289340164606
Application_171939585,0.008591559107566692,0.13606859993062043,0.17446797525754987
Application_1719668477,0.6308027445198958,0.12522939694296398,0.18081830516691177
Application_1720703801,0.21967213022844714,0.21080232477146374,0.1633077567055817
Application_1722024794,0.0029572469080528263,0.7278744615381123,0.013525197193096201
Application_1723038796,0.5994071615956025,0.11235010531400394,0.1583207768067243
Application_1724135933,0.0534897645895625,0.23038399323956843,0.27619301964137205
Application_1724137379,0.008479120838451358,0.7317486063364247,0.01704107677998059
Application_1724949330,0.049668275469220126,0.7168004324194737,0.027419779308931254
Application_1726483569,,,
Application_1726766534,0.637930005256365,0.3253293593301829,0.19749375258512017
Application_1729415776,0.06784326704795489,0.27009018783243216,0.280764952937478
Application_1730972696,0.10663155642514663,0.07865465365589736,0.1539356516007412
Application_1732467275,0.08537414492897623,0.056678412552384566,0.14854685237046034
Application_1733065566,0.002970869590178719,0.7212395188387322,0.015115720733827939
Application_1735596662,0.008072890357801621,0.10626160930165371,0.15910391499679083
Application_1736043609,0.009513110519039681,0.0825424516185734,0.14081908922379624
Application_1737015600,0.7069711341338624,0.3662801220060272,0.23025710619631282
Application_1738803056,0.006847246245634788,0.7277964752770747,0.019911606605368393
Application_1740675491,0.5023558763701956,0.28863550502193003,0.24138996109600477
Application_1742370900,0.002328661837385528,0.7140694128313276,0.018990254607035163
Application_174302253,0.05833463556042947,0.2851659107190516,0.21705619034413248
Application_1743744101,0.04853024151486276,0.20056648376850716,0.24725950654758957
Application_1744802978,0.021642061677915065,0.14337905826958872,0.1521069283542069
Application_1745482070,0.07034731534970551,0.19614349816412394,0.16800843622706454
Application_1745888346,0.36088436795072815,0.34232380003274476,0.20157838433952566
Application_1749850243,0.02055853067815786,0.20953353313859246,0.17052993727874083
Application_1750826338,0.6917051314881384,0.31689232083419766,0.23742174259776072
Application_1752237400,0.36540456184586123,0.35227631420244304,0.24280885426955598
Application_1755940827,0.5537765544669118,0.35880865041198745,0.20945137672412376
Application_1756343309,0.4488625130318031,0.30840092194261637,0.24330009207627198
Application_175724758,0.31585280469619065,0.35808958434302784,0.21773616565986117
Application_175766876,0.7818646188247436,0.13533678127714674,0.15617424560658433
Application_1759116820,0.3377725695572122,0.315136133980276,0.24660426672128433
Application_1759132638,0.06871284961057782,0.2207710769958339,0.22570723637020892
Application_1759573634,0.055815637194193496,0.2541135835823104,0.24583359681731376
Application_1760271807,0.04510398864080354,0.2877535678429197,0.05524438552824638
Application_1764214580,0.4417228532441458,0.41163289015033017,0.2263981507056314
Application_176467906,0.05503264377188343,0.25056037973839634,0.2757418144839513
Application_1765317682,0.8529993882616199,0.08068899583645611,0.10926204713127927
Application_176729498,0.012615851313294157,0.6976166198242334,0.04440164905128146
Application_176822449,0.1831656024970497,0.26021563371984635,0.25778335389699075
Application_1770043698,0.015901734575478575,0.7385414265288652,0.022672726830888605
Application_177187708,0.8540315031393286,0.2701302259392628,0.19194746018321934
Application_1773817992,0.011103715275710108,0.20083778973044206,0.19368254908156274
Application_1773884897,0.5245338181637401,0.2926886219638456,0.23958465882016633
Application_1774753524,0.39921253592967254,0.2630907216797658,0.18043440244449552
Application_1774860195,0.019688845784750924,0.1566064042485761,0.1748627091807916
Application_1777798172,0.5467171267436842,0.3607080410214475,0.21401252435477502
Application_1778253233,0.0688346843952605,0.16379528898914664,0.22082679964015847
Application_1779063639,0.27469905138844875,0.34951350271811504,0.2231433903062741
Application_1779228753,0.08740750173128188,0.23610846063406205,0.2701519542187294
Application_1779483865,0.017658755977934974,0.6717283653369781,0.0818776340728424
Application_177987424,,,
Application_1781246043,0.056203949353434944,0.4853327680068369,0.1596396891260696
Application_1782964647,0.016480029013919626,0.13756278142125353,0.14752590427394485
Application_1783285999,0.0956787788957832,0.176378027205022,0.1993015830245472
Application_1784946082,0.5089522027409705,0.311040536238299,0.22626437441060293
Application_1786284162,0.01229191381961335,0.14774268424247708,0.16108989696778842
Application_1787619541,0.002471252435327161,0.7221313331432224,0.015143323754069904
Application_1790993885,0.16123757498042363,0.1745754952653425,0.16114126183285393
Application_1791402554,0.496916213474978,0.29416414018009973,0.28252055587612507
Application_1792616449,0.485066303704583,0.31870878692222715,0.2473783158104547
Application_1792762589,0.30101618940897734,0.48921748733006637,0.3244483522557022
Application_179543075,0.3251474208813704,0.4320962989361843,0.2981588232642191
Application_1802027719,0.01651024836858601,0.19045459289910865,0.18514291263761642
Application_1807084551,0.6071707609897073,0.3710777270997741,0.23044499542611122
Application_1807982053,0.6993441393129022,0.33103992155900264,0.21312383291975226
Application_1809906108,0.0025135088917326363,0.7256499547917892,0.013881172516134023
Application_1810274575,0.6986679648774661,0.12913799533951426,0.18705903280661898
Application_1810778714,0.4858900879024367,0.43569718733945983,0.310024162484158
Application_1811493659,0.6734880497020006,0.25146566314077323,0.1947956161986533
Application_1811798646,0.7305280214736066,0.337493834020812,0.25552831060834774
Application_1812976702,0.5092961514175444,0.2837431549187551,0.23467297708765633
Application_1813836988,0.7069161607104528,0.3759957845348004,0.23635838618021163
Application_1814870066,0.4887268443873979,0.3902555459816929,0.24947532494663097
Application_1816608501,0.6288474017461019,0.17320658793790272,0.18676554007930202
Application_1816939541,0.24596798834138958,0.39417545759957323,0.2820985855189709
Application_1817852148,0.09763079890377939,0.27452344937631856,0.247920650124648
Application_1818887493,0.6065071501710353,0.34715441155092575,0.22132203826747468
Application_1819930849,0.010283171927443284,0.12937544758602895,0.14115851063292248
Application_1822642909,0.6725854011263351,0.10751012209256572,0.12751793976006426
Application_1822677055,0.6178254537132358,0.34562665567800616,0.21707182241826564
Application_1822996762,0.008896586007285722,0.7066951962828636,0.02020019846414763
Application_1823252929,0.6320383052100778,0.46826565060615233,0.27399949583776284
Application_1826382835,0.7799233811423174,0.14827259993842642,0.17989793457244582
Application_1827761977,0.060483898349939905,0.2276915259850302,0.24698371266781083
Application_1829043609,0.0823545156263067,0.4720524903743187,0.14546613601296823
Application_182922092,0.039451022340938946,0.028269708302533336,0.07025461676458941
Application_1829465439,0.4953712552022096,0.3434475210633618,0.2855827397706472
Application_1830904674,0.012529325955685027,0.14730303827185656,0.15339763661467243
Application_183632538,0.03130591619508985,0.7130358479608778,0.02529084379559364
Application_1838422205,0.03613652081726438,0.23303778582082607,0.265553751857021
Application_1842714490,0.5245338181637401,0.2926886219638456,0.23958465882016633
Application_1845304792,0.012229848331541504,0.2865252753420486,0.17882238165906808
Application_1847941837,0.03919508597469291,0.17669376544588358,0.15607031268393165
Application_1851114662,0.061348235252780055,0.2785844828812387,0.2315801872261928
Application_1852038532,0.6181178370724232,0.3487623585907661,0.24373946475748354
Application_1852468311,0.002279556314866541,0.7028367074055111,0.017713089002988316
Application_1852526721,0.6833940956753564,0.3623641005285063,0.23278618478781668
Application_1852628062,,,
Application_1854749956,0.008517222685839926,0.6817191023009681,0.05069472737622839
Application_1856346499,,,
Application_1857098025,0.5026324544140895,0.2850443159672232,0.223588089416088
Application_1857619478,0.8711094194569161,0.1533251706395173,0.1832853086776572
Application_1859379497,0.7784531812503083,0.11126228100600036,0.1608738948739497
Application_1864387636,0.6883392955528085,0.35505699585931233,0.20224851702466787
Application_1865277109,0.046500490900384196,0.15890881326324735,0.17854799571541596
Application_1867969937,0.05228394568260902,0.19132722690425746,0.23849431555930847
Application_1872539769,0.6183670258458628,0.3444712082528971,0.24561997420769685
Application_1876989319,0.05757618541858285,0.23688024580637385,0.2412619310679063
Application_1877676656,0.017854105582903037,0.11766832900113172,0.15966037543299458
Application_1878673010,0.07753003263986348,0.22113116415888595,0.17259177270300996
Application_1879695569,0.4618476681077505,0.28705517535348923,0.24718608903392034
Application_1880444445,0.009273602853394925,0.11453662009618826,0.15184236462324152
Application_1881424313,0.7109795115897214,0.3042975456627974,0.23843286019908647
Application_1884834968,0.30753430027469886,0.42044639774357667,0.3310327342321576
Application_1884873765,0.7374879241920439,0.09769383056264763,0.17806900157065722
Application_1885207570,0.001848235901510597,0.689087909831854,0.02219016798531892
Application_1885469174,0.7151973506922764,0.16060657268353837,0.23869995342578246
Application_188576817,0.35421608425943585,0.22161634412821582,0.2097486704269589
Application_1888419543,0.3945264697445918,0.29841997953769567,0.22352000703254926
Application_188850562,0.6763278628217726,0.33222865105399263,0.23585134752189013
Application_1890393126,0.36858369444257205,0.3142577346242811,0.2376331762280302
Application_1890584729,0.02277696949336373,0.3520364979021625,0.08649995966983576
Application_1893357428,0.5244466420944509,0.3171352412926885,0.30406161976357976
Application_1894570534,0.7189910214986684,0.3625928347337751,0.21810493658896912
Application_1895894636,0.2759564935276491,0.32565257704549916,0.2385874844646715
Application_1897820022,0.04542440804262446,0.19536818799032346,0.22963428921930396
Application_1899428502,0.008684170092105474,0.7100708128458343,0.023668180976859576
Application_1902806949,0.6382843215773527,0.37443491825077646,0.21965383620929524
Application_1904399849,0.07053742756174453,0.2401347538821375,0.2694609252264111
Application_1904410758,0.10432016734524831,0.05198171209360672,0.07381537784653103
Application_1904511216,0.5106230961851417,0.32649847920471947,0.2575597700464424
Application_1906778574,0.028826481239125755,0.6848491189030727,0.01968748889433157
Application_1908110751,0.09030041601274902,0.029305090373805576,0.07277561745797219
Application_1908308402,0.6676584555913796,0.38596202334041174,0.22554327429895044
Application_1908458446,0.40621532964873097,0.31227082240932297,0.26287503184847527
Application_1914390950,0.054029331774247145,0.2248526054737447,0.2154547160450699
Application_1919730327,0.5865204178551661,0.3232708491621557,0.2153244633654955
Application_1920232219,,,
Application_1925010934,,,
Application_1926789577,0.5178448437871978,0.3540537220538053,0.21869219015157956
Application_1929631403,0.7272456509063842,0.050931924521713745,0.11825273602715955
Application_1931704378,0.08744225264951969,0.44555805003903715,0.21182400219751915
Application_1932624040,0.44834591603696006,0.3434419001438139,0.25296296878578156
Application_1934948421,0.016353435931173315,0.1472046210094567,0.15180588115016824
Application_1935597097,0.542077144228814,0.31871639696391335,0.2398992635398997
Application_1936347488,0.043111785127192596,0.22305928845290113,0.2280563827216623
Application_1940338756,0.4852420439106769,0.37248487084602755,0.21820076995947238
Application_1941108214,0.03601903434169611,0.2165615313336531,0.1916483320076568
Application_1944320284,0.014935985926492057,0.11342559603084862,0.15226338974439016
Application_1944829518,0.5667453114253096,0.37046072080982473,0.22726350825637134
Application_1944900634,0.0024918675173140506,0.7364288729096125,0.016258041593716115
Application_1945402743,0.017157064178356263,0.10673530800900777,0.1473928599723917
Application_1949515607,0.4552291845315497,0.3104604169089459,0.24318164177825274
Application_1949846024,0.03037293162067819,0.029601980550565843,0.061526063706562335
Application_1953879081,0.10316356143911036,0.2565413921267757,0.21206728560843238
Application_1954259009,0.43753264235093375,0.30767385577428147,0.24801897140655055
Application_1954960506,0.19627882770421645,0.23943920076367825,0.21346283859662912
Application_1956252093,0.8828966618506128,0.1948002078338978,0.21842467809242203
Application_1956766805,0.7166603376788303,0.3621887901786926,0.22413841250776614
Application_1956791928,0.0032592622363241982,0.7285013085530958,0.014091204450587048
Application_1959337414,0.013507482800601652,0.13327272513503377,0.1609157644928699
Application_1961240923,0.01651024836858601,0.19045459289910865,0.18514291263761642
Application_1962627507,0.05914408140366383,0.23650874909920766,0.2342547040417198
Application_1963573946,0.08785641813055117,0.09866524890710643,0.09574944941750604
Application_1965500474,0.5911341637134373,0.36602701026358614,0.23407915702645485
Application_1967206176,0.09073018550512336,0.053305310794776545,0.062204939048743246
Application_1969146161,0.5245338181637401,0.2904070976524895,0.23434568241975845
Application_1972943445,0.25321045107962026,0.39071471774446803,0.33655175577179985
Application_1973228648,0.24407276343254788,0.4067649246486799,0.24128226243783624
Application_1973370956,0.34033331788086,0.47197370276712336,0.30449948665519444
Application_1975875773,0.29490152892546945,0.22005683810052212,0.2685723823605813
Application_1977245249,0.512125886912028,0.28096864698907253,0.23261869055253612
Application_1977495845,0.5210297812083509,0.3296464019908488,0.21089993817968006
Application_1977527226,0.5278111867059126,0.3297600117313924,0.22977694200902773
Application_1981765819,0.42732103295966817,0.3103322304972181,0.23633813286658525
Application_1982607878,0.4592750734610935,0.4703502196961079,0.3116056472345835
Application_1982733114,0.4476324371486907,0.32248404256547164,0.23740497073300443
Application_198353249,0.545769522368289,0.4406282533412794,0.2490185967331188
Application_1985092595,0.07261182309151538,0.24634174309120993,0.2269475317558609
Application_1986031641,0.012567895696735791,0.3261108436653805,0.18091893994499386
Application_1988315370,0.5915586197624606,0.301515697833134,0.23197532405101745
Application_1989747549,0.03030157569851962,0.22712425356005989,0.21843696731845147
Application_1993223899,0.5567924212038926,0.37311701117360263,0.22728960639754428
Application_1994370200,0.04712078222491244,0.191141745997038,0.2324387729748236
Application_1996626176,0.02199874146453852,0.21697881550357812,0.16142736025561422
Application_1998761870,0.003632594460491673,0.7155091557442641,0.014221050829908549
Application_2000724078,0.08728223830675036,0.3420175600699985,0.2651473304215114
Application_2001671275,0.5556205016778297,0.292638504312578,0.22782174322474635
Application_2001914382,0.6103224011800676,0.3841010632556025,0.22255832160291156
Application_2002095565,0.1262081153068457,0.2520991178489621,0.2567653372275424
Application_2005181988,0.5435731652051404,0.39345783469899376,0.2885512002538591
Application_200571610,0.32568449881987316,0.4007314064619775,0.19722407235270625
Application_2006347468,0.46908520501327133,0.43621929331438325,0.27274711565139187
Application_2007510123,0.2937422170069321,0.3187449909389012,0.24274167374385328
Application_2009636245,0.0190798195789745,0.7309227510043009,0.02255413203190501
Application_2011400542,0.08951068826183275,0.21636474419882823,0.20979266995180088
Application_201226585,0.45847779003666334,0.2906767348885869,0.20760035096174032
Application_2014512878,0.7002195770128277,0.362450533304252,0.21773606783523022
Application_2019039986,0.6051649104161142,0.0956394773216967,0.15350601178947637
Application_2023182441,0.08622349232046347,0.1994807315601546,0.2455044377948346
Application_2023495877,0.7466551842648645,0.2710360948967106,0.22632932603463235
Application_2030977794,0.5081172127876219,0.310901314744282,0.24978847058157583
Application_2031722279,0.3251474208813704,0.43376418861253574,0.3065624660542264
Application_2037628374,0.9566800031576767,0.10258322249702836,0.12309940697515294
Application_203882577,0.48147726128911794,0.30050091262637374,0.23158866322451224
Application_2039555176,0.6672788805072498,0.3535819315288517,0.22842871945163856
Application_2041082181,0.09280909277622001,0.0561991060885548,0.08648645757092885
Application_2042250346,0.020727468768774102,0.15353418413362696,0.1510293557972669
Application_2042825617,0.008469991320696533,0.14654005932238331,0.17251438792242133
Application_2045238910,0.10485199960575002,0.08724027036215845,0.1015816574785395
Application_2048074537,0.8754213857149605,0.13470596491532597,0.18584837889957456
Application_2048493250,0.09397413495137641,0.0741471206514406,0.08707611542364879
Application_2050505348,0.9319529065650717,0.25899668562560596,0.2460287098879456
Application_205371665,,,
Application_2054208799,0.04911052274307278,0.29328833579232405,0.25789058519361563
Application_2060163290,0.030455246513554735,0.11878929976400945,0.16064736130934157
Application_2061057770,0.06563013754549665,-0.002184967337902466,0.06717051732213433
Application_2063478609,0.7905957644782413,0.30345240125224743,0.22301969360112986
Application_2066286831,0.003754496601911625,0.7106290955283465,0.018405147657376268
Application_2066994465,0.725983591557603,0.3791804545824045,0.23100244247932958
Application_2068346638,0.09712984665369354,0.028408466657161513,0.07033581856569
Application_2068604074,0.5135220683921855,0.35496256584469826,0.20956368604962297
Application_206952436,0.05189634062156936,0.2450672271203067,0.27845071456608705
Application_2070562676,0.06660731632477421,0.28248571479674,0.22674079734049887
Application_2071699900,0.48045990210906225,0.36632974938405466,0.2135875870948912
Application_2072289125,0.22387006375150578,0.4273818527672616,0.29400995170710925
Application_2073308243,0.6935616500567741,0.3735811358797919,0.22961663616253317
Application_207339459,0.4990370935483939,0.31599392687540606,0.25089310004260185
Application_2074797883,0.8873078239322042,0.07551234579183286,0.17920653578178525
Application_2075758729,0.4343264429955622,0.3386855614449835,0.24977277644982637
Application_2076467866,0.2787795182523076,0.18188017443628907,0.18958944127370814
Application_2079651515,0.2742281891571584,0.4331598133115959,0.33485644498539985
Application_2082068141,0.5304524044612285,0.3989924853395539,0.27855249814565364
Application_2083246665,0.007690226922876791,0.7128969244629817,0.013408803878779907
Application_2085277055,0.007513448932278464,0.20513436431510154,0.14824593440291084
Application_2085485499,0.009133793452496639,0.1280627351244824,0.1427955041801041
Application_2086489211,0.05454027016477886,0.21836682147802977,0.2814650703319552
Application_209271407,0.04324197658219657,0.17773799467880394,0.16973178097458994
Application_2093418706,0.6200911147573225,0.32974609873303634,0.22328396449435783
Application_209353363,0.12070223002935782,0.18735546633738387,0.1509529054469447
Application_209668210,0.7968918325756836,0.21479569463483406,0.23645998621030342
Application_209746504,0.4575613201088177,0.2909351472909832,0.23239876360988868
Application_2097853213,0.5059625136926096,0.3024445482620119,0.24241331133403532
Application_209920715,0.014348186332778715,0.15813939624055864,0.1596501267068428
Application_2106682825,0.01854967994245812,0.14503723285078413,0.16792192754003865
Application_2107058398,0.12159148185634767,0.27561676678889585,0.25656653593690565
Application_2107470141,0.5446310398782997,0.19547142693961767,0.21204100455486016
Application_2108739778,0.5120454728046695,0.3005952732611207,0.23726183973031711
Application_2112486601,0.05882809665364508,0.24474781555468772,0.27423365110934983
Application_2114228749,0.558960491684205,0.3597254558047448,0.21963028316536595
Application_2114397242,0.1884272655084878,0.42102738859242594,0.3268816847188256
Application_2114478093,0.05941382605175635,0.18865905598433477,0.2360008631201958
Application_2115000513,0.008713447926179431,0.15165304884295996,0.15729098615012713
Application_2115467803,0.0024014337096513864,0.7099562248947668,0.012259944744571438
Application_2119233610,0.00946994004593013,0.13800920687255439,0.13699993683574427
Application_2120648830,0.06617810382857,0.2936173474377328,0.2321636161089865
Application_2120691848,0.0811244675834493,0.012930163980897968,0.06087505284936245
Application_2120756983,0.08965170568677015,0.27783918064441526,0.22639996255975547
Application_212230062,0.555172002243617,0.30551714936754665,0.23992662614975757
Application_2123037823,0.805734100567172,0.07882351475532962,0.14239275971501647
Application_2126227408,0.03030157569851962,0.22848908615125252,0.23375621749104775
Application_212827687,0.8773481893549285,0.12330113597662185,0.16036555482634626
Application_212928330,0.5677499716606565,0.3507824030573902,0.2073268647127514
Application_2132280763,0.5732527835524163,0.32463321657287314,0.20151156068783763
Application_213454046,0.6214422170978244,0.10870994065027825,0.14321189600739703
Application_2135846806,0.3898522363967988,0.2775611014493995,0.2161082508202775
Application_21361855,0.022440805871988937,0.1982889020703773,0.15640544406520468
Application_2137284046,0.009281394685932056,0.7064979091459239,0.028514822465103368
Application_2137965722,0.3081410419641244,0.5117663948607152,0.36024935794419544
Application_2139351766,0.06266812331750475,0.1145675234971594,0.09131171821505471
Application_21407155,0.04786044649876469,0.21733908715856948,0.2138854372803979
Application_2142142895,0.302213050297577,0.08775778937775569,0.12700503167376562
Application_2144122462,0.004640149713135107,0.7418200114311517,0.0172929779261149
Application_2144168420,0.5420488625638975,0.09011543200963826,0.11549904527173056
Application_2144661227,0.4413632323403165,0.34958837858170466,0.24595045132364607
Application_215182354,0.010610033831013634,0.12059961547162878,0.15361875446309944
Application_217533223,0.002589018752093634,0.6998171019679599,0.02498803481478091
Application_221972358,0.013129360571991608,0.029623709921489105,0.041310480198908935
Application_22464644,0.8172835425060162,0.08468404330293264,0.1356695968267883
Application_224754370,0.007424077006378358,0.7243196967730918,0.017774358669048432
Application_224813522,0.4807123597632781,0.3134227442080893,0.2397154947669883
Application_22510455,0.677792350572647,0.08953240038048388,0.1453027258414899
Application_226261488,0.04125351312578038,0.21774282592850686,0.24203622010845574
Application_226937754,0.47763074830816643,0.3081271055055758,0.23700255387716815
Application_228704236,0.0059351511089070705,0.6340108456684068,0.06203100211046793
Application_230223373,0.3193386439123198,0.21643813422804345,0.2252042546117087
Application_230883551,0.7237185761202811,0.34699996609100825,0.21535173530693877
Application_23155824,0.5262235921769289,0.3553280298586243,0.20849713057868666
Application_234107884,0.9080142089133937,0.12471077889079715,0.1584581298414518
Application_235397842,0.3775563528741069,0.3387531446360244,0.21594067350347915
Application_236278083,0.5375786752724193,0.29394234642700534,0.23870744476524478
Application_237507077,0.45608926927979343,0.33769331601738045,0.21026752710549315
Application_240232555,0.002986972794793298,0.7276350752616731,0.01630913177413581
Application_243166408,0.5552050238703918,0.33130500992918216,0.21279739969903996
Application_243699734,0.008018935797184164,0.13350486818019192,0.15978579996365086
Application_244721799,0.8575239989490353,0.1137710005297497,0.1989376923920398
Application_244735779,0.00847798229338618,0.21554589333924962,0.168218980217155
Application_247080311,0.017467377303870504,0.162807815186171,0.15409752309697494
Application_247978091,0.6796289830645572,0.12185079681472272,0.15365123431171576
Application_248502899,0.12993262101809583,0.269933389499181,0.2560552093939756
Application_254078930,0.7257769276944562,0.2961298799114209,0.16162280164320308
Application_256387624,0.8098149321961752,0.08016776942998224,0.13891840003199296
Application_256910374,0.0024126301063263638,0.7225888588107428,0.015067140322955629
Application_257501952,0.13765171007495902,0.2723852736146776,0.25604271434022
Application_259138296,0.60205439973366,0.12159578426509027,0.20976996059817435
Application_259616336,0.018381173989256764,0.25149370165415885,0.17392815300402953
Application_261369076,0.02803794514746116,0.2754667363889417,0.046938078860880784
Application_266785750,0.012529325955685027,0.14730303827185656,0.15339763661467243
Application_267056796,0.053853674524376755,0.2284728330995674,0.22135158893574391
Application_270049565,0.05848561888295176,0.21332293980245864,0.23974022758293567
Application_272280744,0.7066443669407506,0.2831326087762082,0.18907108417005078
Application_275583545,0.06166163785611064,0.030994748079238577,0.06641802006419265
Application_279418875,0.01236966110937006,0.11647058034843538,0.1483365054366609
Application_279903864,0.14898453710358062,0.26793029166832,0.26003844232979806
Application_280204698,0.842776524768694,0.3055632682919241,0.19275813998591637
Application_283291072,0.06573177950023941,0.2511517961822731,0.26584961971838467
Application_28650741,0.40491097288511513,0.3644777007437611,0.1988932537770686
Application_289242623,0.6599176858844655,0.3234695935092825,0.22078678867811533
Application_290853810,0.2739838866347692,0.44591057415179036,0.3384239800189257
Application_292538021,0.7448503212493329,0.3414302592923685,0.23830767664239258
Application_293218181,0.5902714655474361,0.32449608556305265,0.23648658683792656
Application_293711004,0.05501556832794762,0.2227010785814237,0.2784438284475467
Application_293784002,0.007952568745732042,0.1606097087647449,0.15507443315067485
Application_29643939,0.30308299403729705,0.14350023062289302,0.13677903302151087
Application_296732482,0.04301274484337769,0.030772522222822785,0.06866140083272539
Application_296929011,0.2970497305618917,0.525033192989951,0.23432029069225702
Application_300330924,0.7109520156164927,0.3406116930341931,0.22924549789679188
Application_300537283,0.5849797732017866,0.3459289700784776,0.2088415719734925
Application_303989070,0.7461873788103297,0.38769821135857435,0.23147936494726062
Application_304064538,0.08070471891624746,0.24904252878108551,0.21803266654280132
Application_305127122,0.025544041795221562,0.18860458622976228,0.16603283870760224
Application_306247214,0.7174411382144276,0.35852959962307257,0.23043878601366644
Application_312317308,0.6018645868085083,0.3438912681356256,0.24495234514231778
Application_31323455,0.3699778059142482,0.35272311556769514,0.22122845930504814
Application_314699807,0.519272990190056,0.29756912385258055,0.232019902732103
Application_317371813,0.08070471891624746,0.23269626456253734,0.22168574871402838
Application_317775008,0.0650150795628365,0.009885765969798233,0.09078131397856343
Application_318786171,0.5611797948319467,0.3513230212207965,0.2100406548066278
Application_319349339,0.5602600164428821,0.3649435706494499,0.21085214820462023
Application_321274541,0.09093143672495478,0.24544363270708636,0.25963134991195574
Application_324103267,0.7337374536493574,0.3234447952823142,0.25034645885311574
Application_32426870,0.21192191974981725,0.16138398154873185,0.1123836474405787
Application_325616282,0.40357535063632954,0.4080634339408179,0.2414301396675782
Application_325784094,0.6054293982959923,0.3428135022787909,0.20793511353049657
Application_326755186,0.2943514446613043,0.43140323868354535,0.16232015665888064
Application_328388149,0.7132034845034869,0.34593002683056145,0.21755029200140394
Application_331057835,0.6383987387601046,0.11063873080599923,0.1641697685949718
Application_333578134,0.005646551512917593,0.6023745050110481,0.06819404773856154
Application_333690054,0.004564759824965754,0.6983605352614349,0.02091053506237013
Application_335023490,0.8523754435381129,0.29513100061334485,0.1996577325706067
Application_335474007,0.4186838983195508,0.4098524124821792,0.2864181424381276
Application_339180061,0.011600623999291912,0.1653361057044166,0.14951743526913186
Application_341953107,0.5598036793059845,0.3604838653713046,0.21862470769873585
Application_342651210,0.5213621118463478,0.2824521037051454,0.2445346004798472
Application_342847155,0.08209374154533583,0.22224474058368593,0.23588698669740718
Application_343582223,0.2138472717286945,0.1546318673164554,0.09804555548453035
Application_343910252,0.3068506283650603,0.3969910302725343,0.32529380987830214
Application_345336220,0.031212377589172,0.1943131138497755,0.16471695757272864
Application_346042050,0.015468101345646452,0.020260465793504545,0.03834652181816448
Application_347752818,0.5693198506349089,0.38219933132362116,0.23150830288358284
Application_351467957,0.5130968801180322,0.2880217124916623,0.22096255323871855
Application_353184979,0.058539932774104304,0.22838415604553908,0.2273583742408623
Application_353245935,0.5731168741811363,0.3464698120138151,0.2345968161094748
Application_357088901,0.07093024234528046,0.2525038191427045,0.2609617477295876
Application_35750569,0.0036957381526819,0.7107581175093434,0.017700520717846318
Application_357958889,0.5997501560774756,0.3433386615786259,0.22072080973145486
Application_359467139,0.008482370674634488,0.11209137455450677,0.1325820351668647
Application_360751084,0.0018747006285454997,0.7198967005234818,0.019040147799080486
Application_362934273,0.5148553480479631,0.33092542308453166,0.2239281388027763
Application_364658802,,,
Application_370235829,0.06660731632477421,0.28248571479674,0.22674079734049887
Application_371014669,0.002728682746337052,0.7115256489153918,0.012178372935745195
Application_373770977,0.4002323629247246,0.34360572946018175,0.2138173308645501
Application_37796637,0.6683703395584252,0.35267581662601255,0.2239591849418597
Application_380387500,0.5396344483270437,0.3450967749674993,0.20508794237591893
Application_3833217,0.007363546674839269,0.12233217393501855,0.1481830393531813
Application_386532778,0.38156508409222945,0.34082939161078574,0.22538805741330092
Application_39469630,0.5710245451317172,0.31873862661949875,0.2541081087540944
Application_394826272,0.0414496292930133,0.15207324275901157,0.197543611852046
Application_39557309,0.3419753358363599,0.3723978706731627,0.23070075564629494
Application_396179688,0.0018421935129192338,0.7407019763167579,0.016928956289237917
Application_39976522,0.12295705211927192,0.06818295428363033,0.07663709117925138
Application_400145410,0.0034927542058481574,0.7260915127388534,0.01422666638155702
Application_401788441,0.06576380569053743,0.2493914031959791,0.27738986505662677
Application_403880003,0.005387053590940681,0.7270331766113027,0.014381455913463749
Application_405345335,0.05884871035940511,0.2597571389061071,0.23482039739584393
Application_406765375,0.506991677328031,0.316127537836814,0.21794876401874488
Application_408470260,0.6709024596208962,0.31673622734738044,0.24115218896904397
Application_40942733,0.48857663514794375,0.28736482075364783,0.2296718269229401
Application_410219953,0.01766211436577209,0.16410604716550792,0.15202241255813262
Application_415628899,0.0030273090695314363,0.7277036459300643,0.02243664656967563
Application_417956700,0.24008635932439767,0.1753546680811695,0.23333538240584292
Application_418469024,0.3394703663912076,0.5766003510887363,0.33770293366205234
Application_423284802,0.004220376669422972,0.7133485705929474,0.020202632530498924
Application_423371990,0.8526941887261985,0.3072064931926111,0.2915334954673804
Application_42358012,0.6445354937958634,0.32447430584888437,0.2128325589659399
Application_425370375,0.012529325955685027,0.16086580152421986,0.1571549060796336
Application_426373580,0.5698993020966797,0.34499313467179094,0.2343233850845663
Application_427259310,0.5341459043127658,0.39134019019912547,0.2362291801372791
Application_427792625,0.06159867840076951,0.22698465989115313,0.22922212993587657
Application_429432940,0.5962499604658426,0.37943133880031954,0.236025655335483
Application_433475182,0.31181959204540755,0.34448000478574003,0.22415964901668003
Application_434948168,0.04660288603748024,0.19722466727985194,0.1602279500798527
Application_435727545,0.07277997223359922,0.023708895591685764,0.10713592382184148
Application_435761359,0.0031128119747601333,0.6888063421254786,0.026111185222102675
Application_437630836,0.04593286068344787,0.21421128908723885,0.18759989969935142
Application_443577191,0.04713441485271911,0.1866585293264081,0.16018873415789425
Application_443644223,0.8619933670798997,0.16636084947122917,0.1804199054915826
Application_444182929,0.49994709960146244,0.3098631847503863,0.270980705015964
Application_444408080,0.0021425983128969353,0.7316694951248185,0.013876000382665177
Application_445088523,0.040595537477169256,0.05630101946448618,0.08563487440479713
Application_44622879,0.0025150671287961696,0.6978026399305249,0.02509455856589879
Application_447427583,0.018136009964450726,0.29375635090623275,0.16790202264386897
Application_447612600,0.6093026147616052,0.31887587056291494,0.17909099977207452
Application_448703047,0.28131725490153753,0.42991857385900767,0.3436270700305517
Application_450313645,0.061433947192262986,0.2725384714201175,0.21752035335302694
Application_452765665,0.011394404042760861,0.11125331333172472,0.14182308816865197
Application_45620139,0.7901369091659393,0.24014679131277492,0.18609326054190775
Application_457566844,0.7800553438651563,0.0903821377969446,0.15132888950893691
Application_460249900,0.07925461538071749,0.23923647773654055,0.22798245138226028
Application_461610180,0.0649512615556328,0.237854613453802,0.23357655083255957
Application_465577412,0.3815604193786918,0.20807728358292982,0.2298393456157938
Application_46651536,0.702377959417013,0.3370275417088502,0.21401916081435143
Application_468569363,0.14898453710358062,0.2399243968367404,0.26108485342284776
Application_468653475,0.5865204178551661,0.3232708491621557,0.2153244633654955
Application_476277757,0.1221119749643398,0.27039041675334413,0.27862799725646936
Application_477329320,0.7220992679713035,0.3603542675396235,0.21097765933518486
Application_477421113,0.2919618334835543,0.33650271896217127,0.26680690403711876
Application_478157343,0.008162142760693956,0.14607370021828536,0.14108675118904224
Application_478992615,0.04546192312772868,0.1977484050990714,0.20775358244217496
Application_479890307,0.5865204178551661,0.3232708491621557,0.2153244633654955
Application_480755987,0.06846777766104188,0.2105194425000136,0.2287263970672111
Application_48288644,0.5754047365165029,0.3315650842537255,0.22786882420071713
Application_485161642,0.012503784097935303,0.7257872041878235,0.013181501001006233
Application_48564583,0.04342263535396108,0.6739457613589279,0.03744093342852219
Application_488044029,0.005348983079183957,0.74623213982399,0.020117676342515833
Application_488496337,0.19767202516909435,0.02147123187385941,0.14102728156283434
Application_489715983,0.018567348091178156,0.15098052827922037,0.16300105226559178
Application_489770374,0.36368799989979333,0.3610086344153713,0.24165508193186838
Application_495116903,0.3822193892787566,0.290960930155814,0.2237384750262141
Application_496769388,0.07021739369739892,0.023685196304811973,0.06789497882284051
Application_498298032,0.025961889134727502,0.2598486522235267,0.15533564330084362
Application_503535967,0.05219027966377525,0.23744099190765425,0.2532722380068485
Application_503826692,0.17808132716033115,0.4384312681880793,0.307559824932632
Application_503892757,0.27563351103546885,0.3094501748474584,0.24013599347385708
Application_505169833,0.8151459606973154,0.24723769721855143,0.19663907702292
Application_505298319,0.009330991050885466,0.10323948942419908,0.16709544449872724
Application_50614055,0.595644366010828,0.30584269950504195,0.2355366757431604
Application_507784507,0.015219677443187817,0.7341147293508217,0.017189816267459038
Application_510414837,0.9563306922488992,0.1289877555058507,0.24022773670624517
Application_510980371,0.5222448985795268,0.3502913676415551,0.21076740809204145
Application_51428214,0.4771176886144692,0.31369081244303415,0.24911851313293432
Application_514302389,0.3173007184701801,0.30630164682899713,0.24723707037516085
Application_517927839,0.7437336633604993,0.35651387712747834,0.2270313046444557
Application_520057794,0.35979207570650124,0.36934803878211253,0.23019953411433158
Application_52093579,0.7069116037247419,0.4016705121610537,0.25743216607217684
Application_521868863,0.522093843878375,0.292144357913987,0.23118067686062793
Application_523198484,0.004101576675787395,0.7339179324739649,0.01958837937070246
Application_52325620,0.09792209628350446,0.2226294010372548,0.2809604928668783
Application_524545559,0.3246481623868773,0.15596852863423818,0.20191435470915964
Application_525084312,0.4206843553581058,0.3088675120825289,0.25179746496802324
Application_525601378,0.01784262410171773,0.29524120988434555,0.10126603106186852
Application_526102725,0.7069342504821132,0.09511546906328427,0.14635444684508025
Application_531070131,0.7220383804810495,0.23036663624675108,0.20214768100810201
Application_531609459,0.5815118127529503,0.28254405580137826,0.2265310351896602
Application_532242973,0.2684381903906848,0.41148743019901135,0.23989632395343327
Application_533465776,0.01984923215791706,0.03048457533300092,0.04974957320400947
Application_533980988,0.07460606547061277,0.6658390779613066,0.027227670164312184
Application_53401839,0.020520155546507393,0.1914706603434693,0.20180565711476728
Application_534041276,0.3294725997820809,0.16719724072450892,0.12250494937045783
Application_534916861,0.7935668430590812,0.17135587832012006,0.23193199695735078
Application_542806806,0.004203130653420578,0.7344305212356019,0.015234020209910614
Application_543796951,0.8400399845277993,0.3142868073752789,0.3213897857872004
Application_551250915,0.06680711728458552,0.24999724082562372,0.25679296142259017
Application_555300278,0.07120348677575172,0.189341925837948,0.22827379631848163
Application_555399999,0.0486846945018561,0.21298680409697995,0.19682955362811108
Application_556726345,,,
Application_558224664,0.0107448398756495,0.1666890536286711,0.1344983183855794
Application_561276012,0.05720559259637444,0.016642822403428625,0.06586643164563685
Application_562856588,0.024798111879927004,0.14505262177903586,0.14918102312694975
Application_566579030,0.48667925386896493,0.307743915260161,0.24149910098280974
Application_567832681,0.053801795475667616,0.21493868102081296,0.27482265967353736
Application_568412620,0.7297821307618603,0.3542026716569333,0.23349654045577964
Application_568657523,0.058215503199059805,0.2372648197797287,0.15382793321988153
Application_569667899,0.26374287468007,0.32383242905202936,0.2531236787109403
Application_569929503,0.053468254742208815,0.6131543877859589,0.06446596032792086
Application_5709416,0.7743429593208025,0.3183900450048714,0.2077466739863243
Application_571141074,0.04266478840132435,0.3006641940460371,0.04148500163022525
Application_571266372,0.05654208085111446,0.20590047905601308,0.2088369412427437
Application_572015408,0.5677499716606565,0.3532049841594487,0.20424655478627227
Application_572065432,0.689241514703913,0.3318270132495069,0.2695583775746998
Application_572693072,0.10637781650755239,0.28798942873031813,0.24029761966404847
Application_573832670,0.6923516487360667,0.3421891966948976,0.21008701089380988
Application_575518856,0.7602209218416236,0.066962399683792,0.1249228585834932
Application_575581585,0.11650607680273439,0.19755592056278176,0.1378045486403481
Application_575944975,0.6747067628370551,0.10882976007521636,0.17183721012266515
Application_579446128,0.08614319950481177,0.23665062411641083,0.22058195026139887
Application_57947552,0.008114074207709661,0.7194851404410394,0.01623342383362947
Application_580307478,0.4595518719279039,0.3772527405583197,0.27304590648440863
Application_586220850,0.053487223474733586,0.06051117216471097,0.06663315995042016
Application_593651416,0.007251427965166171,0.19018674177812156,0.16372924321494578
Application_595320620,0.05716509295442862,0.18170810274301336,0.21408123573955334
Application_596200989,0.44528424605758155,0.3065835120347465,0.2401201521359468
Application_597453957,0.47522551358748155,0.3211978031878139,0.25419937157202893
Application_599737805,0.004408521377444027,0.7183533333444649,0.016388586816058072
Application_60159601,0.25220972643031697,0.3916779473898908,0.28621418952153166
Application_605202707,0.010585536601694447,0.21537975594630468,0.18868989375698245
Application_606294488,0.20280509184075,0.027190364786585486,0.1571004461285646
Application_609549109,0.5202132680371028,0.3253026714509758,0.26176638296640103
Application_611961345,0.027255089463917196,0.2750974064894716,0.1686687078724465
Application_613282920,0.05402967389186763,0.6738046565423124,0.06979048257424016
Application_614598233,0.17647179260695947,0.2787103261408133,0.22364427084329946
Application_615423212,0.038425637153034625,0.25430891315030607,0.1673187661064583
Application_619601205,0.06196022094760118,0.1828973268180096,0.24919142458174207
Application_621848056,0.06968220156589464,0.1254097703005032,0.11767669341419712
Application_624868389,0.1000375084064805,0.2312610191416532,0.26506576860103276
Application_625865403,0.004084009856109946,0.7426916970597508,0.016751041196702617
Application_626676600,0.5556878816177947,0.35171100703013897,0.21000406508971564
Application_626804169,0.01905097801119274,0.24331537083473637,0.18507246492588697
Application_631926508,0.6328251094176389,0.47274788452172695,0.35003001084984003
Application_634611718,0.794137556464226,0.04519656275783429,0.0962522665585831
Application_63629581,0.3008935111910928,0.31596540131047923,0.24765327673211124
Application_636373104,0.21100466721431263,0.18830901153820734,0.16480827518672203
Application_636936558,0.014246215376320806,0.27166426785350556,0.16412118410925522
Application_637668440,0.829016771121047,0.06247430863555711,0.12605584275450124
Application_638063982,0.06263374086870883,0.24303648427680136,0.29411756061223526
Application_641412341,0.011644855154745873,0.7141845859495733,0.048658741548756275
Application_642207018,0.4836527780653603,0.3204903600983904,0.2520196801043015
Application_642241213,0.09714564922450959,0.27193491691228405,0.2729080656853862
Application_643473779,0.05037631805979351,0.20372085150007305,0.1868717140103002
Application_643886215,0.15027161242558046,0.25179990541621106,0.2743003881665856
Application_644358883,0.007908439903855025,0.1700399963740247,0.16276501529895812
Application_645021443,0.05511857592558555,0.19121903846286745,0.25109477830732213
Application_647094276,0.757070295620538,0.3217653641868859,0.2349529076692066
Application_647762796,0.057722761489348226,0.228539785336635,0.2273524327424868
Application_648078846,0.6152897762533537,0.27291919326833614,0.22527937624781413
Application_649073329,0.491262548794972,0.32610268264393866,0.20609815982285942
Application_650036394,0.0061312815244764195,0.743868257461624,0.017350208123164124
Application_655459679,0.05756894058116487,0.19642607743687374,0.23428919842888712
Application_656831331,0.5999606986548673,0.32333707856107186,0.21500449449713202
Application_657686177,0.7510615030329408,0.4133255686230917,0.23810644143090073
Application_658380691,0.5375786752724193,0.2922558268707215,0.2387141425265302
Application_658560478,0.06169723689474834,0.23463688253804954,0.21319087319655225
Application_658640561,0.29061244219813887,0.3449148195533554,0.26093185658178464
Application_658669371,0.5267489566717208,0.3000946581418248,0.23880610952750259
Application_659649199,0.2838999354850948,0.4376325188344981,0.2767126201520161
Application_659943365,0.2838999354850948,0.4123640558821375,0.3281329457004258
Application_661843212,0.013465951765511477,0.15857482384386554,0.15043881168642512
Application_662150009,0.015009728193488414,0.21732365692128625,0.13435408768940957
Application_662648071,0.020743748906871647,0.23824807680402543,0.1789310527597292
Application_662953436,0.1038918966565294,0.05008313955953664,0.07468012053660418
Application_666795476,0.010694196961286356,0.7154960483114491,0.013960499245044824
Application_668080527,0.7297199139729103,0.32181952067283365,0.21709206703071504
Application_668971390,0.7441946786498838,0.08466466514889681,0.1353906646843208
Application_672913902,0.5003765412044558,0.3289744499022022,0.2450546950262572
Application_676003569,0.07526519887556309,0.02184252448045032,0.06288493297989542
Application_676856881,0.6570159260991094,0.3499932812084779,0.21530572888063526
Application_681495041,0.006518328678680719,0.7290690999085035,0.01682544069970103
Application_68205985,0.1048799404889654,0.25105044351502903,0.26073955122247494
Application_687290320,0.5208064449538085,0.3387042282298552,0.21532861148875054
Application_68806956,0.5027285077570296,0.29757542220069694,0.22739819672134162
Application_689308430,0.6433833587301868,0.34893850558638345,0.23794913226219938
Application_689354983,0.059136038657375864,0.2513977535759845,0.26700379306884225
Application_689626069,0.8673768547339933,0.051720987922236894,0.13052760081267467
Application_6918840,0.8089983370335593,0.11452533294784933,0.16677770918794063
Application_692524901,0.00314412624000813,0.7042481468626729,0.018583176842873684
Application_693133202,0.8523353790531203,0.2704338967387103,0.17258949142560728
Application_693454125,0.08687667207654706,0.04431514602057246,0.05866428873089083
Application_694086390,0.14942439190377896,0.2760061738827762,0.06670794890524993
Application_695204111,0.005489697264517049,0.7211158264141457,0.01869836146849697
Application_699037232,0.058109095056713536,0.06698203848310663,0.21642312022582744
Application_700314092,0.010583662891914166,0.2259579254214415,0.17020735066938847
Application_70630239,0.007670678781207455,0.6798462393586614,0.07305928816592999
Application_708727245,0.4652617710469514,0.19501501694190043,0.16784169935999685
Application_710225329,0.04283519267551071,0.1871647445026584,0.23124838884282908
Application_710744550,0.11219463811862869,0.42798290872864675,0.15363979055001087
Application_71116760,0.5353747085471232,0.330237579172327,0.25125767749066213
Application_711287867,0.07277997223359922,0.02395539038916461,0.11505499399947237
Application_7185118,0.04085990899805671,0.012616994676364013,0.061170144602371516
Application_723063609,0.00848927673558472,0.13199463608712778,0.16430857198877122
Application_724736325,0.0038575681030747497,0.7291497854150409,0.019061102898731783
Application_72512890,0.058720104008491036,0.043286239004824145,0.07486025529786738
Application_726100885,0.5097563242836763,0.2954547063017262,0.2412505224012486
Application_727560851,0.7404914871057358,0.2992788641666058,0.18046466248311394
Application_731435799,0.163802006058238,0.12523709197382377,0.1370156075886608
Application_731999486,0.5636362962145233,0.29423166960026426,0.24392551067585308
Application_733019920,0.5437816931440193,0.32241599707515434,0.2006404778464753
Application_733314763,0.0030328390319712705,0.7039730117918928,0.012488724399299829
Application_735304960,0.514725209781419,0.2955043650863975,0.2268140019382742
Application_7389998,0.604473620465312,0.3670122189344345,0.230451532800361
Application_740179837,0.4742770095290636,0.3099523427665282,0.23703395235042055
Application_740525078,0.05371263959101782,0.2089376846630745,0.2464067060346707
Application_741075840,0.009159696548978961,0.1283508793216821,0.14700246892148366
Application_741191887,0.01885666313296414,0.7093067373854272,0.015073584477214097
Application_74640015,0.7188638095017035,0.100020038418114,0.1406308101767408
Application_746909032,0.002415708170173798,0.7375683878865744,0.013757688273926882
Application_747766514,0.009431954070805179,0.12759102345186374,0.15474865527587
Application_74892505,0.2742161518630926,0.41272383529784606,0.2858284962844536
Application_74903355,0.08119398092442191,0.15818219229911074,0.1422966659679855
Application_74910338,0.7301571484606961,0.3647173206760569,0.2580194445072759
Application_749870422,0.00867029150484537,0.16951446839122578,0.1724869006783322
Application_750452012,0.002689999979734969,0.7357657209580064,0.015613128283047398
Application_751800085,0.13870908731896284,0.5258804535778522,0.22232712224258994
Application_753519848,0.026626574199549547,0.21639013234628884,0.1398148227478057
Application_753953246,0.3736894583793757,0.33563519121737495,0.212374380101909
Application_754519735,0.08176804992307907,0.268163677906867,0.24217001771134725
Application_755070866,0.8828442217200283,0.1033220100520735,0.15517767731700602
Application_7568877,0.03690743410689541,0.13582241160270844,0.14736364242586664
Application_75790454,0.004760004117318916,0.738655068041745,0.02378977361913903
Application_760899328,0.5375786752724193,0.2922558268707215,0.2387141425265302
Application_76120364,0.4735279411239499,0.31104921213617476,0.25529037688342887
Application_763074343,0.02571893765172879,0.15172167360720834,0.1318244878957688
Application_76654009,0.0026153904958965022,0.7088786446183776,0.02084770480159216
Application_767900998,0.007036067588684681,0.1582929001020195,0.14570569888741536
Application_769386117,0.08481575494057585,0.027334299202835366,0.05940996667953823
Application_769436216,0.0031733395324473855,0.7129107507420691,0.01780963973057059
Application_769456413,0.05597539948235906,0.19246518961884543,0.23795357373269568
Application_771457346,0.5650801530318672,0.3215423602502578,0.21414257817150886
Application_7716356,0.09426934758212502,0.2443713343890102,0.190998560695138
Application_773870683,0.04768937097583059,0.06644848931108979,0.08321696155270487
Application_774631722,0.2094063869141908,0.05692129332779747,0.0809555418722106
Application_77471286,0.5759602707058121,0.3215423602502578,0.21414257817150886
Application_775825240,0.3830933143582359,0.33893917496671633,0.20569457245579711
Application_776408003,0.32651123734782717,0.4556544428011614,0.2962985592743802
Application_778393530,0.008989204202353116,0.615727643641409,0.057794445375490146
Application_780411074,0.7220992679713035,0.3591841522838002,0.20980453636780308
Application_78151586,0.515013258427257,0.09597112185259163,0.11625064717969999
Application_789568590,0.7081943295656324,0.35996559233415015,0.21733605334231204
Application_791394136,0.06795690560803151,0.26162171763085523,0.23117156862942956
Application_793078984,0.14667794034349219,0.20835491132682488,0.27167579739935815
Application_793183519,0.11625832468285971,0.45899685207639684,0.2129539713600906
Application_79381886,0.07937001593028102,0.25752549851174805,0.21480156178173423
Application_795283356,0.2742161518630926,0.39678369718864404,0.2921066624969908
Application_796878514,0.24628087961645667,0.17066672687640297,0.20369910491261597
Application_797691856,0.05207975711724903,0.20457815139381538,0.23551093074277762
Application_798419431,0.7109268799317603,0.4120792460893683,0.254031275804464
Application_80063242,0.043669831100433855,0.03952964367410333,0.07872646180806511
Application_813462982,0.8540315031393286,0.2701302259392628,0.19194746018321934
Application_817012302,0.6636859025956364,0.3253687819954279,0.20702281706395254
Application_8174970,0.7722505866205974,0.3451327453853033,0.1965678164204841
Application_821498764,0.5975001550787836,0.3162508358681341,0.22118694033622188
Application_822406623,0.5487228070819967,0.38307873747340815,0.2003836460629974
Application_825188863,0.009031244321335489,0.6355955976405026,0.05621536031831692
Application_825204284,0.72802618504811,0.3673149819650416,0.2421708915505467
Application_825848153,0.03966669392433793,0.18539925748012157,0.2376652964264002
Application_826007789,0.3495396385717616,0.420026412705239,0.16689291778217463
Application_827688187,0.8436599658951031,0.08954969406197766,0.16084172481522965
Application_827819368,0.8387662048008875,0.4343750429301516,0.30566382299015515
Application_829633072,0.5127201887132375,0.32046609703729695,0.26786783912094125
Application_83055924,0.5597134886153453,0.3238641570611735,0.2021058925680434
Application_831530055,0.7458898117632736,0.12882492333597473,0.13731453852235662
Application_83214651,0.6427766271265835,0.37682028604459583,0.21190326283553823
Application_834130768,0.04597579435630746,0.23479226975591672,0.21163917294529244
Application_836064793,0.3612596885488228,0.35358430385031525,0.22668695890305335
Application_839135983,0.05597362546917269,0.2388689207583613,0.2367811367578136
Application_840426240,0.0032841172039380037,0.7247421917348846,0.018625492088561638
Application_840645428,0.14898453710358062,0.26793029166832,0.26003844232979806
Application_841975726,0.7842986899606257,0.3276626773990235,0.2072473307455319
Application_842230595,0.5362263761940208,0.31933223979203945,0.2644891952917277
Application_843299326,0.008864460347706658,0.7356458186512653,0.017631896686914377
Application_843640997,0.08720699750425853,0.43299128286814503,0.14921094298366175
Application_846715236,0.44808960519905194,0.3235302159785724,0.30071435644691485
Application_848190586,0.746606514126329,0.4030613592637486,0.2665465186098422
Application_848512225,0.0675236239927322,0.23170480346033984,0.2233737064142816
Application_850637249,,,
Application_850731995,0.5491678752961072,0.3414963328128943,0.21399774290295517
Application_851840391,0.24348909077846262,0.23475716680936118,0.21883677084616288
Application_852507242,0.4777779707125157,0.3012756702318443,0.24283984727274352
Application_854276028,0.0089399802000312,0.1336828347252093,0.1411802056925608
Application_856729102,0.06569612398372206,0.6931690283435454,0.023784946336940695
Application_86065332,0.20801005733896075,0.383409081815624,0.23975580139342706
Application_860656917,0.5130498084769264,0.3349981266690039,0.2081163205182762
Application_861341090,0.4552291845315497,0.3066518701977765,0.241116816691593
Application_8621012,0.046981007482549096,0.24422252733919966,0.17518001642009964
Application_863789331,0.5081172127876219,0.31531205646975746,0.2503376737133129
Application_864884278,0.011394404042760861,0.11898086859792367,0.1378655936534368
Application_865318653,0.2211877292519535,0.046101904592101006,0.08316532080117081
Application_865788556,0.485271652625077,0.3336039719148851,0.28009041861651557
Application_867002961,0.07104355191489398,0.3372080779055585,0.1357872292298719
Application_868516310,,,
Application_871251765,0.6011191089769004,0.430885191299371,0.2614718718927406
Application_871623762,0.050106452135641126,0.21231052029964675,0.2679455430706846
Application_872390004,0.7621729839654297,0.3302726240101098,0.24187195092175653
Application_874707363,0.6695163199479501,0.2842734943215823,0.19627886174723505
Application_875040064,0.43650543916381807,0.3076303065995578,0.23840453657078667
Application_87660035,0.03459766527672677,0.15317684870059153,0.15355915748060828
Application_87663964,0.808950153743758,0.1405358504551481,0.17218916127426553
Application_87679955,0.5999638610450818,0.34586918117975446,0.21966962776035548
Application_877302416,0.7123747259390464,0.36311467093289373,0.24709893675057304
Application_877547450,0.09045496909227559,0.047111296059356544,0.07120385356068054
Application_877661589,0.8954454035271193,0.29490630390299005,0.18588027099238955
Application_882005937,0.0399819323688035,0.18946651287650812,0.15406684372337062
Application_885617837,0.010323439434684138,0.11221974269035537,0.17413173587533182
Application_886797748,0.4592750734610935,0.46855450152110056,0.3127769453268505
Application_889565539,0.17103981820629804,0.2319940250837314,0.2508726522663154
Application_891183101,0.01634236198426831,0.16140432621535644,0.15124312134157666
Application_891274487,0.4687224385516053,0.3306264332097698,0.23879509356641815
Application_894545527,0.9480559110382369,0.4901416701026518,0.2485194225230539
Application_894654066,0.00223566259862859,0.7208952756727032,0.02063876911852512
Application_894816076,0.4523010742934067,0.3348648422260009,0.21775324206465788
Application_896152572,0.1329242351866627,0.03169759412534756,0.07837729886002838
Application_896912269,0.010598344006621317,0.16394150746151362,0.1421044160369891
Application_900305690,0.6758838397127654,0.3535819315288517,0.22842871945163856
Application_902902027,0.6123714730483248,0.3572800049277421,0.2241127298905626
Application_905771944,0.5820313680711865,0.3708410172105865,0.22909190467438287
Application_905927812,0.45796958302648183,0.43557476608989387,0.3227102696670368
Application_907379399,0.8533824334008143,0.11967650962861001,0.18231996601181255
Application_90844538,0.007128421315099606,0.15218237993153858,0.18188547587880513
Application_910274014,0.006384274411180632,0.7383347676697699,0.018838375053058628
Application_911418076,0.5651380438517017,0.3207125260315317,0.2155783571751796
Application_914255000,0.3863570799911451,0.33459439260372525,0.2219357936273622
Application_914518259,0.05411289708440577,0.06036360141411157,0.08469393812333804
Application_922331996,0.6867515195026964,0.34614580422871005,0.21895526342347013
Application_925487474,0.737011432578648,0.385260940227215,0.22584450941423795
Application_930394279,0.3468782296046477,0.35281743417010947,0.23702813968576592
Application_934763385,0.06342681450253461,0.22430986422017127,0.2870785072109851
Application_935691744,0.0029869055932045187,0.7216154356174731,0.014424494736400636
Application_936362904,0.5444280353257508,0.3158202597967228,0.21288044729577887
Application_936472505,0.867844283253414,0.10557435353913366,0.15425362127328918
Application_93941037,0.5922115976409421,0.31599392687540606,0.25089310004260185
Application_949360290,0.8377786617570833,0.074520030432426,0.12896869600125815
Application_949738035,0.1155531377767817,0.2348388817319954,0.27000981246760836
Application_95006764,0.530311524902758,0.31587594186666534,0.24224348877153765
Application_956215142,0.7496838430035532,0.3347098289521,0.1725108225999886
Application_956974251,0.3061205000283959,0.22288501769072372,0.24205912520814446
Application_957865905,0.550320273879879,0.3604717137893758,0.27603735015680353
Application_958042176,0.727688237467465,0.15212069922728144,0.1890885484295955
Application_960618961,0.06024800126480554,0.20011899471348815,0.22746302671346552
Application_963149420,0.5296620560600696,0.3265118518509693,0.2127110425713678
Application_964352700,0.631560535591344,0.5109103768469538,0.2816351723280281
Application_964418796,0.44779444486360326,0.41428152881402164,0.23916758535549715
Application_964901699,0.08908116806350588,0.1680943756407753,0.1669250419005519
Application_965947000,0.06766871031742082,0.2127945085891012,0.13061366258975401
Application_966967365,,,
Application_96860334,0.5923885131124403,0.3261667619360028,0.2085870728917309
Application_970137290,0.002826259130324949,0.6969650257654247,0.019264061483923213
Application_970274306,0.5588432997291706,0.29717320384568463,0.24032208362512786
Application_972369663,0.6149788517586012,0.32528588189446633,0.21033507009036959
Application_974868974,0.018483632631301067,0.1463952656456019,0.15515622518424488
Application_975545550,0.2488642208448822,0.40488971019322795,0.29168480938757835
Application_978586089,0.08674952914516643,0.06026783043601355,0.0759527642976749
Application_978757162,0.04425800848004244,0.2070246000162529,0.2349540672036148
Application_978946302,0.6145049668411959,0.3923713857210133,0.22579571445785293
Application_98120414,0.05499064910464079,0.22016890784841306,0.23227986886921387
Application_981883380,0.06634921695050319,0.21949033518330102,0.23463774062328555
Application_983709263,0.004576974403643011,0.6492243594750179,0.06341910497041019
Application_983875383,0.3329528136089559,0.3842382430851764,0.21179188393018222
Application_984284284,0.03682843696372813,0.20615646244344848,0.15741371640788315
Application_985225649,0.8585851095913394,0.2787171668840455,0.18984634485519006
Application_986694126,0.3850617881289843,0.36196827690813055,0.24454236738552748
Application_990181012,0.09567928364297633,0.18461074887285595,0.15611791563008987
Application_997024654,0.06773120079143873,0.011529828863722724,0.03994770330483532
Application_997160076,0.17178283847567702,0.29828579298935287,0.24100054125647902
Application_99940018,0.49125918767021903,0.3376035071274582,0.23162408481671778
