case:concept:name,Next_activity,Next_resource
Application_1003257895,O_Cancelled,User_60
Application_1005586643,O_Cancelled,User_60
Application_1006347888,O_Cancelled,User_60
Application_1006959642,O_Cancelled,User_60
Application_1007607428,O_Cancelled,User_60
Application_1009327734,O_Create Offer,User_53
Application_1009466765,O_Cancelled,User_60
Application_1011122543,O_Cancelled,User_60
Application_1012566167,O_Cancelled,User_60
Application_1014917757,O_Cancelled,User_60
Application_1015666669,O_Cancelled,User_60
Application_1017828639,O_Create Offer,User_53
Application_1018407971,O_Cancelled,User_60
Application_1018538193,O_Cancelled,User_60
Application_1019469082,O_Cancelled,User_60
Application_1019603677,O_Cancelled,User_60
Application_1021365915,O_Create Offer,User_60
Application_1023449033,O_Cancelled,User_60
Application_1024769381,O_Cancelled,User_60
Application_1025923370,O_Cancelled,User_60
Application_1030024656,A_Validating,User_60
Application_1030416681,O_Cancelled,User_60
Application_1031153001,O_Cancelled,User_60
Application_1033756531,O_Cancelled,User_60
Application_1034064300,O_Cancelled,User_60
Application_1038386825,O_Cancelled,User_60
Application_1042621630,W_Call incomplete files,User_60
Application_1043223939,O_Cancelled,User_60
Application_1048806756,O_Cancelled,User_60
Application_1049246293,O_Cancelled,User_60
Application_1049972821,O_Cancelled,User_60
Application_1051554620,A_Validating,User_60
Application_1052613502,O_Cancelled,User_60
Application_1053061342,O_Cancelled,User_60
Application_1053321873,W_Call incomplete files,User_60
Application_1053998899,O_Create Offer,User_60
Application_1056882365,O_Cancelled,User_60
Application_1057803878,O_Cancelled,User_60
Application_1059555811,O_Cancelled,User_60
Application_1061755455,O_Cancelled,User_60
Application_1062571933,O_Cancelled,User_60
Application_1064627620,O_Cancelled,User_60
Application_1067807240,O_Cancelled,User_60
Application_1067848631,O_Cancelled,User_60
Application_1068398029,O_Create Offer,User_60
Application_107006704,O_Cancelled,User_60
Application_1070668503,O_Cancelled,User_60
Application_1072222879,A_Validating,User_60
Application_1072363196,A_Incomplete,User_75
Application_1072478001,O_Cancelled,User_60
Application_1073868127,O_Cancelled,User_60
Application_1076081955,O_Cancelled,User_60
Application_1078909751,O_Cancelled,User_60
Application_1085126063,A_Accepted,User_60
Application_1086233807,O_Cancelled,User_60
Application_1089034603,A_Validating,User_60
Application_1089717788,O_Cancelled,User_60
Application_1091033446,O_Cancelled,User_60
Application_1091041991,O_Cancelled,User_60
Application_1091351729,O_Cancelled,User_60
Application_1091883536,A_Accepted,User_60
Application_1096345356,O_Cancelled,User_60
Application_1097190039,O_Cancelled,User_60
Application_109814885,A_Accepted,User_60
Application_1100173647,O_Cancelled,User_53
Application_1100597277,O_Cancelled,User_60
Application_1104335525,O_Cancelled,User_60
Application_1104955032,O_Cancelled,User_60
Application_1107241983,O_Cancelled,User_60
Application_1111458873,A_Accepted,User_60
Application_1113168636,A_Accepted,User_60
Application_1115931571,A_Validating,User_60
Application_1116524301,O_Cancelled,User_60
Application_1116993944,O_Cancelled,User_60
Application_1119407054,O_Cancelled,User_60
Application_1121197235,O_Create Offer,User_60
Application_1122983853,O_Cancelled,User_60
Application_1126832024,O_Cancelled,User_60
Application_1127250936,O_Cancelled,User_60
Application_1127956985,O_Cancelled,User_60
Application_1129276294,W_Call incomplete files,User_60
Application_1131111908,O_Cancelled,User_60
Application_1131263580,O_Cancelled,User_60
Application_1132834033,W_Call incomplete files,User_60
Application_1133030829,O_Cancelled,User_60
Application_1136323889,O_Cancelled,User_60
Application_1136568641,O_Cancelled,User_60
Application_1139959523,O_Cancelled,User_60
Application_1142548986,O_Cancelled,User_60
Application_1143217229,A_Accepted,User_60
Application_1143890425,O_Cancelled,User_60
Application_1144672891,O_Cancelled,User_60
Application_1149655953,O_Cancelled,User_60
Application_1150495041,O_Cancelled,User_60
Application_1152955170,O_Cancelled,User_60
Application_1154252514,A_Validating,User_60
Application_1155070210,A_Validating,User_60
Application_1157728848,O_Cancelled,User_60
Application_1158871047,O_Cancelled,User_60
Application_1160839680,O_Cancelled,User_60
Application_116364671,O_Cancelled,User_60
Application_116416466,O_Cancelled,User_60
Application_1166230182,A_Validating,User_60
Application_1166306573,O_Cancelled,User_60
Application_1167813329,A_Accepted,User_60
Application_1168708378,O_Cancelled,User_60
Application_1169258361,O_Cancelled,User_60
Application_1169725538,O_Cancelled,User_53
Application_117027249,A_Validating,User_60
Application_117449589,O_Cancelled,User_60
Application_11785385,O_Create Offer,User_60
Application_1182795681,O_Cancelled,User_60
Application_1192159171,A_Accepted,User_60
Application_1194303360,O_Cancelled,User_60
Application_1195434598,W_Call incomplete files,User_60
Application_1205144249,O_Create Offer,User_60
Application_1206188048,O_Cancelled,User_60
Application_1206551699,A_Validating,User_60
Application_1206679861,A_Validating,User_60
Application_1207230380,O_Cancelled,User_60
Application_120793083,O_Cancelled,User_60
Application_1209676119,O_Cancelled,User_60
Application_1213916582,O_Cancelled,User_60
Application_121641518,O_Cancelled,User_60
Application_121729357,A_Validating,User_60
Application_1218695611,O_Cancelled,User_60
Application_1219772874,A_Validating,User_60
Application_1225687747,O_Cancelled,User_60
Application_1227690400,O_Cancelled,User_60
Application_1228722182,W_Call incomplete files,User_60
Application_1228813193,O_Create Offer,User_60
Application_1229707182,O_Cancelled,User_60
Application_1237040955,O_Cancelled,User_60
Application_1237983321,O_Cancelled,User_60
Application_1238132318,O_Cancelled,User_60
Application_1238606249,O_Cancelled,User_60
Application_1241541074,O_Cancelled,User_60
Application_1242496593,W_Call incomplete files,User_60
Application_1245226697,O_Cancelled,User_53
Application_1248061466,O_Cancelled,User_60
Application_1250179725,O_Cancelled,User_60
Application_1252245787,O_Cancelled,User_60
Application_1255041116,O_Cancelled,User_60
Application_1257348081,O_Cancelled,User_60
Application_1261480447,W_Call incomplete files,User_60
Application_1262350889,O_Cancelled,User_53
Application_1262548993,O_Create Offer,User_53
Application_126523834,O_Cancelled,User_60
Application_1265495164,O_Cancelled,User_60
Application_1266086453,O_Cancelled,User_60
Application_1266450550,O_Cancelled,User_60
Application_1268626834,A_Validating,User_60
Application_1271823802,A_Validating,User_60
Application_1278510625,O_Cancelled,User_60
Application_1278888452,O_Cancelled,User_60
Application_127926903,O_Cancelled,User_60
Application_1280427249,O_Cancelled,User_60
Application_1280500254,A_Validating,User_60
Application_1281205543,O_Cancelled,User_60
Application_1283592554,O_Cancelled,User_60
Application_1284796330,O_Cancelled,User_60
Application_1285125915,O_Cancelled,User_60
Application_1285655984,O_Cancelled,User_60
Application_1287947132,O_Cancelled,User_60
Application_1289259959,A_Accepted,User_60
Application_1290192129,A_Incomplete,User_75
Application_1291870846,O_Cancelled,User_60
Application_1292006843,O_Cancelled,User_60
Application_1292956867,O_Cancelled,User_60
Application_1293565393,O_Cancelled,User_60
Application_1294994633,O_Cancelled,User_60
Application_129913687,O_Cancelled,User_60
Application_1300146313,O_Cancelled,User_60
Application_1301618471,O_Cancelled,User_60
Application_1305019755,O_Cancelled,User_60
Application_1307267305,O_Cancelled,User_60
Application_1308123155,O_Cancelled,User_60
Application_1308473984,A_Validating,User_60
Application_131073860,O_Cancelled,User_60
Application_131125706,O_Cancelled,User_60
Application_1311947055,O_Cancelled,User_60
Application_1312170166,O_Cancelled,User_60
Application_1314908281,O_Cancelled,User_60
Application_1315999339,A_Accepted,User_60
Application_1316571687,O_Cancelled,User_60
Application_132049146,O_Cancelled,User_60
Application_1323431247,O_Cancelled,User_60
Application_1327704129,O_Cancelled,User_60
Application_1329924305,A_Validating,User_60
Application_1330910876,O_Cancelled,User_60
Application_1331108450,A_Validating,User_60
Application_1332541697,O_Cancelled,User_60
Application_1335456683,A_Validating,User_60
Application_1336478747,O_Cancelled,User_60
Application_1341618264,O_Create Offer,User_60
Application_1342079196,O_Cancelled,User_60
Application_1344635275,A_Validating,User_60
Application_1347338076,O_Cancelled,User_60
Application_1348888499,O_Create Offer,User_60
Application_1349233572,O_Cancelled,User_60
Application_1352970596,A_Validating,User_60
Application_1354242264,O_Cancelled,User_60
Application_1355525986,O_Cancelled,User_60
Application_1356584653,A_Validating,User_60
Application_1359216041,A_Accepted,User_60
Application_1359726788,W_Call incomplete files,User_60
Application_136173194,O_Cancelled,User_60
Application_1363613938,O_Cancelled,User_60
Application_136602171,O_Cancelled,User_60
Application_1366581099,O_Cancelled,User_60
Application_1366595744,O_Cancelled,User_60
Application_1366846671,O_Cancelled,User_60
Application_1368044115,O_Cancelled,User_60
Application_1368065414,O_Cancelled,User_60
Application_1368977339,O_Cancelled,User_60
Application_1369825234,O_Cancelled,User_60
Application_1371149184,O_Cancelled,User_60
Application_1377673225,O_Cancelled,User_60
Application_1377765652,O_Cancelled,User_60
Application_1378387508,A_Validating,User_60
Application_1378798475,O_Cancelled,User_60
Application_1379173026,O_Cancelled,User_60
Application_1380868781,O_Cancelled,User_60
Application_1382399727,A_Accepted,User_60
Application_1383522757,O_Cancelled,User_60
Application_1383530613,O_Create Offer,User_53
Application_1383675481,O_Cancelled,User_60
Application_1386012914,O_Cancelled,User_60
Application_1387809089,O_Cancelled,User_60
Application_1389644287,W_Call incomplete files,User_60
Application_1389705988,W_Call incomplete files,User_60
Application_1391177014,A_Validating,User_60
Application_1391922975,O_Cancelled,User_60
Application_1392744244,A_Validating,User_60
Application_139314774,O_Cancelled,User_60
Application_1393793184,O_Cancelled,User_60
Application_1397177996,A_Accepted,User_60
Application_1397232541,O_Cancelled,User_60
Application_1398445330,O_Cancelled,User_60
Application_1398793539,O_Cancelled,User_60
Application_1400486786,O_Cancelled,User_60
Application_1400830743,O_Cancelled,User_60
Application_1401288440,A_Validating,User_60
Application_140236565,O_Cancelled,User_60
Application_1402552153,O_Cancelled,User_60
Application_1406102147,O_Cancelled,User_60
Application_1406423932,O_Cancelled,User_60
Application_1413432922,O_Cancelled,User_60
Application_1414262200,O_Cancelled,User_60
Application_1423390020,O_Cancelled,User_60
Application_1423903152,O_Cancelled,User_60
Application_1424505326,O_Cancelled,User_60
Application_1426042949,A_Accepted,User_60
Application_1431291004,A_Accepted,User_60
Application_1433728315,O_Cancelled,User_60
Application_1433932097,A_Accepted,User_60
Application_1437292525,O_Cancelled,User_60
Application_1437733107,O_Create Offer,User_60
Application_1437838501,O_Cancelled,User_60
Application_1442043587,O_Create Offer,User_60
Application_1442707430,O_Cancelled,User_60
Application_1442743235,O_Create Offer,User_60
Application_1442859871,O_Cancelled,User_60
Application_1445624231,O_Cancelled,User_60
Application_1447169405,O_Cancelled,User_60
Application_1449015953,O_Cancelled,User_60
Application_1453416633,O_Cancelled,User_60
Application_145479769,O_Cancelled,User_60
Application_1455219594,O_Cancelled,User_60
Application_145614122,O_Cancelled,User_60
Application_1456197334,A_Accepted,User_60
Application_145673691,A_Accepted,User_60
Application_145943194,O_Cancelled,User_60
Application_1459565304,O_Cancelled,User_60
Application_1460064458,O_Cancelled,User_60
Application_1460077602,O_Cancelled,User_60
Application_1461429645,A_Validating,User_60
Application_1461650968,O_Cancelled,User_60
Application_1464932336,O_Cancelled,User_60
Application_1465837360,A_Validating,User_60
Application_1467390663,O_Create Offer,User_60
Application_1468317116,O_Cancelled,User_60
Application_1470446509,O_Cancelled,User_60
Application_1474144091,O_Cancelled,User_53
Application_1474761909,O_Cancelled,User_60
Application_1475131206,O_Cancelled,User_60
Application_1481555746,A_Validating,User_60
Application_1481699232,O_Cancelled,User_60
Application_1483370714,O_Cancelled,User_60
Application_1484280125,O_Cancelled,User_60
Application_1485872413,O_Cancelled,User_60
Application_1486025008,O_Cancelled,User_60
Application_1486836461,A_Validating,User_60
Application_148729229,O_Create Offer,User_60
Application_1488933214,O_Cancelled,User_60
Application_1495511119,O_Cancelled,User_60
Application_1496592829,O_Cancelled,User_60
Application_1497071850,W_Call incomplete files,User_60
Application_1497210357,A_Accepted,User_60
Application_1497423600,O_Cancelled,User_60
Application_1498852039,O_Cancelled,User_60
Application_1499077406,O_Cancelled,User_60
Application_1499191765,O_Cancelled,User_60
Application_1499770935,O_Cancelled,User_60
Application_150041336,O_Cancelled,User_60
Application_1501335173,A_Accepted,User_60
Application_1501706962,O_Cancelled,User_60
Application_1504753021,O_Cancelled,User_60
Application_1505681170,O_Cancelled,User_60
Application_1506182020,W_Call incomplete files,User_60
Application_1507560449,A_Accepted,User_60
Application_1507847905,W_Call incomplete files,User_60
Application_1508411195,O_Cancelled,User_60
Application_1508469719,O_Cancelled,User_60
Application_1510685409,O_Cancelled,User_60
Application_1512331067,O_Cancelled,User_60
Application_1515175359,A_Accepted,User_60
Application_1515669954,O_Create Offer,User_53
Application_1517745031,O_Cancelled,User_60
Application_1517805334,O_Cancelled,User_60
Application_1518691055,O_Cancelled,User_60
Application_1519307177,O_Cancelled,User_60
Application_1524980199,A_Validating,User_60
Application_1526559453,O_Cancelled,User_60
Application_152677835,O_Cancelled,User_60
Application_152693083,A_Accepted,User_60
Application_1527986766,A_Validating,User_60
Application_1527993766,O_Cancelled,User_60
Application_1529354680,O_Cancelled,User_60
Application_1532233038,O_Cancelled,User_60
Application_1533302760,O_Cancelled,User_60
Application_153423780,A_Validating,User_60
Application_1536004894,A_Accepted,User_60
Application_1538129293,O_Cancelled,User_60
Application_1538131961,O_Cancelled,User_60
Application_153968095,O_Cancelled,User_60
Application_1540261130,O_Cancelled,User_60
Application_1540988654,O_Cancelled,User_60
Application_1541874294,O_Cancelled,User_60
Application_1543050317,A_Validating,User_60
Application_1548848821,O_Cancelled,User_60
Application_1552337149,O_Cancelled,User_60
Application_1552373930,W_Assess potential fraud,User_138
Application_1554928307,O_Cancelled,User_60
Application_1555229754,O_Create Offer,User_60
Application_1555572507,O_Create Offer,User_60
Application_1556045942,O_Cancelled,User_60
Application_1556330253,O_Cancelled,User_60
Application_1557962266,O_Cancelled,User_60
Application_1560388677,O_Cancelled,User_60
Application_1563010304,O_Cancelled,User_60
Application_1563442669,O_Cancelled,User_60
Application_156690336,O_Cancelled,User_60
Application_1567155167,O_Create Offer,User_60
Application_1567796271,O_Cancelled,User_60
Application_1567894569,W_Assess potential fraud,User_138
Application_1568283697,O_Cancelled,User_60
Application_1568847798,O_Cancelled,User_60
Application_1569156673,O_Cancelled,User_60
Application_157101926,O_Cancelled,User_60
Application_1572099344,O_Cancelled,User_60
Application_1572847379,O_Cancelled,User_60
Application_1574666956,O_Cancelled,User_60
Application_1575429255,A_Incomplete,User_75
Application_1576455879,O_Cancelled,User_60
Application_1581286194,A_Incomplete,User_75
Application_1582126646,A_Validating,User_60
Application_1586014327,O_Cancelled,User_60
Application_1588502303,O_Cancelled,User_53
Application_1590046911,A_Validating,User_60
Application_1590922232,O_Cancelled,User_60
Application_1591827409,A_Validating,User_60
Application_1593334678,A_Accepted,User_60
Application_1596977845,O_Create Offer,User_60
Application_1597571599,O_Cancelled,User_60
Application_1600137092,O_Cancelled,User_60
Application_1601392433,O_Cancelled,User_60
Application_1602939504,O_Cancelled,User_60
Application_1603857838,O_Cancelled,User_60
Application_1604182310,O_Cancelled,User_60
Application_160568748,O_Cancelled,User_60
Application_1606851994,O_Cancelled,User_60
Application_1608683443,O_Cancelled,User_60
Application_1609918816,O_Cancelled,User_60
Application_161175780,A_Accepted,User_60
Application_1612124570,O_Create Offer,User_60
Application_1612352684,O_Cancelled,User_60
Application_1612566646,O_Cancelled,User_60
Application_1615252785,O_Cancelled,User_60
Application_1619878986,O_Cancelled,User_60
Application_1620116853,O_Create Offer,User_60
Application_1623509076,W_Call incomplete files,User_60
Application_1626377486,O_Cancelled,User_60
Application_1626515404,O_Cancelled,User_60
Application_1627664369,O_Cancelled,User_60
Application_1639647605,A_Accepted,User_60
Application_1642342758,O_Cancelled,User_60
Application_1643735217,A_Validating,User_60
Application_1643891602,O_Cancelled,User_60
Application_1645315848,O_Cancelled,User_60
Application_164664961,O_Cancelled,User_60
Application_1647019329,O_Cancelled,User_60
Application_1648426839,A_Validating,User_60
Application_1649995897,W_Call incomplete files,User_60
Application_1653948637,A_Validating,User_60
Application_1655984883,O_Cancelled,User_60
Application_1657679208,O_Cancelled,User_60
Application_1657704546,A_Accepted,User_60
Application_1658351580,O_Cancelled,User_60
Application_1659132262,O_Cancelled,User_60
Application_1662465317,O_Cancelled,User_60
Application_1664698134,O_Cancelled,User_60
Application_1666176195,O_Cancelled,User_60
Application_1670218780,O_Cancelled,User_60
Application_1673082404,O_Cancelled,User_60
Application_1677934167,O_Cancelled,User_60
Application_1679283534,O_Create Offer,User_60
Application_1679836886,O_Cancelled,User_60
Application_1680549316,O_Cancelled,User_60
Application_1681144807,O_Cancelled,User_60
Application_1684448331,O_Cancelled,User_60
Application_1684875314,O_Cancelled,User_60
Application_1685492750,O_Cancelled,User_60
Application_1688338087,O_Cancelled,User_60
Application_1691960420,O_Cancelled,User_60
Application_1695771209,O_Cancelled,User_60
Application_1696190710,O_Cancelled,User_60
Application_1698606956,A_Validating,User_60
Application_1699047561,O_Cancelled,User_60
Application_1699424307,O_Cancelled,User_60
Application_1700174135,O_Cancelled,User_60
Application_1702131986,A_Accepted,User_60
Application_1702878962,W_Call incomplete files,User_60
Application_1705129812,O_Cancelled,User_60
Application_1706081580,O_Cancelled,User_60
Application_1707528347,O_Cancelled,User_60
Application_1708061774,O_Cancelled,User_60
Application_1708263885,O_Cancelled,User_60
Application_1711856510,O_Cancelled,User_60
Application_1712966902,O_Cancelled,User_60
Application_171939585,O_Cancelled,User_60
Application_1719668477,A_Validating,User_60
Application_1720703801,O_Cancelled,User_53
Application_1722024794,O_Cancelled,User_60
Application_1723038796,O_Cancelled,User_53
Application_1724135933,O_Cancelled,User_60
Application_1724137379,A_Validating,User_60
Application_1724949330,O_Cancelled,User_60
Application_1726483569,O_Create Offer,User_60
Application_1726766534,O_Cancelled,User_60
Application_1729415776,O_Cancelled,User_60
Application_1730972696,O_Create Offer,User_60
Application_1732467275,O_Create Offer,User_60
Application_1733065566,O_Cancelled,User_60
Application_1735596662,O_Cancelled,User_60
Application_1736043609,O_Cancelled,User_60
Application_1737015600,O_Cancelled,User_60
Application_1738803056,A_Validating,User_60
Application_1740675491,O_Cancelled,User_60
Application_1742370900,O_Cancelled,User_60
Application_174302253,O_Cancelled,User_60
Application_1743744101,O_Cancelled,User_60
Application_1744802978,O_Cancelled,User_60
Application_1745482070,O_Cancelled,User_60
Application_1745888346,A_Validating,User_60
Application_1749850243,O_Cancelled,User_60
Application_1750826338,O_Cancelled,User_60
Application_1752237400,O_Cancelled,User_60
Application_1755940827,O_Cancelled,User_60
Application_1756343309,O_Cancelled,User_60
Application_175724758,A_Validating,User_60
Application_175766876,W_Call incomplete files,User_60
Application_1759116820,A_Validating,User_60
Application_1759132638,O_Cancelled,User_60
Application_1759573634,O_Cancelled,User_60
Application_1760271807,O_Create Offer,User_60
Application_1764214580,O_Cancelled,User_60
Application_176467906,O_Cancelled,User_60
Application_1765317682,O_Create Offer,User_53
Application_176729498,O_Cancelled,User_60
Application_176822449,A_Validating,User_60
Application_1770043698,A_Validating,User_60
Application_177187708,O_Cancelled,User_60
Application_1773817992,O_Cancelled,User_60
Application_1773884897,O_Cancelled,User_60
Application_1774753524,A_Validating,User_60
Application_1774860195,O_Cancelled,User_60
Application_1777798172,O_Cancelled,User_60
Application_1778253233,O_Cancelled,User_60
Application_1779063639,A_Validating,User_60
Application_1779228753,O_Cancelled,User_60
Application_1779483865,O_Cancelled,User_60
Application_177987424,A_Accepted,User_60
Application_1781246043,O_Cancelled,User_60
Application_1782964647,O_Cancelled,User_60
Application_1783285999,O_Cancelled,User_60
Application_1784946082,O_Cancelled,User_60
Application_1786284162,O_Cancelled,User_60
Application_1787619541,O_Cancelled,User_60
Application_1790993885,O_Cancelled,User_60
Application_1791402554,A_Accepted,User_60
Application_1792616449,O_Cancelled,User_60
Application_1792762589,A_Accepted,User_60
Application_179543075,A_Accepted,User_60
Application_1802027719,O_Cancelled,User_60
Application_1807084551,O_Cancelled,User_60
Application_1807982053,O_Cancelled,User_60
Application_1809906108,O_Cancelled,User_60
Application_1810274575,O_Cancelled,User_53
Application_1810778714,O_Cancelled,User_60
Application_1811493659,O_Cancelled,User_60
Application_1811798646,O_Cancelled,User_60
Application_1812976702,O_Cancelled,User_60
Application_1813836988,O_Cancelled,User_60
Application_1814870066,O_Cancelled,User_60
Application_1816608501,O_Create Offer,User_60
Application_1816939541,A_Accepted,User_60
Application_1817852148,O_Cancelled,User_60
Application_1818887493,O_Cancelled,User_60
Application_1819930849,O_Cancelled,User_60
Application_1822642909,O_Create Offer,User_60
Application_1822677055,O_Cancelled,User_60
Application_1822996762,A_Validating,User_60
Application_1823252929,O_Cancelled,User_60
Application_1826382835,W_Call incomplete files,User_60
Application_1827761977,O_Cancelled,User_60
Application_1829043609,O_Cancelled,User_60
Application_182922092,O_Cancelled,User_60
Application_1829465439,O_Cancelled,User_60
Application_1830904674,O_Cancelled,User_60
Application_183632538,O_Cancelled,User_60
Application_1838422205,O_Cancelled,User_60
Application_1842714490,O_Cancelled,User_60
Application_1845304792,O_Cancelled,User_60
Application_1847941837,O_Cancelled,User_60
Application_1851114662,O_Cancelled,User_60
Application_1852038532,O_Cancelled,User_60
Application_1852468311,O_Cancelled,User_60
Application_1852526721,O_Cancelled,User_60
Application_1852628062,O_Cancelled,User_60
Application_1854749956,A_Validating,User_60
Application_1856346499,A_Accepted,User_60
Application_1857098025,O_Cancelled,User_60
Application_1857619478,W_Call incomplete files,User_60
Application_1859379497,A_Validating,User_60
Application_1864387636,O_Cancelled,User_60
Application_1865277109,O_Cancelled,User_60
Application_1867969937,O_Cancelled,User_60
Application_1872539769,O_Cancelled,User_60
Application_1876989319,O_Cancelled,User_60
Application_1877676656,O_Cancelled,User_60
Application_1878673010,O_Cancelled,User_60
Application_1879695569,O_Cancelled,User_60
Application_1880444445,O_Cancelled,User_60
Application_1881424313,O_Cancelled,User_60
Application_1884834968,A_Accepted,User_60
Application_1884873765,O_Cancelled,User_60
Application_1885207570,O_Cancelled,User_60
Application_1885469174,W_Call incomplete files,User_60
Application_188576817,O_Cancelled,User_60
Application_1888419543,A_Validating,User_60
Application_188850562,O_Cancelled,User_60
Application_1890393126,A_Validating,User_60
Application_1890584729,A_Validating,User_60
Application_1893357428,A_Accepted,User_60
Application_1894570534,O_Cancelled,User_60
Application_1895894636,O_Cancelled,User_60
Application_1897820022,O_Cancelled,User_60
Application_1899428502,O_Cancelled,User_60
Application_1902806949,O_Cancelled,User_60
Application_1904399849,O_Cancelled,User_60
Application_1904410758,O_Cancelled,User_60
Application_1904511216,O_Cancelled,User_60
Application_1906778574,O_Cancelled,User_60
Application_1908110751,O_Cancelled,User_60
Application_1908308402,A_Validating,User_60
Application_1908458446,O_Cancelled,User_60
Application_1914390950,A_Validating,User_60
Application_1919730327,O_Cancelled,User_60
Application_1920232219,A_Validating,User_60
Application_1925010934,A_Accepted,User_60
Application_1926789577,O_Cancelled,User_60
Application_1929631403,O_Create Offer,User_53
Application_1931704378,O_Cancelled,User_60
Application_1932624040,O_Cancelled,User_60
Application_1934948421,A_Validating,User_60
Application_1935597097,O_Cancelled,User_60
Application_1936347488,O_Cancelled,User_60
Application_1940338756,O_Cancelled,User_60
Application_1941108214,O_Cancelled,User_60
Application_1944320284,A_Validating,User_60
Application_1944829518,O_Cancelled,User_60
Application_1944900634,O_Cancelled,User_60
Application_1945402743,O_Cancelled,User_60
Application_1949515607,O_Cancelled,User_60
Application_1949846024,W_Call incomplete files,User_60
Application_1953879081,O_Cancelled,User_60
Application_1954259009,O_Cancelled,User_60
Application_1954960506,A_Cancelled,User_60
Application_1956252093,O_Create Offer,User_60
Application_1956766805,O_Cancelled,User_60
Application_1956791928,O_Cancelled,User_60
Application_1959337414,A_Validating,User_60
Application_1961240923,O_Cancelled,User_60
Application_1962627507,O_Cancelled,User_60
Application_1963573946,W_Assess potential fraud,User_138
Application_1965500474,O_Cancelled,User_60
Application_1967206176,O_Create Offer,User_53
Application_1969146161,O_Cancelled,User_60
Application_1972943445,A_Accepted,User_60
Application_1973228648,A_Validating,User_60
Application_1973370956,A_Accepted,User_60
Application_1975875773,O_Cancelled,User_60
Application_1977245249,O_Cancelled,User_60
Application_1977495845,O_Cancelled,User_60
Application_1977527226,O_Cancelled,User_60
Application_1981765819,A_Validating,User_60
Application_1982607878,A_Accepted,User_60
Application_1982733114,O_Cancelled,User_60
Application_198353249,A_Validating,User_60
Application_1985092595,A_Validating,User_60
Application_1986031641,O_Cancelled,User_60
Application_1988315370,O_Cancelled,User_60
Application_1989747549,O_Cancelled,User_60
Application_1993223899,O_Cancelled,User_60
Application_1994370200,O_Cancelled,User_60
Application_1996626176,A_Validating,User_60
Application_1998761870,O_Cancelled,User_60
Application_2000724078,O_Cancelled,User_60
Application_2001671275,O_Cancelled,User_60
Application_2001914382,A_Validating,User_60
Application_2002095565,O_Cancelled,User_60
Application_2005181988,O_Cancelled,User_60
Application_200571610,O_Cancelled,User_60
Application_2006347468,O_Cancelled,User_60
Application_2007510123,A_Validating,User_60
Application_2009636245,A_Validating,User_60
Application_2011400542,A_Validating,User_60
Application_201226585,A_Validating,User_60
Application_2014512878,O_Cancelled,User_60
Application_2019039986,O_Cancelled,User_53
Application_2023182441,O_Cancelled,User_60
Application_2023495877,O_Cancelled,User_60
Application_2030977794,O_Cancelled,User_60
Application_2031722279,A_Accepted,User_60
Application_2037628374,W_Call incomplete files,User_60
Application_203882577,O_Cancelled,User_60
Application_2039555176,O_Cancelled,User_60
Application_2041082181,W_Call incomplete files,User_60
Application_2042250346,O_Cancelled,User_60
Application_2042825617,A_Validating,User_60
Application_2045238910,O_Cancelled,User_53
Application_2048074537,O_Cancelled,User_53
Application_2048493250,O_Cancelled,User_53
Application_2050505348,O_Cancelled,User_60
Application_205371665,A_Accepted,User_60
Application_2054208799,O_Cancelled,User_60
Application_2060163290,O_Cancelled,User_60
Application_2061057770,O_Cancelled,User_60
Application_2063478609,O_Cancelled,User_60
Application_2066286831,O_Cancelled,User_60
Application_2066994465,O_Cancelled,User_60
Application_2068346638,A_Incomplete,User_115
Application_2068604074,O_Cancelled,User_60
Application_206952436,O_Cancelled,User_60
Application_2070562676,O_Cancelled,User_60
Application_2071699900,A_Validating,User_60
Application_2072289125,A_Accepted,User_60
Application_2073308243,O_Cancelled,User_60
Application_207339459,O_Cancelled,User_60
Application_2074797883,W_Call incomplete files,User_60
Application_2075758729,O_Cancelled,User_60
Application_2076467866,O_Cancelled,User_60
Application_2079651515,A_Accepted,User_60
Application_2082068141,A_Validating,User_60
Application_2083246665,O_Cancelled,User_60
Application_2085277055,O_Cancelled,User_60
Application_2085485499,O_Cancelled,User_60
Application_2086489211,O_Cancelled,User_60
Application_209271407,O_Cancelled,User_60
Application_2093418706,O_Cancelled,User_60
Application_209353363,O_Cancelled,User_60
Application_209668210,A_Incomplete,User_75
Application_209746504,O_Cancelled,User_60
Application_2097853213,O_Cancelled,User_60
Application_209920715,O_Cancelled,User_60
Application_2106682825,O_Cancelled,User_60
Application_2107058398,O_Cancelled,User_60
Application_2107470141,O_Cancelled,User_60
Application_2108739778,O_Cancelled,User_60
Application_2112486601,O_Cancelled,User_60
Application_2114228749,O_Cancelled,User_60
Application_2114397242,A_Accepted,User_60
Application_2114478093,O_Cancelled,User_60
Application_2115000513,O_Cancelled,User_60
Application_2115467803,O_Cancelled,User_60
Application_2119233610,O_Cancelled,User_60
Application_2120648830,O_Cancelled,User_60
Application_2120691848,O_Cancelled,User_60
Application_2120756983,A_Validating,User_60
Application_212230062,O_Cancelled,User_60
Application_2123037823,O_Cancelled,User_60
Application_2126227408,O_Cancelled,User_60
Application_212827687,A_Incomplete,User_75
Application_212928330,O_Cancelled,User_60
Application_2132280763,O_Cancelled,User_60
Application_213454046,O_Create Offer,User_60
Application_2135846806,A_Validating,User_60
Application_21361855,O_Cancelled,User_60
Application_2137284046,O_Cancelled,User_60
Application_2137965722,A_Accepted,User_60
Application_2139351766,A_Incomplete,User_75
Application_21407155,O_Cancelled,User_60
Application_2142142895,O_Cancelled,User_60
Application_2144122462,O_Cancelled,User_60
Application_2144168420,O_Cancelled,User_53
Application_2144661227,O_Cancelled,User_60
Application_215182354,A_Validating,User_60
Application_217533223,O_Cancelled,User_60
Application_221972358,O_Create Offer,User_60
Application_22464644,O_Cancelled,User_60
Application_224754370,O_Cancelled,User_60
Application_224813522,O_Cancelled,User_60
Application_22510455,W_Call incomplete files,User_60
Application_226261488,O_Cancelled,User_60
Application_226937754,O_Cancelled,User_60
Application_228704236,O_Cancelled,User_60
Application_230223373,O_Cancelled,User_60
Application_230883551,O_Cancelled,User_60
Application_23155824,O_Cancelled,User_60
Application_234107884,W_Call incomplete files,User_60
Application_235397842,A_Validating,User_60
Application_236278083,O_Cancelled,User_60
Application_237507077,O_Cancelled,User_60
Application_240232555,A_Validating,User_60
Application_243166408,O_Cancelled,User_60
Application_243699734,O_Cancelled,User_60
Application_244721799,O_Cancelled,User_53
Application_244735779,O_Cancelled,User_60
Application_247080311,O_Cancelled,User_60
Application_247978091,O_Cancelled,User_60
Application_248502899,A_Validating,User_60
Application_254078930,O_Cancelled,User_60
Application_256387624,O_Create Offer,User_53
Application_256910374,O_Cancelled,User_60
Application_257501952,O_Cancelled,User_60
Application_259138296,O_Cancelled,User_60
Application_259616336,O_Cancelled,User_60
Application_261369076,O_Cancelled,User_60
Application_266785750,O_Cancelled,User_60
Application_267056796,O_Cancelled,User_60
Application_270049565,A_Validating,User_60
Application_272280744,O_Cancelled,User_60
Application_275583545,W_Call incomplete files,User_60
Application_279418875,O_Cancelled,User_60
Application_279903864,O_Cancelled,User_60
Application_280204698,O_Cancelled,User_60
Application_283291072,O_Cancelled,User_60
Application_28650741,A_Validating,User_60
Application_289242623,O_Cancelled,User_60
Application_290853810,A_Accepted,User_60
Application_292538021,O_Cancelled,User_60
Application_293218181,O_Cancelled,User_60
Application_293711004,O_Cancelled,User_60
Application_293784002,O_Cancelled,User_60
Application_29643939,O_Cancelled,User_60
Application_296732482,O_Cancelled,User_60
Application_296929011,O_Cancelled,User_60
Application_300330924,O_Cancelled,User_60
Application_300537283,O_Cancelled,User_60
Application_303989070,O_Cancelled,User_60
Application_304064538,O_Cancelled,User_60
Application_305127122,A_Validating,User_60
Application_306247214,O_Cancelled,User_60
Application_312317308,A_Validating,User_60
Application_31323455,A_Validating,User_60
Application_314699807,O_Cancelled,User_60
Application_317371813,O_Cancelled,User_60
Application_317775008,O_Create Offer,User_60
Application_318786171,O_Cancelled,User_60
Application_319349339,O_Cancelled,User_60
Application_321274541,O_Cancelled,User_60
Application_324103267,O_Cancelled,User_60
Application_32426870,W_Call incomplete files,User_60
Application_325616282,A_Validating,User_60
Application_325784094,O_Cancelled,User_60
Application_326755186,O_Cancelled,User_60
Application_328388149,O_Cancelled,User_60
Application_331057835,O_Cancelled,User_60
Application_333578134,O_Cancelled,User_60
Application_333690054,O_Cancelled,User_60
Application_335023490,O_Cancelled,User_60
Application_335474007,A_Cancelled,User_60
Application_339180061,O_Cancelled,User_60
Application_341953107,O_Cancelled,User_60
Application_342651210,O_Cancelled,User_60
Application_342847155,O_Cancelled,User_60
Application_343582223,O_Cancelled,User_60
Application_343910252,A_Accepted,User_60
Application_345336220,O_Cancelled,User_60
Application_346042050,O_Create Offer,User_60
Application_347752818,O_Cancelled,User_60
Application_351467957,O_Cancelled,User_60
Application_353184979,A_Validating,User_60
Application_353245935,O_Cancelled,User_60
Application_357088901,O_Cancelled,User_60
Application_35750569,O_Cancelled,User_60
Application_357958889,O_Cancelled,User_60
Application_359467139,O_Cancelled,User_60
Application_360751084,O_Cancelled,User_60
Application_362934273,O_Cancelled,User_60
Application_364658802,A_Validating,User_60
Application_370235829,O_Cancelled,User_60
Application_371014669,O_Cancelled,User_60
Application_373770977,O_Cancelled,User_60
Application_37796637,A_Validating,User_60
Application_380387500,O_Cancelled,User_60
Application_3833217,O_Cancelled,User_60
Application_386532778,A_Validating,User_60
Application_39469630,O_Cancelled,User_60
Application_394826272,O_Cancelled,User_60
Application_39557309,O_Cancelled,User_60
Application_396179688,O_Cancelled,User_60
Application_39976522,A_Incomplete,User_75
Application_400145410,O_Cancelled,User_60
Application_401788441,O_Cancelled,User_60
Application_403880003,O_Cancelled,User_60
Application_405345335,O_Cancelled,User_60
Application_406765375,O_Cancelled,User_60
Application_408470260,O_Cancelled,User_60
Application_40942733,O_Cancelled,User_60
Application_410219953,O_Cancelled,User_60
Application_415628899,O_Cancelled,User_60
Application_417956700,O_Cancelled,User_60
Application_418469024,A_Accepted,User_60
Application_423284802,O_Cancelled,User_60
Application_423371990,W_Call incomplete files,User_60
Application_42358012,O_Cancelled,User_60
Application_425370375,O_Cancelled,User_60
Application_426373580,O_Cancelled,User_60
Application_427259310,O_Cancelled,User_60
Application_427792625,O_Cancelled,User_60
Application_429432940,O_Cancelled,User_60
Application_433475182,A_Validating,User_60
Application_434948168,O_Cancelled,User_60
Application_435727545,O_Create Offer,User_60
Application_435761359,O_Cancelled,User_60
Application_437630836,O_Cancelled,User_60
Application_443577191,O_Cancelled,User_60
Application_443644223,O_Cancelled,User_60
Application_444182929,A_Accepted,User_60
Application_444408080,O_Cancelled,User_60
Application_445088523,O_Cancelled,User_60
Application_44622879,O_Cancelled,User_60
Application_447427583,A_Validating,User_60
Application_447612600,O_Cancelled,User_60
Application_448703047,A_Accepted,User_60
Application_450313645,O_Cancelled,User_60
Application_452765665,O_Cancelled,User_60
Application_45620139,O_Cancelled,User_60
Application_457566844,W_Call incomplete files,User_60
Application_460249900,O_Cancelled,User_60
Application_461610180,O_Cancelled,User_60
Application_465577412,O_Cancelled,User_60
Application_46651536,O_Cancelled,User_60
Application_468569363,O_Cancelled,User_60
Application_468653475,O_Cancelled,User_60
Application_476277757,O_Cancelled,User_60
Application_477329320,O_Cancelled,User_60
Application_477421113,A_Validating,User_60
Application_478157343,O_Cancelled,User_60
Application_478992615,O_Cancelled,User_60
Application_479890307,O_Cancelled,User_60
Application_480755987,O_Cancelled,User_60
Application_48288644,O_Cancelled,User_60
Application_485161642,O_Cancelled,User_60
Application_48564583,A_Cancelled,User_60
Application_488044029,O_Cancelled,User_60
Application_488496337,O_Create Offer,User_60
Application_489715983,O_Cancelled,User_60
Application_489770374,A_Validating,User_60
Application_495116903,O_Cancelled,User_60
Application_496769388,O_Cancelled,User_60
Application_498298032,O_Cancelled,User_60
Application_503535967,O_Cancelled,User_60
Application_503826692,A_Accepted,User_60
Application_503892757,A_Validating,User_60
Application_505169833,O_Cancelled,User_60
Application_505298319,A_Validating,User_60
Application_50614055,O_Cancelled,User_60
Application_507784507,O_Cancelled,User_60
Application_510414837,W_Call incomplete files,User_60
Application_510980371,O_Cancelled,User_60
Application_51428214,O_Cancelled,User_60
Application_514302389,A_Validating,User_60
Application_517927839,O_Cancelled,User_60
Application_520057794,A_Validating,User_60
Application_52093579,O_Cancelled,User_60
Application_521868863,O_Cancelled,User_60
Application_523198484,O_Cancelled,User_60
Application_52325620,O_Cancelled,User_60
Application_524545559,O_Cancelled,User_60
Application_525084312,O_Cancelled,User_60
Application_525601378,W_Call incomplete files,User_60
Application_526102725,W_Call incomplete files,User_60
Application_531070131,O_Cancelled,User_60
Application_531609459,O_Cancelled,User_60
Application_532242973,A_Validating,User_60
Application_533465776,O_Create Offer,User_60
Application_533980988,O_Cancelled,User_60
Application_53401839,A_Validating,User_60
Application_534041276,W_Call incomplete files,User_60
Application_534916861,W_Call incomplete files,User_60
Application_542806806,A_Validating,User_60
Application_543796951,O_Cancelled,User_60
Application_551250915,O_Cancelled,User_60
Application_555300278,O_Cancelled,User_60
Application_555399999,O_Cancelled,User_60
Application_556726345,A_Cancelled,User_1
Application_558224664,O_Cancelled,User_60
Application_561276012,A_Incomplete,User_75
Application_562856588,O_Cancelled,User_60
Application_566579030,O_Cancelled,User_60
Application_567832681,O_Cancelled,User_60
Application_568412620,O_Cancelled,User_60
Application_568657523,O_Cancelled,User_60
Application_569667899,A_Validating,User_60
Application_569929503,O_Cancelled,User_60
Application_5709416,O_Cancelled,User_60
Application_571141074,O_Create Offer,User_60
Application_571266372,O_Cancelled,User_60
Application_572015408,O_Cancelled,User_60
Application_572065432,O_Cancelled,User_60
Application_572693072,A_Validating,User_60
Application_573832670,O_Cancelled,User_60
Application_575518856,O_Cancelled,User_60
Application_575581585,O_Cancelled,User_60
Application_575944975,O_Cancelled,User_60
Application_579446128,A_Validating,User_60
Application_57947552,O_Cancelled,User_60
Application_580307478,O_Cancelled,User_60
Application_586220850,O_Create Offer,User_60
Application_593651416,O_Cancelled,User_60
Application_595320620,O_Cancelled,User_60
Application_596200989,O_Cancelled,User_60
Application_597453957,O_Cancelled,User_60
Application_599737805,O_Cancelled,User_60
Application_60159601,A_Accepted,User_60
Application_605202707,O_Cancelled,User_60
Application_606294488,O_Create Offer,User_60
Application_609549109,O_Cancelled,User_60
Application_611961345,A_Validating,User_60
Application_613282920,O_Cancelled,User_60
Application_614598233,A_Validating,User_60
Application_615423212,O_Cancelled,User_60
Application_619601205,O_Cancelled,User_60
Application_621848056,W_Call incomplete files,User_60
Application_624868389,O_Cancelled,User_60
Application_625865403,O_Cancelled,User_60
Application_626676600,O_Cancelled,User_60
Application_626804169,O_Cancelled,User_60
Application_631926508,O_Create Offer,User_60
Application_634611718,A_Incomplete,User_115
Application_63629581,A_Validating,User_60
Application_636373104,O_Cancelled,User_60
Application_636936558,O_Cancelled,User_60
Application_637668440,O_Cancelled,User_60
Application_638063982,O_Cancelled,User_60
Application_641412341,O_Cancelled,User_60
Application_642207018,O_Cancelled,User_60
Application_642241213,A_Validating,User_60
Application_643473779,O_Cancelled,User_60
Application_643886215,O_Cancelled,User_60
Application_644358883,O_Cancelled,User_60
Application_645021443,O_Cancelled,User_60
Application_647094276,O_Cancelled,User_60
Application_647762796,O_Cancelled,User_60
Application_648078846,A_Validating,User_60
Application_649073329,O_Cancelled,User_60
Application_650036394,A_Validating,User_60
Application_655459679,O_Cancelled,User_60
Application_656831331,O_Cancelled,User_60
Application_657686177,O_Cancelled,User_60
Application_658380691,O_Cancelled,User_60
Application_658560478,O_Cancelled,User_60
Application_658640561,A_Validating,User_60
Application_658669371,O_Cancelled,User_60
Application_659649199,A_Accepted,User_60
Application_659943365,A_Accepted,User_60
Application_661843212,O_Cancelled,User_60
Application_662150009,O_Cancelled,User_60
Application_662648071,A_Validating,User_60
Application_662953436,W_Call incomplete files,User_60
Application_666795476,O_Cancelled,User_60
Application_668080527,O_Cancelled,User_60
Application_668971390,O_Create Offer,User_53
Application_672913902,A_Accepted,User_60
Application_676003569,O_Cancelled,User_60
Application_676856881,O_Cancelled,User_60
Application_681495041,A_Validating,User_60
Application_68205985,O_Cancelled,User_60
Application_687290320,O_Cancelled,User_60
Application_68806956,O_Cancelled,User_60
Application_689308430,O_Cancelled,User_60
Application_689354983,O_Cancelled,User_60
Application_689626069,O_Cancelled,User_60
Application_6918840,W_Call incomplete files,User_60
Application_692524901,O_Cancelled,User_60
Application_693133202,O_Cancelled,User_60
Application_693454125,O_Create Offer,User_53
Application_694086390,W_Call incomplete files,User_60
Application_695204111,O_Cancelled,User_60
Application_699037232,O_Create Offer,User_60
Application_700314092,O_Cancelled,User_60
Application_70630239,O_Cancelled,User_60
Application_708727245,O_Cancelled,User_60
Application_710225329,O_Cancelled,User_60
Application_710744550,O_Cancelled,User_60
Application_71116760,O_Cancelled,User_60
Application_711287867,O_Create Offer,User_60
Application_7185118,O_Cancelled,User_60
Application_723063609,O_Cancelled,User_60
Application_724736325,O_Cancelled,User_60
Application_72512890,W_Call incomplete files,User_60
Application_726100885,O_Cancelled,User_60
Application_727560851,O_Cancelled,User_60
Application_731435799,O_Cancelled,User_60
Application_731999486,O_Cancelled,User_60
Application_733019920,O_Cancelled,User_60
Application_733314763,O_Cancelled,User_60
Application_735304960,O_Cancelled,User_60
Application_7389998,O_Cancelled,User_60
Application_740179837,O_Cancelled,User_60
Application_740525078,O_Cancelled,User_60
Application_741075840,O_Cancelled,User_60
Application_741191887,O_Cancelled,User_60
Application_74640015,O_Cancelled,User_60
Application_746909032,O_Cancelled,User_60
Application_747766514,O_Cancelled,User_60
Application_74892505,A_Accepted,User_60
Application_74903355,O_Cancelled,User_60
Application_74910338,O_Cancelled,User_60
Application_749870422,O_Cancelled,User_60
Application_750452012,A_Validating,User_60
Application_751800085,O_Cancelled,User_60
Application_753519848,A_Validating,User_60
Application_753953246,A_Validating,User_60
Application_754519735,O_Cancelled,User_60
Application_755070866,W_Call incomplete files,User_60
Application_7568877,O_Cancelled,User_60
Application_75790454,O_Cancelled,User_60
Application_760899328,O_Cancelled,User_60
Application_76120364,O_Cancelled,User_60
Application_763074343,O_Cancelled,User_60
Application_76654009,A_Validating,User_60
Application_767900998,O_Cancelled,User_60
Application_769386117,O_Create Offer,User_53
Application_769436216,O_Cancelled,User_60
Application_769456413,O_Cancelled,User_60
Application_771457346,O_Cancelled,User_60
Application_7716356,O_Cancelled,User_60
Application_773870683,W_Call incomplete files,User_60
Application_774631722,W_Call incomplete files,User_60
Application_77471286,O_Cancelled,User_60
Application_775825240,A_Validating,User_60
Application_776408003,A_Accepted,User_60
Application_778393530,O_Cancelled,User_60
Application_780411074,O_Cancelled,User_60
Application_78151586,O_Cancelled,User_53
Application_789568590,O_Cancelled,User_60
Application_791394136,O_Cancelled,User_60
Application_793078984,O_Cancelled,User_60
Application_793183519,O_Cancelled,User_60
Application_79381886,O_Cancelled,User_60
Application_795283356,A_Accepted,User_60
Application_796878514,O_Cancelled,User_60
Application_797691856,O_Cancelled,User_60
Application_798419431,O_Cancelled,User_60
Application_80063242,O_Cancelled,User_60
Application_813462982,O_Cancelled,User_60
Application_817012302,O_Cancelled,User_60
Application_8174970,O_Cancelled,User_60
Application_821498764,O_Cancelled,User_60
Application_822406623,A_Validating,User_60
Application_825188863,A_Validating,User_60
Application_825204284,O_Cancelled,User_60
Application_825848153,O_Cancelled,User_60
Application_826007789,O_Cancelled,User_60
Application_827688187,W_Call incomplete files,User_60
Application_827819368,O_Cancelled,User_60
Application_829633072,O_Cancelled,User_60
Application_83055924,O_Cancelled,User_60
Application_831530055,O_Cancelled,User_53
Application_83214651,A_Validating,User_60
Application_834130768,O_Cancelled,User_60
Application_836064793,A_Validating,User_60
Application_839135983,O_Cancelled,User_60
Application_840426240,O_Cancelled,User_60
Application_840645428,O_Cancelled,User_60
Application_841975726,O_Cancelled,User_60
Application_842230595,A_Accepted,User_60
Application_843299326,O_Cancelled,User_60
Application_843640997,O_Cancelled,User_60
Application_846715236,A_Accepted,User_60
Application_848190586,O_Cancelled,User_60
Application_848512225,O_Cancelled,User_60
Application_850637249,O_Create Offer,User_60
Application_850731995,O_Cancelled,User_60
Application_851840391,O_Cancelled,User_60
Application_852507242,A_Accepted,User_60
Application_854276028,O_Cancelled,User_60
Application_856729102,O_Cancelled,User_60
Application_86065332,A_Accepted,User_60
Application_860656917,A_Validating,User_60
Application_861341090,O_Cancelled,User_60
Application_8621012,A_Validating,User_60
Application_863789331,O_Cancelled,User_60
Application_864884278,O_Cancelled,User_60
Application_865318653,A_Incomplete,User_75
Application_865788556,O_Cancelled,User_60
Application_867002961,O_Cancelled,User_60
Application_868516310,O_Cancelled,User_60
Application_871251765,O_Cancelled,User_60
Application_871623762,O_Cancelled,User_60
Application_872390004,O_Cancelled,User_60
Application_874707363,O_Cancelled,User_60
Application_875040064,O_Cancelled,User_60
Application_87660035,O_Cancelled,User_60
Application_87663964,O_Create Offer,User_53
Application_87679955,O_Cancelled,User_60
Application_877302416,O_Cancelled,User_60
Application_877547450,O_Cancelled,User_60
Application_877661589,O_Cancelled,User_60
Application_882005937,O_Cancelled,User_60
Application_885617837,A_Validating,User_60
Application_886797748,A_Accepted,User_60
Application_889565539,O_Cancelled,User_60
Application_891183101,O_Cancelled,User_60
Application_891274487,O_Cancelled,User_60
Application_894545527,O_Cancelled,User_60
Application_894654066,O_Cancelled,User_60
Application_894816076,O_Cancelled,User_60
Application_896152572,O_Cancelled,User_60
Application_896912269,O_Cancelled,User_60
Application_900305690,O_Cancelled,User_60
Application_902902027,O_Cancelled,User_60
Application_905771944,O_Cancelled,User_60
Application_905927812,A_Accepted,User_60
Application_907379399,W_Call incomplete files,User_60
Application_90844538,O_Cancelled,User_60
Application_910274014,A_Validating,User_60
Application_911418076,O_Cancelled,User_60
Application_914255000,A_Validating,User_60
Application_914518259,O_Cancelled,User_60
Application_922331996,O_Cancelled,User_60
Application_925487474,O_Cancelled,User_60
Application_930394279,A_Validating,User_60
Application_934763385,O_Cancelled,User_60
Application_935691744,O_Cancelled,User_60
Application_936362904,O_Cancelled,User_60
Application_936472505,O_Cancelled,User_53
Application_93941037,O_Cancelled,User_60
Application_949360290,O_Create Offer,User_60
Application_949738035,O_Cancelled,User_60
Application_95006764,A_Validating,User_60
Application_956215142,O_Cancelled,User_60
Application_956974251,O_Cancelled,User_60
Application_957865905,O_Cancelled,User_60
Application_958042176,W_Call incomplete files,User_60
Application_960618961,O_Cancelled,User_60
Application_963149420,O_Cancelled,User_60
Application_964352700,O_Cancelled,User_60
Application_964418796,A_Validating,User_60
Application_964901699,A_Incomplete,User_75
Application_965947000,O_Cancelled,User_60
Application_966967365,O_Cancelled,User_53
Application_96860334,O_Cancelled,User_60
Application_970137290,O_Cancelled,User_60
Application_970274306,O_Cancelled,User_60
Application_972369663,O_Cancelled,User_60
Application_974868974,O_Cancelled,User_60
Application_975545550,A_Accepted,User_60
Application_978586089,W_Call incomplete files,User_60
Application_978757162,O_Cancelled,User_60
Application_978946302,O_Cancelled,User_60
Application_98120414,O_Cancelled,User_60
Application_981883380,O_Cancelled,User_60
Application_983709263,A_Validating,User_60
Application_983875383,A_Validating,User_60
Application_984284284,O_Cancelled,User_60
Application_985225649,O_Cancelled,User_60
Application_986694126,O_Cancelled,User_60
Application_990181012,O_Cancelled,User_60
Application_997024654,O_Create Offer,User_60
Application_997160076,O_Cancelled,User_60
Application_99940018,O_Cancelled,User_60
