case:concept:name,pred_outcome,pred_sigmoid_mm_time,pred_uncertainty,prob_outcome_better,prob_time_better,status
Application_1003444518,,,,,,ok
Application_1004385970,,,,,,ok
Application_1006138809,,,,,,ok
Application_1008663678,,,,,,ok
Application_1012600292,,,,,,ok
Application_101285063,,,,,,ok
Application_1013192848,,,,,,ok
Application_1016792765,,,,,,ok
Application_1018266027,,,,,,ok
Application_1018276550,,,,,,ok
Application_101973919,,,,,,no_confident_recommendation
Application_1020696982,,,,,,ok
Application_1020792873,,,,,,ok
Application_1020819842,,,,,,ok
Application_1022084723,,,,,,ok
Application_1023037940,,,,,,ok
Application_102597720,,,,,,ok
Application_1026777184,,,,,,ok
Application_1027449105,,,,,,ok
Application_1027859705,,,,,,ok
Application_1028665365,,,,,,ok
Application_1029674102,,,,,,ok
Application_102977791,,,,,,ok
Application_1031465496,,,,,,ok
Application_1032862024,,,,,,ok
Application_1033036371,,,,,,ok
Application_1033306842,,,,,,ok
Application_1033574302,,,,,,ok
Application_1034775753,,,,,,ok
Application_1035618893,,,,,,ok
Application_1037771791,,,,,,ok
Application_1038302868,,,,,,ok
Application_1038660996,,,,,,ok
Application_1039200421,,,,,,ok
Application_104061665,,,,,,ok
Application_1041438098,,,,,,no_confident_recommendation
Application_104406636,,,,,,ok
Application_1046222107,,,,,,ok
Application_1046524820,,,,,,ok
Application_1048834285,,,,,,ok
Application_104922918,,,,,,ok
Application_1050938301,,,,,,ok
Application_105434976,,,,,,ok
Application_1054777483,,,,,,ok
Application_1056831748,,,,,,no_confident_recommendation
Application_1057881509,,,,,,ok
Application_105906022,,,,,,ok
Application_1064102675,,,,,,ok
Application_1065401414,,,,,,ok
Application_1069486579,,,,,,ok
Application_1069511528,,,,,,ok
Application_107048111,,,,,,ok
Application_1070499420,,,,,,ok
Application_1071392906,,,,,,ok
Application_1072302976,,,,,,ok
Application_1072740747,,,,,,ok
Application_1073143855,,,,,,ok
Application_1076592180,,,,,,ok
Application_1077139293,,,,,,ok
Application_1079472664,,,,,,ok
Application_1079589,,,,,,ok
Application_1081153991,,,,,,ok
Application_1082188204,,,,,,ok
Application_1083885618,,,,,,ok
Application_1084197155,,,,,,ok
Application_1084809711,,,,,,ok
Application_1084951999,,,,,,ok
Application_1085916302,,,,,,ok
Application_1086189813,,,,,,ok
Application_1086358390,,,,,,ok
Application_1087895834,,,,,,ok
Application_1088555315,,,,,,ok
Application_1089290640,,,,,,ok
Application_1090974006,,,,,,ok
Application_1091454310,,,,,,ok
Application_1092109071,,,,,,ok
Application_1092918410,,,,,,ok
Application_1095263419,,,,,,ok
Application_1096081779,,,,,,ok
Application_109628015,,,,,,ok
Application_1096460123,,,,,,ok
Application_1096932592,,,,,,ok
Application_109718783,,,,,,ok
Application_109912668,,,,,,ok
Application_1099430757,,,,,,ok
Application_1099493178,,,,,,ok
Application_1099663893,,,,,,ok
Application_1100253381,,,,,,ok
Application_1101636672,,,,,,ok
Application_1102148836,,,,,,ok
Application_1102289179,,,,,,ok
Application_110355063,,,,,,ok
Application_1103698005,,,,,,no_confident_recommendation
Application_1104110439,,,,,,ok
Application_1104349279,,,,,,ok
Application_1104697616,,,,,,ok
Application_1104784494,,,,,,ok
Application_1104839673,,,,,,ok
Application_1106610804,,,,,,ok
Application_1107513596,,,,,,ok
Application_1107974200,,,,,,ok
Application_1108410496,,,,,,ok
Application_1108553853,,,,,,ok
Application_1109500523,,,,,,ok
Application_1109722425,,,,,,ok
Application_1110003824,,,,,,ok
Application_1110334222,,,,,,ok
Application_1110847631,,,,,,ok
Application_1112791540,,,,,,ok
Application_1114627184,,,,,,ok
Application_1115275695,,,,,,ok
Application_111536511,,,,,,ok
Application_1116596448,,,,,,ok
Application_1116878017,,,,,,ok
Application_1118317851,,,,,,ok
Application_1118691851,,,,,,ok
Application_1118794258,,,,,,ok
Application_1119128567,,,,,,ok
Application_1119346613,,,,,,ok
Application_1119704576,,,,,,ok
Application_1120624192,,,,,,ok
Application_1121095468,,,,,,ok
Application_112299550,,,,,,ok
Application_1123320394,,,,,,ok
Application_1123432099,,,,,,ok
Application_1123655418,,,,,,ok
Application_1124789802,,,,,,ok
Application_1125229039,,,,,,no_confident_recommendation
Application_1125299308,,,,,,ok
Application_1131812437,,,,,,no_confident_recommendation
Application_1131974200,,,,,,ok
Application_1132898010,,,,,,ok
Application_1133826059,,,,,,ok
Application_113474586,,,,,,ok
Application_1136138244,,,,,,ok
Application_1136188668,,,,,,ok
Application_1136782466,,,,,,no_confident_recommendation
Application_1136942310,,,,,,ok
Application_1138343850,,,,,,ok
Application_1138441532,,,,,,ok
Application_1138682900,,,,,,ok
Application_1139095492,,,,,,ok
Application_1140000103,,,,,,ok
Application_1140214785,,,,,,ok
Application_1140934167,,,,,,ok
Application_1141437569,,,,,,ok
Application_1141800606,,,,,,ok
Application_1142291922,,,,,,ok
Application_1143452352,,,,,,ok
Application_1143725882,,,,,,ok
Application_1143749034,,,,,,ok
Application_1144806380,,,,,,ok
Application_1145195394,,,,,,ok
Application_11454632,,,,,,ok
Application_114551747,,,,,,ok
Application_1145960664,,,,,,ok
Application_1146017257,,,,,,ok
Application_1146390793,,,,,,no_confident_recommendation
Application_114677449,,,,,,ok
Application_1147242139,,,,,,ok
Application_1147800670,,,,,,ok
Application_1148505526,,,,,,ok
Application_1149826505,,,,,,ok
Application_1149882287,,,,,,ok
Application_1151306652,,,,,,ok
Application_1151718196,,,,,,ok
Application_1152706558,,,,,,ok
Application_1153327019,,,,,,ok
Application_1153332543,,,,,,ok
Application_115387399,,,,,,ok
Application_1154947942,,,,,,ok
Application_1155624509,,,,,,ok
Application_1156380786,,,,,,ok
Application_1157095713,,,,,,ok
Application_1157455039,,,,,,ok
Application_1160716330,,,,,,ok
Application_1164107164,,,,,,ok
Application_116887817,,,,,,ok
Application_1171197563,,,,,,ok
Application_1172008352,,,,,,ok
Application_1173149180,,,,,,ok
Application_1173289988,,,,,,ok
Application_1173481848,,,,,,ok
Application_1174114825,,,,,,ok
Application_1175285346,,,,,,ok
Application_1175418215,,,,,,ok
Application_117660615,,,,,,ok
Application_11773925,,,,,,no_confident_recommendation
Application_118076535,,,,,,ok
Application_1180779910,,,,,,ok
Application_1182794641,,,,,,ok
Application_1183136852,,,,,,ok
Application_1183476189,,,,,,ok
Application_1183534481,,,,,,ok
Application_1183954314,,,,,,ok
Application_1184253258,,,,,,ok
Application_1185560776,,,,,,ok
Application_1186011075,,,,,,ok
Application_1187770735,,,,,,ok
Application_1189444299,,,,,,ok
Application_1189871359,,,,,,ok
Application_1192817854,,,,,,ok
Application_1193407725,,,,,,ok
Application_1194573334,,,,,,ok
Application_1196211316,,,,,,ok
Application_1200105859,,,,,,ok
Application_1201250492,,,,,,ok
Application_1201267547,,,,,,ok
Application_1202440901,,,,,,ok
Application_1203000059,,,,,,ok
Application_120400056,,,,,,ok
Application_1205027125,,,,,,ok
Application_1205291296,,,,,,ok
Application_1207519267,,,,,,ok
Application_1208202898,,,,,,ok
Application_1208543050,,,,,,ok
Application_1209476276,,,,,,ok
Application_1210322027,,,,,,ok
Application_1213205773,,,,,,ok
Application_121670659,,,,,,ok
Application_1216723425,,,,,,ok
Application_1218203113,,,,,,ok
Application_1218332981,,,,,,ok
Application_1219055263,,,,,,ok
Application_1219949717,,,,,,ok
Application_1220541878,,,,,,ok
Application_1221269355,,,,,,ok
Application_1222039007,,,,,,no_confident_recommendation
Application_1224187740,,,,,,ok
Application_1225769256,,,,,,ok
Application_1226442731,,,,,,ok
Application_1228403719,,,,,,ok
Application_1234321250,,,,,,ok
Application_1234365113,,,,,,ok
Application_1235896381,,,,,,ok
Application_1237086325,,,,,,ok
Application_123834627,,,,,,ok
Application_1239060176,,,,,,ok
Application_1239627323,,,,,,ok
Application_1240814574,,,,,,ok
Application_1241865852,,,,,,ok
Application_1241999769,,,,,,ok
Application_1242315969,,,,,,ok
Application_1242352417,,,,,,ok
Application_1242477998,,,,,,ok
Application_1246865304,,,,,,ok
Application_1246985104,,,,,,ok
Application_1248242433,,,,,,ok
Application_1248474304,,,,,,ok
Application_1248532589,,,,,,ok
Application_1248970009,,,,,,ok
Application_1250500817,,,,,,ok
Application_125111453,,,,,,ok
Application_1251689244,,,,,,ok
Application_1252781397,,,,,,ok
Application_1254474288,,,,,,ok
Application_125498955,,,,,,ok
Application_1255919690,,,,,,ok
Application_1256531358,,,,,,ok
Application_1256882757,,,,,,ok
Application_125735546,,,,,,ok
Application_1258084186,,,,,,ok
Application_125846800,,,,,,ok
Application_1258641337,,,,,,no_confident_recommendation
Application_1260313275,,,,,,ok
Application_1260511828,,,,,,ok
Application_126161718,,,,,,ok
Application_1263939811,,,,,,ok
Application_1263997961,,,,,,no_confident_recommendation
Application_1264408299,,,,,,ok
Application_1264902566,,,,,,ok
Application_1265044597,,,,,,ok
Application_1268164546,,,,,,ok
Application_1269305141,,,,,,no_confident_recommendation
Application_1269620603,,,,,,ok
Application_1271570199,,,,,,ok
Application_1272345729,,,,,,ok
Application_1273109806,,,,,,ok
Application_1273243804,,,,,,ok
Application_1273835556,,,,,,ok
Application_1273931422,,,,,,ok
Application_1274166676,,,,,,ok
Application_127457405,,,,,,ok
Application_1274866621,,,,,,ok
Application_1275065414,,,,,,ok
Application_1275483894,,,,,,ok
Application_1275708382,,,,,,ok
Application_1276203911,,,,,,ok
Application_1277202210,,,,,,ok
Application_1278754356,,,,,,ok
Application_1279149491,,,,,,ok
Application_1281070255,,,,,,ok
Application_1281219916,,,,,,ok
Application_1281227660,,,,,,ok
Application_1282231634,,,,,,ok
Application_1282418399,,,,,,ok
Application_128251318,,,,,,ok
Application_1282746821,,,,,,ok
Application_1283341810,,,,,,ok
Application_1283651073,,,,,,ok
Application_1283751278,,,,,,ok
Application_1284230014,,,,,,ok
Application_1286083897,,,,,,ok
Application_1286125502,,,,,,ok
Application_1286165737,,,,,,no_confident_recommendation
Application_1288084480,,,,,,ok
Application_1288647467,,,,,,ok
Application_1288727835,,,,,,ok
Application_1289012778,,,,,,ok
Application_1291280868,,,,,,ok
Application_1291464093,,,,,,ok
Application_1291843877,,,,,,ok
Application_1291971664,,,,,,ok
Application_1292771933,,,,,,ok
Application_1293008903,,,,,,ok
Application_1293120092,,,,,,ok
Application_1294558199,,,,,,ok
Application_1294597796,,,,,,ok
Application_1295538492,,,,,,ok
Application_129565630,,,,,,ok
Application_129573767,,,,,,ok
Application_1295911338,,,,,,ok
Application_1296197799,,,,,,ok
Application_1297559824,,,,,,ok
Application_1299856399,,,,,,ok
Application_1300309831,,,,,,ok
Application_1300870804,,,,,,no_confident_recommendation
Application_1302829474,,,,,,no_confident_recommendation
Application_1303460272,,,,,,ok
Application_130463013,,,,,,ok
Application_1304842887,,,,,,ok
Application_130658775,,,,,,ok
Application_1307447876,,,,,,ok
Application_1307546210,,,,,,ok
Application_1307592624,,,,,,ok
Application_130761111,,,,,,ok
Application_1307722721,,,,,,ok
Application_1308025514,,,,,,ok
Application_1309710626,,,,,,ok
Application_131097851,,,,,,ok
Application_1311228454,,,,,,ok
Application_1312933469,,,,,,no_confident_recommendation
Application_1314374663,,,,,,ok
Application_1314823602,,,,,,ok
Application_1315782276,,,,,,ok
Application_1316274797,,,,,,ok
Application_1316346128,,,,,,ok
Application_1316469526,,,,,,ok
Application_1316556140,,,,,,ok
Application_1316779443,,,,,,no_confident_recommendation
Application_1317388562,,,,,,ok
Application_1318517683,,,,,,ok
Application_132038140,,,,,,ok
Application_1321952381,,,,,,ok
Application_132220187,,,,,,ok
Application_1322307011,,,,,,no_confident_recommendation
Application_1323283519,,,,,,ok
Application_1323290543,,,,,,ok
Application_1324210895,,,,,,ok
Application_1324391484,,,,,,ok
Application_1324680297,,,,,,ok
Application_1325360487,,,,,,ok
Application_1327686952,,,,,,ok
Application_1328770574,,,,,,ok
Application_1331144446,,,,,,no_confident_recommendation
Application_1331295233,,,,,,ok
Application_1331492368,,,,,,ok
Application_1331678337,,,,,,ok
Application_1331809820,,,,,,ok
Application_1332066828,,,,,,ok
Application_1335180651,,,,,,ok
Application_1335455949,,,,,,ok
Application_1336423282,,,,,,ok
Application_1338322049,,,,,,ok
Application_1339399261,,,,,,ok
Application_1339681597,,,,,,ok
Application_1339781817,,,,,,ok
Application_1340459622,,,,,,ok
Application_1341133743,,,,,,ok
Application_134173506,,,,,,ok
Application_1343184,,,,,,ok
Application_1343349327,,,,,,ok
Application_1343884694,,,,,,ok
Application_1345076352,,,,,,ok
Application_1345333868,,,,,,ok
Application_1347122551,,,,,,ok
Application_1347988922,,,,,,ok
Application_1349926412,,,,,,ok
Application_1350728321,,,,,,ok
Application_1352726942,,,,,,ok
Application_1353447445,,,,,,ok
Application_1353848792,,,,,,ok
Application_1357377502,,,,,,ok
Application_1358946869,,,,,,ok
Application_1359737168,,,,,,ok
Application_1359775338,,,,,,ok
Application_1361444752,,,,,,ok
Application_1361883922,,,,,,ok
Application_1365116675,,,,,,ok
Application_1365152370,,,,,,no_confident_recommendation
Application_1365437313,,,,,,ok
Application_1366143473,,,,,,ok
Application_1366769739,,,,,,ok
Application_1366950042,,,,,,ok
Application_1371434911,,,,,,ok
Application_137438189,,,,,,ok
Application_1375169811,,,,,,ok
Application_1375435938,,,,,,ok
Application_137951178,,,,,,ok
Application_1379975984,,,,,,ok
Application_1380707551,,,,,,ok
Application_138110394,,,,,,ok
Application_1381169658,,,,,,ok
Application_1382009065,,,,,,ok
Application_1382204301,,,,,,ok
Application_1382937184,,,,,,ok
Application_1384106962,,,,,,ok
Application_1384343806,,,,,,ok
Application_1385747357,,,,,,ok
Application_1388031954,,,,,,ok
Application_1389044798,,,,,,ok
Application_1389412266,,,,,,ok
Application_139141595,,,,,,ok
Application_139153216,,,,,,ok
Application_1392867246,,,,,,ok
Application_1392931200,,,,,,ok
Application_13944300,,,,,,ok
Application_1394483322,,,,,,ok
Application_1395388115,,,,,,ok
Application_1395429395,,,,,,ok
Application_139724030,,,,,,ok
Application_1397321296,,,,,,ok
Application_1398266061,,,,,,no_confident_recommendation
Application_1398309462,,,,,,ok
Application_1400741815,,,,,,ok
Application_1401776769,,,,,,ok
Application_1401798992,,,,,,ok
Application_1403984783,,,,,,ok
Application_140463362,,,,,,ok
Application_140466456,,,,,,ok
Application_1406835873,,,,,,ok
Application_1408009203,,,,,,ok
Application_1408362802,,,,,,no_confident_recommendation
Application_1411314331,,,,,,ok
Application_1411809915,,,,,,ok
Application_1413720992,,,,,,ok
Application_1413836638,,,,,,no_possible_actions
Application_1415930985,,,,,,ok
Application_1417653464,,,,,,ok
Application_1417750933,,,,,,no_confident_recommendation
Application_1422930581,,,,,,ok
Application_1424659757,,,,,,ok
Application_1425329540,,,,,,ok
Application_1425800430,,,,,,ok
Application_1425820279,,,,,,no_possible_actions
Application_1427261936,,,,,,ok
Application_1427438242,,,,,,ok
Application_1427573691,,,,,,ok
Application_1431000094,,,,,,ok
Application_1432791901,,,,,,ok
Application_1434518975,,,,,,no_confident_recommendation
Application_1435594188,,,,,,ok
Application_1437497198,,,,,,ok
Application_1437966300,,,,,,ok
Application_1440477840,,,,,,ok
Application_144137365,,,,,,no_confident_recommendation
Application_1444191625,,,,,,ok
Application_1446757334,,,,,,ok
Application_1446807165,,,,,,ok
Application_1447107656,,,,,,ok
Application_1447384497,,,,,,ok
Application_1448754624,,,,,,ok
Application_1449066412,,,,,,ok
Application_144911431,,,,,,ok
Application_1449370855,,,,,,ok
Application_1450319805,,,,,,ok
Application_1450396663,,,,,,ok
Application_1450689239,,,,,,ok
Application_1452533285,,,,,,ok
Application_1452854959,,,,,,no_confident_recommendation
Application_1453589065,,,,,,ok
Application_1453812922,,,,,,ok
Application_1454220575,,,,,,ok
Application_1458277433,,,,,,ok
Application_146114459,,,,,,ok
Application_1464086854,,,,,,ok
Application_146419660,,,,,,ok
Application_1464780823,,,,,,ok
Application_1465025013,,,,,,ok
Application_1468750557,,,,,,ok
Application_1469334320,,,,,,ok
Application_1471430106,,,,,,ok
Application_1472969785,,,,,,ok
Application_1473464035,,,,,,ok
Application_1473625375,,,,,,ok
Application_1473894342,,,,,,ok
Application_1474055956,,,,,,ok
Application_1475968760,,,,,,ok
Application_1479752026,,,,,,ok
Application_1480117653,,,,,,ok
Application_1481242369,,,,,,ok
Application_1481928502,,,,,,ok
Application_1483046130,,,,,,ok
Application_1484189145,,,,,,ok
Application_1485367187,,,,,,ok
Application_1485546748,,,,,,ok
Application_1486220145,,,,,,ok
Application_1487829407,,,,,,ok
Application_1489341726,,,,,,no_confident_recommendation
Application_1489510821,,,,,,ok
Application_1489786126,,,,,,ok
Application_1491300788,,,,,,ok
Application_1492609631,,,,,,ok
Application_1493979926,,,,,,no_confident_recommendation
Application_1494178086,,,,,,ok
Application_1494414449,,,,,,no_confident_recommendation
Application_1495079062,,,,,,ok
Application_1495262961,,,,,,ok
Application_149591383,,,,,,ok
Application_1496349825,,,,,,ok
Application_1496645833,,,,,,ok
Application_1498001149,,,,,,ok
Application_1498610522,,,,,,no_confident_recommendation
Application_1499935603,,,,,,no_confident_recommendation
Application_1501636291,,,,,,ok
Application_150329185,,,,,,ok
Application_1503602511,,,,,,ok
Application_1504307845,,,,,,ok
Application_1504346428,,,,,,ok
Application_150503991,,,,,,ok
Application_1505059688,,,,,,ok
Application_1508285623,,,,,,ok
Application_1508659021,,,,,,ok
Application_1509292111,,,,,,ok
Application_1510765360,,,,,,ok
Application_1511779865,,,,,,ok
Application_151245494,,,,,,ok
Application_151280488,,,,,,ok
Application_1512972539,,,,,,ok
Application_1513197861,,,,,,ok
Application_1515604872,,,,,,ok
Application_1518013035,,,,,,ok
Application_1518048032,,,,,,ok
Application_1519909793,,,,,,ok
Application_1522004111,,,,,,ok
Application_1523406683,,,,,,ok
Application_1523673583,,,,,,ok
Application_1523736860,,,,,,ok
Application_1524859554,,,,,,ok
Application_1527338408,,,,,,ok
Application_1527571617,,,,,,ok
Application_1528161643,,,,,,ok
Application_1529154801,,,,,,no_confident_recommendation
Application_1529928107,,,,,,ok
Application_1530321110,,,,,,no_confident_recommendation
Application_1530932646,,,,,,ok
Application_1531707627,,,,,,ok
Application_1531851576,,,,,,no_confident_recommendation
Application_1533785960,,,,,,ok
Application_1534847619,,,,,,ok
Application_1536534288,,,,,,ok
Application_1537507196,,,,,,ok
Application_1538042026,,,,,,ok
Application_1541647337,,,,,,ok
Application_154179391,,,,,,no_confident_recommendation
Application_1542614392,,,,,,ok
Application_1544217945,,,,,,ok
Application_1544460375,,,,,,ok
Application_1545481822,,,,,,ok
Application_1546052937,,,,,,ok
Application_154623800,,,,,,ok
Application_1546747591,,,,,,ok
Application_1546890088,,,,,,ok
Application_1549000634,,,,,,ok
Application_1550643436,,,,,,ok
Application_1555489073,,,,,,ok
Application_1555975178,,,,,,ok
Application_1557296300,,,,,,no_confident_recommendation
Application_1558264214,,,,,,ok
Application_1559533192,,,,,,ok
Application_1559916934,,,,,,ok
Application_1562686459,,,,,,ok
Application_1563418612,,,,,,ok
Application_1564442059,,,,,,no_confident_recommendation
Application_1565590572,,,,,,ok
Application_1565653243,,,,,,ok
Application_156618714,,,,,,ok
Application_156768160,,,,,,ok
Application_1567826735,,,,,,ok
Application_1569475999,,,,,,ok
Application_1569683122,,,,,,ok
Application_1570331344,,,,,,ok
Application_1571539418,,,,,,ok
Application_157155173,,,,,,ok
Application_1573876833,,,,,,ok
Application_1575096564,,,,,,ok
Application_1575815132,,,,,,ok
Application_1575897956,,,,,,ok
Application_1576631308,,,,,,ok
Application_1577555565,,,,,,ok
Application_1577667494,,,,,,no_confident_recommendation
Application_1578090032,,,,,,ok
Application_1579516377,,,,,,ok
Application_1579588184,,,,,,ok
Application_1580298940,,,,,,ok
Application_1580674851,,,,,,ok
Application_158230798,,,,,,ok
Application_1583297793,,,,,,ok
Application_1583662374,,,,,,ok
Application_1584063031,,,,,,ok
Application_1585601222,,,,,,ok
Application_1589247607,,,,,,ok
Application_1591765651,,,,,,ok
Application_1591900552,,,,,,ok
Application_159263293,,,,,,ok
Application_1594305363,,,,,,ok
Application_159448414,,,,,,ok
Application_1595937456,,,,,,ok
Application_1597614471,,,,,,ok
Application_1597735097,,,,,,ok
Application_1598726895,,,,,,ok
Application_1599405351,,,,,,ok
Application_1600155880,,,,,,ok
Application_1600471037,,,,,,ok
Application_1600982783,,,,,,ok
Application_1601194488,,,,,,ok
Application_1601395766,,,,,,ok
Application_160157720,,,,,,no_confident_recommendation
Application_1602891050,,,,,,ok
Application_1603793312,,,,,,ok
Application_1604619511,,,,,,ok
Application_1604779942,,,,,,no_confident_recommendation
Application_1605473699,,,,,,ok
Application_1606123452,,,,,,no_confident_recommendation
Application_1607880476,,,,,,ok
Application_1609027595,,,,,,ok
Application_1609568328,,,,,,ok
Application_1610638954,,,,,,ok
Application_1612452340,,,,,,ok
Application_1612709587,,,,,,ok
Application_1613754741,,,,,,ok
Application_1614113082,,,,,,ok
Application_1615509090,,,,,,ok
Application_1616117711,,,,,,ok
Application_1617657859,,,,,,ok
Application_1618215402,,,,,,ok
Application_1619897367,,,,,,ok
Application_1620539143,,,,,,ok
Application_1620675668,,,,,,ok
Application_1622160130,,,,,,no_confident_recommendation
Application_1623687781,,,,,,ok
Application_1623704275,,,,,,ok
Application_1623875695,,,,,,ok
Application_1624152176,,,,,,ok
Application_1625456407,,,,,,ok
Application_1626417881,,,,,,ok
Application_162990347,,,,,,ok
Application_1630913903,,,,,,no_confident_recommendation
Application_1630991786,,,,,,ok
Application_1632505002,,,,,,ok
Application_163281313,,,,,,ok
Application_1634751250,,,,,,ok
Application_1636152294,,,,,,no_confident_recommendation
Application_163804730,,,,,,ok
Application_1639814791,,,,,,ok
Application_1639947439,,,,,,ok
Application_1641565943,,,,,,ok
Application_1641722976,,,,,,ok
Application_1641885593,,,,,,ok
Application_164319398,,,,,,ok
Application_1643995941,,,,,,ok
Application_1644851848,,,,,,ok
Application_1646642236,,,,,,ok
Application_1647108674,,,,,,ok
Application_164769477,,,,,,ok
Application_164778672,,,,,,ok
Application_1649699850,,,,,,ok
Application_1650299745,,,,,,ok
Application_1651085521,,,,,,ok
Application_1651737074,,,,,,ok
Application_1654318352,,,,,,ok
Application_1654636815,,,,,,ok
Application_1655641907,,,,,,ok
Application_165594970,,,,,,ok
Application_1656791018,,,,,,ok
Application_1659913497,,,,,,ok
Application_1660705348,,,,,,ok
Application_1662440609,,,,,,ok
Application_1662487403,,,,,,ok
Application_1663925804,,,,,,ok
Application_1664236078,,,,,,ok
Application_1664858516,,,,,,ok
Application_1665515241,,,,,,ok
Application_1665584404,,,,,,ok
Application_166588001,,,,,,ok
Application_1666465764,,,,,,ok
Application_1667989141,,,,,,no_confident_recommendation
Application_1669392427,,,,,,ok
Application_1669477442,,,,,,ok
Application_1670585897,,,,,,ok
Application_1671150390,,,,,,ok
Application_1672037226,,,,,,no_confident_recommendation
Application_1675241784,,,,,,ok
Application_1676999623,,,,,,ok
Application_1677049820,,,,,,ok
Application_1679927360,,,,,,ok
Application_1680183215,,,,,,ok
Application_1680533625,,,,,,ok
Application_1681361801,,,,,,ok
Application_1682480934,,,,,,no_confident_recommendation
Application_1684306378,,,,,,ok
Application_1684479121,,,,,,ok
Application_1684641986,,,,,,ok
Application_1685478310,,,,,,ok
Application_1685691745,,,,,,ok
Application_1686395823,,,,,,ok
Application_1687448539,,,,,,ok
Application_1687637096,,,,,,ok
Application_1688232773,,,,,,ok
Application_1689074281,,,,,,no_confident_recommendation
Application_1689701428,,,,,,ok
Application_1690391662,,,,,,ok
Application_1690998892,,,,,,ok
Application_1691065242,,,,,,ok
Application_1693078902,,,,,,ok
Application_1695492315,,,,,,ok
Application_1698334648,,,,,,ok
Application_1698620256,,,,,,no_confident_recommendation
Application_17002468,,,,,,ok
Application_170273491,,,,,,ok
Application_1705844076,,,,,,ok
Application_1706866981,,,,,,ok
Application_1707866152,,,,,,ok
Application_1709823125,,,,,,ok
Application_1711303027,,,,,,ok
Application_1711861534,,,,,,ok
Application_1712201753,,,,,,ok
Application_1712515047,,,,,,no_confident_recommendation
Application_1713151358,,,,,,ok
Application_1713552898,,,,,,ok
Application_1714501335,,,,,,ok
Application_1714608768,,,,,,ok
Application_1715427761,,,,,,ok
Application_1717915911,,,,,,ok
Application_1717953510,,,,,,ok
Application_1719088576,,,,,,no_confident_recommendation
Application_1720955378,,,,,,ok
Application_1721325720,,,,,,ok
Application_1721495711,,,,,,ok
Application_1722936368,,,,,,ok
Application_1725718103,,,,,,ok
Application_1726057618,,,,,,ok
Application_1726750534,,,,,,ok
Application_1726806352,,,,,,no_confident_recommendation
Application_172695266,,,,,,no_confident_recommendation
Application_1728000220,,,,,,ok
Application_1728090308,,,,,,ok
Application_1730778542,,,,,,ok
Application_173122257,,,,,,ok
Application_1731267696,,,,,,ok
Application_1731879894,,,,,,ok
Application_1732543782,,,,,,ok
Application_173259774,,,,,,ok
Application_1733106091,,,,,,ok
Application_1733732825,,,,,,ok
Application_1733949639,,,,,,ok
Application_1734771669,,,,,,ok
Application_173483337,,,,,,ok
Application_1734947142,,,,,,ok
Application_1735095439,,,,,,ok
Application_1735566698,,,,,,ok
Application_1736444832,,,,,,ok
Application_173679501,,,,,,ok
Application_1736978527,,,,,,ok
Application_1737095579,,,,,,ok
Application_1738270116,,,,,,ok
Application_1742866950,,,,,,no_confident_recommendation
Application_1743002787,,,,,,no_confident_recommendation
Application_1744217682,,,,,,ok
Application_1744764747,,,,,,ok
Application_1747759228,,,,,,ok
Application_174900979,,,,,,ok
Application_1750066014,,,,,,ok
Application_1750611156,,,,,,ok
Application_1750932659,,,,,,ok
Application_1751483231,,,,,,ok
Application_1751490782,,,,,,ok
Application_1751546737,,,,,,ok
Application_1751763296,,,,,,ok
Application_1751900898,,,,,,ok
Application_1752144011,,,,,,ok
Application_175406399,,,,,,ok
Application_1754660645,,,,,,ok
Application_1754878754,,,,,,ok
Application_175544437,,,,,,ok
Application_1756143119,,,,,,ok
Application_1756698619,,,,,,ok
Application_1757112551,,,,,,ok
Application_1757332206,,,,,,ok
Application_1757787329,,,,,,ok
Application_1758466018,,,,,,ok
Application_1758628504,,,,,,ok
Application_175918237,,,,,,ok
Application_1759206616,,,,,,ok
Application_1760810906,,,,,,ok
Application_1762899868,,,,,,ok
Application_1764494728,,,,,,ok
Application_1765577987,,,,,,ok
Application_1766681398,,,,,,ok
Application_1767608602,,,,,,ok
Application_1768409536,,,,,,ok
Application_1768718354,,,,,,ok
Application_1769060911,,,,,,ok
Application_1769939835,,,,,,ok
Application_1770364291,,,,,,ok
Application_1771092914,,,,,,ok
Application_1771690507,,,,,,ok
Application_1775620157,,,,,,ok
Application_177572366,,,,,,ok
Application_1775767690,,,,,,ok
Application_1777192556,,,,,,ok
Application_1777715425,,,,,,ok
Application_1778205577,,,,,,ok
Application_1778799137,,,,,,ok
Application_177897578,,,,,,ok
Application_1780196758,,,,,,ok
Application_1780269777,,,,,,ok
Application_1781081103,,,,,,ok
Application_1781374917,,,,,,ok
Application_1781623698,,,,,,ok
Application_1781633903,,,,,,ok
Application_1782952770,,,,,,no_confident_recommendation
Application_1784815865,,,,,,ok
Application_1785468553,,,,,,ok
Application_1785650204,,,,,,ok
Application_1785860221,,,,,,ok
Application_1787983531,,,,,,ok
Application_1789934601,,,,,,ok
Application_1790721805,,,,,,ok
Application_1791109196,,,,,,ok
Application_1791210166,,,,,,ok
Application_1792123382,,,,,,ok
Application_1792327676,,,,,,ok
Application_1793173151,,,,,,ok
Application_1795986679,,,,,,ok
Application_179601498,,,,,,ok
Application_1796290207,,,,,,ok
Application_179713283,,,,,,ok
Application_1799331916,,,,,,ok
Application_1799654594,,,,,,ok
Application_1801593563,,,,,,ok
Application_1801822059,,,,,,ok
Application_1802283850,,,,,,ok
Application_1803710713,,,,,,ok
Application_1806449930,,,,,,ok
Application_1808705800,,,,,,no_confident_recommendation
Application_1811471028,,,,,,ok
Application_1813502823,,,,,,ok
Application_1817080595,,,,,,ok
Application_1818700890,,,,,,ok
Application_1819007640,,,,,,ok
Application_1819504615,,,,,,ok
Application_1819818177,,,,,,ok
Application_1820504290,,,,,,ok
Application_182066441,,,,,,ok
Application_1820733336,,,,,,ok
Application_1820883466,,,,,,ok
Application_1824209977,,,,,,ok
Application_1824747835,,,,,,ok
Application_1825309879,,,,,,ok
Application_182597722,,,,,,ok
Application_1826347954,,,,,,ok
Application_1826390013,,,,,,ok
Application_1826620975,,,,,,ok
Application_182712917,,,,,,ok
Application_1828404203,,,,,,ok
Application_1828802183,,,,,,ok
Application_1829392718,,,,,,ok
Application_1829492040,,,,,,ok
Application_1833582857,,,,,,ok
Application_183481406,,,,,,ok
Application_1835611863,,,,,,ok
Application_1835983478,,,,,,ok
Application_1836482704,,,,,,ok
Application_1837286038,,,,,,ok
Application_1838182698,,,,,,ok
Application_1838195672,,,,,,ok
Application_1840472630,,,,,,ok
Application_184143337,,,,,,ok
Application_1842271625,,,,,,ok
Application_1842370876,,,,,,ok
Application_1846291324,,,,,,ok
Application_1846693519,,,,,,ok
Application_1850153393,,,,,,ok
Application_1850714835,,,,,,ok
Application_1851360212,,,,,,ok
Application_1852538604,,,,,,ok
Application_1856006798,,,,,,no_confident_recommendation
Application_1856344011,,,,,,ok
Application_1857366417,,,,,,ok
Application_1857513367,,,,,,ok
Application_1858211642,,,,,,ok
Application_1859387169,,,,,,ok
Application_1859431929,,,,,,ok
Application_1859537046,,,,,,ok
Application_1859784683,,,,,,ok
Application_185981374,,,,,,ok
Application_186021788,,,,,,ok
Application_1862468287,,,,,,ok
Application_1863192115,,,,,,ok
Application_186381818,,,,,,ok
Application_1864868732,,,,,,ok
Application_1865080562,,,,,,ok
Application_1865256281,,,,,,ok
Application_1866125313,,,,,,ok
Application_1867093856,,,,,,ok
Application_1867138516,,,,,,ok
Application_1870118526,,,,,,ok
Application_1871723330,,,,,,ok
Application_1872244741,,,,,,ok
Application_1872345916,,,,,,ok
Application_1874674743,,,,,,ok
Application_1875782782,,,,,,ok
Application_187611464,,,,,,ok
Application_1876138473,,,,,,ok
Application_1876836940,,,,,,ok
Application_1877362067,,,,,,ok
Application_187778549,,,,,,ok
Application_1877814469,,,,,,ok
Application_1879232225,,,,,,ok
Application_1880895995,,,,,,ok
Application_1885130117,,,,,,ok
Application_188726425,,,,,,ok
Application_1891680505,,,,,,ok
Application_1895159318,,,,,,ok
Application_189631764,,,,,,ok
Application_1896375934,,,,,,ok
Application_1897975199,,,,,,no_confident_recommendation
Application_1898457792,,,,,,ok
Application_1901752708,,,,,,ok
Application_1903689163,,,,,,ok
Application_1903879559,,,,,,ok
Application_1905372994,,,,,,ok
Application_1905967471,,,,,,ok
Application_1906109703,,,,,,ok
Application_190734181,,,,,,ok
Application_1909723515,,,,,,ok
Application_1910023757,,,,,,no_confident_recommendation
Application_1910885918,,,,,,ok
Application_1911285022,,,,,,ok
Application_1914483239,,,,,,ok
Application_1917257899,,,,,,ok
Application_1917346060,,,,,,ok
Application_1918491897,,,,,,ok
Application_1918741535,,,,,,ok
Application_1919362220,,,,,,ok
Application_1919805494,,,,,,ok
Application_1920062674,,,,,,ok
Application_1920137077,,,,,,ok
Application_1920432865,,,,,,ok
Application_1920569696,,,,,,ok
Application_1920623384,,,,,,ok
Application_1921489029,,,,,,ok
Application_192191311,,,,,,ok
Application_1924151739,,,,,,ok
Application_1925108895,,,,,,ok
Application_1925475950,,,,,,ok
Application_1925894693,,,,,,ok
Application_1926626369,,,,,,ok
Application_19269284,,,,,,ok
Application_192716320,,,,,,ok
Application_1928577170,,,,,,ok
Application_1930612093,,,,,,ok
Application_1931050520,,,,,,no_confident_recommendation
Application_1931739679,,,,,,ok
Application_1936633108,,,,,,ok
Application_19378013,,,,,,ok
Application_1938909971,,,,,,no_confident_recommendation
Application_1940707964,,,,,,no_confident_recommendation
Application_1941614665,,,,,,ok
Application_1943498805,,,,,,ok
Application_1943739799,,,,,,ok
Application_1944447595,,,,,,ok
Application_1944896918,,,,,,ok
Application_1945451645,,,,,,ok
Application_194564472,,,,,,ok
Application_1946538188,,,,,,ok
Application_1947622904,,,,,,ok
Application_1951442644,,,,,,ok
Application_1952474346,,,,,,ok
Application_1953215776,,,,,,ok
Application_1953871052,,,,,,ok
Application_1954655928,,,,,,ok
Application_1956063682,,,,,,ok
Application_1956665823,,,,,,ok
Application_1957651168,,,,,,ok
Application_1958611901,,,,,,ok
Application_1959536677,,,,,,ok
Application_1959538261,,,,,,ok
Application_1959777138,,,,,,ok
Application_1959968858,,,,,,ok
Application_1960245250,,,,,,ok
Application_1963302945,,,,,,ok
Application_1964644191,,,,,,ok
Application_1965608734,,,,,,ok
Application_1966193141,,,,,,ok
Application_1968934644,,,,,,ok
Application_1969335807,,,,,,ok
Application_196951548,,,,,,ok
Application_1970086923,,,,,,ok
Application_1970302335,,,,,,ok
Application_1970703703,,,,,,ok
Application_1971226606,,,,,,ok
Application_197126464,,,,,,ok
Application_1971362714,,,,,,ok
Application_1971989358,,,,,,ok
Application_1972046847,,,,,,ok
Application_1972637504,,,,,,ok
Application_1973871032,,,,,,ok
Application_1975160417,,,,,,ok
Application_1975504088,,,,,,no_confident_recommendation
Application_1975819852,,,,,,no_confident_recommendation
Application_1976004129,,,,,,ok
Application_1976127206,,,,,,ok
Application_1977502639,,,,,,ok
Application_1978331738,,,,,,ok
Application_1980887074,,,,,,ok
Application_1981121598,,,,,,ok
Application_198284297,,,,,,ok
Application_1986394502,,,,,,ok
Application_1986459524,,,,,,ok
Application_1987831323,,,,,,ok
Application_1988195018,,,,,,ok
Application_1989234441,,,,,,ok
Application_1991464898,,,,,,ok
Application_1992619767,,,,,,ok
Application_1992867148,,,,,,ok
Application_199304010,,,,,,ok
Application_1993192295,,,,,,ok
Application_1995644843,,,,,,ok
Application_199635820,,,,,,ok
Application_1996843325,,,,,,ok
Application_1998307400,,,,,,ok
Application_2003767759,,,,,,ok
Application_2004089393,,,,,,ok
Application_200417599,,,,,,ok
Application_2004968371,,,,,,ok
Application_2004973545,,,,,,no_confident_recommendation
Application_2006713022,,,,,,ok
Application_2007562055,,,,,,ok
Application_2008203162,,,,,,ok
Application_200942443,,,,,,ok
Application_200956558,,,,,,ok
Application_2010104450,,,,,,ok
Application_201115305,,,,,,ok
Application_2013830829,,,,,,ok
Application_2014671768,,,,,,ok
Application_2015161420,,,,,,ok
Application_2015423706,,,,,,ok
Application_2016510614,,,,,,ok
Application_2018809027,,,,,,ok
Application_201975224,,,,,,ok
Application_2020541045,,,,,,ok
Application_2020581879,,,,,,ok
Application_2021390880,,,,,,ok
Application_2022118906,,,,,,ok
Application_2022507317,,,,,,ok
Application_2022755119,,,,,,ok
Application_2023468525,,,,,,ok
Application_2024244758,,,,,,ok
Application_2024477286,,,,,,ok
Application_2025018320,,,,,,ok
Application_2025703180,,,,,,ok
Application_202572480,,,,,,ok
Application_2026841022,,,,,,ok
Application_2026952165,,,,,,ok
Application_2028180559,,,,,,ok
Application_2028590322,,,,,,no_possible_actions
Application_2029271670,,,,,,ok
Application_2031841757,,,,,,ok
Application_2033120546,,,,,,ok
Application_2034295537,,,,,,ok
Application_203590810,,,,,,ok
Application_2036474370,,,,,,ok
Application_203678331,,,,,,ok
Application_2037954458,,,,,,ok
Application_2038146278,,,,,,ok
Application_2039657007,,,,,,ok
Application_2041306952,,,,,,ok
Application_2042834818,,,,,,ok
Application_2042847086,,,,,,ok
Application_2043967522,,,,,,ok
Application_2043974733,,,,,,ok
Application_204408152,,,,,,ok
Application_2045954559,,,,,,ok
Application_2046501407,,,,,,ok
Application_2046683533,,,,,,ok
Application_2047886665,,,,,,ok
Application_2048027930,,,,,,ok
Application_2048171626,,,,,,ok
Application_2048278308,,,,,,ok
Application_2048323360,,,,,,ok
Application_2048381730,,,,,,ok
Application_2049849151,,,,,,ok
Application_2051550880,,,,,,ok
Application_2051799809,,,,,,ok
Application_2051951033,,,,,,ok
Application_2051974818,,,,,,ok
Application_2053272389,,,,,,ok
Application_2053888323,,,,,,ok
Application_2055100599,,,,,,ok
Application_2055157815,,,,,,ok
Application_2055185181,,,,,,ok
Application_2056174200,,,,,,ok
Application_2059632280,,,,,,ok
Application_2060708769,,,,,,ok
Application_2061020149,,,,,,ok
Application_2061502784,,,,,,ok
Application_2061784142,,,,,,ok
Application_206222910,,,,,,ok
Application_2063179478,,,,,,ok
Application_2063828851,,,,,,no_confident_recommendation
Application_2064798594,,,,,,ok
Application_2065559138,,,,,,ok
Application_2066939992,,,,,,ok
Application_2067187791,,,,,,ok
Application_2068853058,,,,,,ok
Application_2069481439,,,,,,ok
Application_2069545303,,,,,,ok
Application_207185826,,,,,,ok
Application_2071863649,,,,,,ok
Application_2073034588,,,,,,ok
Application_207339253,,,,,,ok
Application_20738828,,,,,,ok
Application_2075014351,,,,,,ok
Application_2076314524,,,,,,ok
Application_2081068908,,,,,,ok
Application_2081457336,,,,,,ok
Application_2083683673,,,,,,ok
Application_2084259712,,,,,,ok
Application_2084774321,,,,,,ok
Application_2084907175,,,,,,ok
Application_2086545012,,,,,,ok
Application_2086686091,,,,,,ok
Application_2086754710,,,,,,ok
Application_2087006463,,,,,,ok
Application_2087713022,,,,,,ok
Application_2088099791,,,,,,ok
Application_2088969676,,,,,,ok
Application_2089315207,,,,,,ok
Application_2089979544,,,,,,ok
Application_2090544740,,,,,,ok
Application_2090776603,,,,,,ok
Application_2091145908,,,,,,ok
Application_2091517201,,,,,,ok
Application_2092228035,,,,,,ok
Application_2094441836,,,,,,no_confident_recommendation
Application_2095793548,,,,,,ok
Application_2097115739,,,,,,ok
Application_2097420356,,,,,,ok
Application_2099334395,,,,,,ok
Application_2099511368,,,,,,ok
Application_2100311621,,,,,,ok
Application_2106173395,,,,,,ok
Application_2111973389,,,,,,ok
Application_2112573494,,,,,,ok
Application_2113040289,,,,,,no_confident_recommendation
Application_2114671174,,,,,,ok
Application_2115042059,,,,,,ok
Application_2116062822,,,,,,ok
Application_2116148116,,,,,,ok
Application_2116821761,,,,,,ok
Application_2116960252,,,,,,ok
Application_2118057291,,,,,,no_confident_recommendation
Application_2118887844,,,,,,ok
Application_212002191,,,,,,ok
Application_2120715071,,,,,,ok
Application_2121891434,,,,,,ok
Application_2122792904,,,,,,ok
Application_2122822719,,,,,,ok
Application_2122873300,,,,,,ok
Application_2123204513,,,,,,ok
Application_2124127933,,,,,,ok
Application_2125694475,,,,,,ok
Application_2128172349,,,,,,ok
Application_2128191185,,,,,,ok
Application_2130486641,,,,,,ok
Application_213211686,,,,,,ok
Application_2133089583,,,,,,ok
Application_2133818678,,,,,,ok
Application_2137992191,,,,,,ok
Application_2139692519,,,,,,ok
Application_2140045431,,,,,,ok
Application_2140770767,,,,,,ok
Application_214156122,,,,,,ok
Application_2141999798,,,,,,ok
Application_2142719268,,,,,,ok
Application_2143988715,,,,,,ok
Application_214453134,,,,,,no_confident_recommendation
Application_214453442,,,,,,ok
Application_2144842406,,,,,,ok
Application_2146296643,,,,,,ok
Application_2147170228,,,,,,ok
Application_216211515,,,,,,ok
Application_21634890,,,,,,ok
Application_216444008,,,,,,ok
Application_218547280,,,,,,ok
Application_218707596,,,,,,ok
Application_219576331,,,,,,ok
Application_22019692,,,,,,ok
Application_222629422,,,,,,ok
Application_222827091,,,,,,ok
Application_225586063,,,,,,ok
Application_226209957,,,,,,ok
Application_2264928,,,,,,ok
Application_227170121,,,,,,ok
Application_227670423,,,,,,ok
Application_228373770,,,,,,ok
Application_228928958,,,,,,ok
Application_229012140,,,,,,ok
Application_229606305,,,,,,ok
Application_231527175,,,,,,no_confident_recommendation
Application_231751553,,,,,,ok
Application_232254008,,,,,,ok
Application_233064512,,,,,,ok
Application_233989937,,,,,,ok
Application_235535721,,,,,,ok
Application_236717130,,,,,,ok
Application_237775087,,,,,,ok
Application_238546830,,,,,,ok
Application_240111953,,,,,,ok
Application_241318555,,,,,,ok
Application_242709495,,,,,,ok
Application_242826105,,,,,,ok
Application_243887576,,,,,,ok
Application_244396187,,,,,,ok
Application_245123210,,,,,,no_confident_recommendation
Application_246097895,,,,,,ok
Application_247317164,,,,,,ok
Application_25063668,,,,,,ok
Application_251097614,,,,,,ok
Application_251304842,,,,,,ok
Application_251670774,,,,,,ok
Application_252272828,,,,,,ok
Application_253227112,,,,,,ok
Application_254824641,,,,,,ok
Application_254836121,,,,,,no_confident_recommendation
Application_255370233,,,,,,ok
Application_255496047,,,,,,ok
Application_257082685,,,,,,ok
Application_257928635,,,,,,ok
Application_2595810,,,,,,no_confident_recommendation
Application_260257809,,,,,,ok
Application_260635392,,,,,,ok
Application_260702936,,,,,,no_confident_recommendation
Application_267475970,,,,,,ok
Application_268406883,,,,,,ok
Application_268523137,,,,,,ok
Application_269341222,,,,,,ok
Application_2694097,,,,,,ok
Application_26954699,,,,,,ok
Application_269862060,,,,,,ok
Application_270485252,,,,,,ok
Application_270506031,,,,,,ok
Application_270571049,,,,,,no_confident_recommendation
Application_272933056,,,,,,ok
Application_274240684,,,,,,ok
Application_276603327,,,,,,ok
Application_276618599,,,,,,ok
Application_277127069,,,,,,no_confident_recommendation
Application_277674975,,,,,,ok
Application_281838380,,,,,,ok
Application_282114630,,,,,,ok
Application_282254984,,,,,,no_confident_recommendation
Application_286137335,,,,,,ok
Application_288925921,,,,,,ok
Application_28930757,,,,,,ok
Application_291332257,,,,,,ok
Application_292094395,,,,,,ok
Application_292866700,,,,,,ok
Application_293379010,,,,,,ok
Application_294013307,,,,,,ok
Application_294586112,,,,,,ok
Application_295284443,,,,,,no_confident_recommendation
Application_296888635,,,,,,ok
Application_298129713,,,,,,ok
Application_298744583,,,,,,ok
Application_299068395,,,,,,ok
Application_299209464,,,,,,ok
Application_299698075,,,,,,ok
Application_301727231,,,,,,ok
Application_303703837,,,,,,ok
Application_303866233,,,,,,ok
Application_304004510,,,,,,ok
Application_306086229,,,,,,ok
Application_306812685,,,,,,ok
Application_307801348,,,,,,ok
Application_308066254,,,,,,ok
Application_308748254,,,,,,ok
Application_309815171,,,,,,ok
Application_310417357,,,,,,ok
Application_312166095,,,,,,ok
Application_312224974,,,,,,ok
Application_313152544,,,,,,ok
Application_313527996,,,,,,ok
Application_314854055,,,,,,ok
Application_31519304,,,,,,ok
Application_315782607,,,,,,ok
Application_31697623,,,,,,ok
Application_317789291,,,,,,ok
Application_319284701,,,,,,ok
Application_319847090,,,,,,ok
Application_320538845,,,,,,ok
Application_321053191,,,,,,ok
Application_322297326,,,,,,ok
Application_323040575,,,,,,ok
Application_324026343,,,,,,ok
Application_326473270,,,,,,ok
Application_327072822,,,,,,no_confident_recommendation
Application_327149374,,,,,,ok
Application_328046969,,,,,,ok
Application_328120747,,,,,,ok
Application_329140480,,,,,,ok
Application_330251746,,,,,,ok
Application_332704649,,,,,,ok
Application_332811786,,,,,,ok
Application_335537557,,,,,,ok
Application_33745946,,,,,,ok
Application_339123229,,,,,,ok
Application_339123431,,,,,,ok
Application_339327672,,,,,,ok
Application_339730120,,,,,,ok
Application_340094554,,,,,,ok
Application_340321174,,,,,,ok
Application_341875321,,,,,,ok
Application_343088948,,,,,,ok
Application_343744148,,,,,,ok
Application_345264629,,,,,,no_confident_recommendation
Application_346568508,,,,,,ok
Application_346829278,,,,,,ok
Application_346848867,,,,,,ok
Application_346988751,,,,,,ok
Application_347922674,,,,,,ok
Application_348990686,,,,,,ok
Application_349515920,,,,,,ok
Application_349709198,,,,,,no_confident_recommendation
Application_350793850,,,,,,ok
Application_352165642,,,,,,ok
Application_354855594,,,,,,ok
Application_354865116,,,,,,ok
Application_354974392,,,,,,ok
Application_355701690,,,,,,ok
Application_356808628,,,,,,ok
Application_35738339,,,,,,ok
Application_35745002,,,,,,ok
Application_357880380,,,,,,ok
Application_359276048,,,,,,ok
Application_360217923,,,,,,ok
Application_361573979,,,,,,no_confident_recommendation
Application_362543186,,,,,,ok
Application_365332446,,,,,,no_confident_recommendation
Application_365485542,,,,,,ok
Application_366121400,,,,,,ok
Application_367455904,,,,,,ok
Application_368167256,,,,,,no_confident_recommendation
Application_36831628,,,,,,ok
Application_368529383,,,,,,ok
Application_368638647,,,,,,ok
Application_370126110,,,,,,ok
Application_372912766,,,,,,ok
Application_373875255,,,,,,ok
Application_376118809,,,,,,ok
Application_377692746,,,,,,ok
Application_37787490,,,,,,ok
Application_380097845,,,,,,ok
Application_380770908,,,,,,ok
Application_38081486,,,,,,ok
Application_380969432,,,,,,ok
Application_381087716,,,,,,ok
Application_384814296,,,,,,ok
Application_384835333,,,,,,ok
Application_385045680,,,,,,ok
Application_38536393,,,,,,ok
Application_386657742,,,,,,ok
Application_387778376,,,,,,ok
Application_389831964,,,,,,ok
Application_389962709,,,,,,ok
Application_391099640,,,,,,ok
Application_392275405,,,,,,ok
Application_394037983,,,,,,ok
Application_394946724,,,,,,ok
Application_396027178,,,,,,ok
Application_397038537,,,,,,ok
Application_398065440,,,,,,ok
Application_398250446,,,,,,ok
Application_398311287,,,,,,ok
Application_399001926,,,,,,ok
Application_399934391,,,,,,ok
Application_402938046,,,,,,ok
Application_403304705,,,,,,ok
Application_40403797,,,,,,ok
Application_407461155,,,,,,ok
Application_408864407,,,,,,ok
Application_409154003,,,,,,ok
Application_410056038,,,,,,ok
Application_412434860,,,,,,ok
Application_413047262,,,,,,ok
Application_413991815,,,,,,ok
Application_414227837,,,,,,ok
Application_416188880,,,,,,ok
Application_416694962,,,,,,ok
Application_418738843,,,,,,ok
Application_419933910,,,,,,no_confident_recommendation
Application_420380783,,,,,,no_confident_recommendation
Application_420599570,,,,,,ok
Application_421465179,,,,,,ok
Application_422637212,,,,,,ok
Application_42337394,,,,,,no_confident_recommendation
Application_424064154,,,,,,ok
Application_424977058,,,,,,ok
Application_427316676,,,,,,ok
Application_427975818,,,,,,ok
Application_428745471,,,,,,ok
Application_428955021,,,,,,ok
Application_432430277,,,,,,ok
Application_434354946,,,,,,ok
Application_434840997,,,,,,ok
Application_438711887,,,,,,no_possible_actions
Application_440695787,,,,,,ok
Application_440813334,,,,,,ok
Application_441853106,,,,,,ok
Application_441988653,,,,,,ok
Application_444595223,,,,,,ok
Application_445609887,,,,,,ok
Application_447126113,,,,,,ok
Application_447138954,,,,,,ok
Application_448145454,,,,,,ok
Application_44859446,,,,,,ok
Application_44899860,,,,,,ok
Application_449256078,,,,,,ok
Application_450127919,,,,,,ok
Application_450250534,,,,,,ok
Application_450974072,,,,,,ok
Application_451838490,,,,,,ok
Application_452728375,,,,,,ok
Application_453833865,,,,,,ok
Application_453847467,,,,,,no_confident_recommendation
Application_454064051,,,,,,ok
Application_455616073,,,,,,ok
Application_455972560,,,,,,ok
Application_456023338,,,,,,ok
Application_457947056,,,,,,ok
Application_458227713,,,,,,ok
Application_460231462,,,,,,ok
Application_460974455,,,,,,ok
Application_461107030,,,,,,ok
Application_461173805,,,,,,ok
Application_462216549,,,,,,ok
Application_462882090,,,,,,ok
Application_465680144,,,,,,ok
Application_465715339,,,,,,ok
Application_466068830,,,,,,ok
Application_467957342,,,,,,ok
Application_470096249,,,,,,ok
Application_472820667,,,,,,ok
Application_474380883,,,,,,ok
Application_474487263,,,,,,ok
Application_475062324,,,,,,ok
Application_479645384,,,,,,ok
Application_480070910,,,,,,ok
Application_481277636,,,,,,ok
Application_483074478,,,,,,ok
Application_483126363,,,,,,no_confident_recommendation
Application_483931042,,,,,,ok
Application_485368165,,,,,,ok
Application_485567867,,,,,,ok
Application_48606429,,,,,,ok
Application_489972645,,,,,,ok
Application_491192717,,,,,,ok
Application_492258182,,,,,,ok
Application_492292182,,,,,,ok
Application_494960481,,,,,,no_confident_recommendation
Application_495428388,,,,,,ok
Application_496111899,,,,,,ok
Application_496532501,,,,,,ok
Application_49717724,,,,,,ok
Application_497474417,,,,,,ok
Application_498556066,,,,,,ok
Application_5006458,,,,,,ok
Application_505138130,,,,,,ok
Application_507755204,,,,,,ok
Application_508938604,,,,,,ok
Application_509693034,,,,,,ok
Application_510096383,,,,,,ok
Application_511259546,,,,,,ok
Application_51182407,,,,,,ok
Application_512079496,,,,,,ok
Application_512884075,,,,,,ok
Application_514052232,,,,,,ok
Application_51430642,,,,,,ok
Application_516500707,,,,,,no_confident_recommendation
Application_518047810,,,,,,ok
Application_518595534,,,,,,ok
Application_518624776,,,,,,ok
Application_518752038,,,,,,ok
Application_5188726,,,,,,ok
Application_519214643,,,,,,no_confident_recommendation
Application_519801050,,,,,,ok
Application_520506247,,,,,,ok
Application_521305631,,,,,,ok
Application_522420767,,,,,,ok
Application_525459142,,,,,,no_confident_recommendation
Application_526257863,,,,,,ok
Application_527482957,,,,,,ok
Application_528406867,,,,,,ok
Application_528558455,,,,,,ok
Application_532956567,,,,,,ok
Application_533079487,,,,,,ok
Application_53352885,,,,,,ok
Application_536009009,,,,,,ok
Application_536051300,,,,,,ok
Application_536638211,,,,,,ok
Application_537005538,,,,,,ok
Application_538311021,,,,,,ok
Application_538869641,,,,,,ok
Application_539120928,,,,,,ok
Application_539162249,,,,,,ok
Application_540373333,,,,,,ok
Application_541146763,,,,,,ok
Application_541694777,,,,,,ok
Application_542632548,,,,,,no_confident_recommendation
Application_542782205,,,,,,no_confident_recommendation
Application_543098684,,,,,,ok
Application_543513898,,,,,,ok
Application_545474396,,,,,,ok
Application_547720957,,,,,,ok
Application_547842527,,,,,,no_confident_recommendation
Application_548136507,,,,,,ok
Application_548377578,,,,,,ok
Application_54902350,,,,,,ok
Application_549264279,,,,,,ok
Application_549547786,,,,,,ok
Application_549826152,,,,,,ok
Application_554480592,,,,,,ok
Application_558507947,,,,,,ok
Application_559239075,,,,,,no_confident_recommendation
Application_559246751,,,,,,ok
Application_559380460,,,,,,ok
Application_560070722,,,,,,ok
Application_56106793,,,,,,ok
Application_561835971,,,,,,ok
Application_563590726,,,,,,no_confident_recommendation
Application_563891423,,,,,,no_confident_recommendation
Application_564834372,,,,,,ok
Application_565667109,,,,,,ok
Application_565689430,,,,,,ok
Application_565743734,,,,,,no_confident_recommendation
Application_566347979,,,,,,ok
Application_566670119,,,,,,ok
Application_56691092,,,,,,ok
Application_568127104,,,,,,ok
Application_570165308,,,,,,ok
Application_574500271,,,,,,ok
Application_575764720,,,,,,ok
Application_576386053,,,,,,ok
Application_577888910,,,,,,ok
Application_578344284,,,,,,ok
Application_579153284,,,,,,ok
Application_579275809,,,,,,ok
Application_579349612,,,,,,ok
Application_583747115,,,,,,ok
Application_58375214,,,,,,ok
Application_584583269,,,,,,ok
Application_584717195,,,,,,ok
Application_585298607,,,,,,ok
Application_586839753,,,,,,ok
Application_586877291,,,,,,ok
Application_586969154,,,,,,ok
Application_587119833,,,,,,ok
Application_588758280,,,,,,ok
Application_589041415,,,,,,ok
Application_589186855,,,,,,ok
Application_589719704,,,,,,ok
Application_590010761,,,,,,ok
Application_590215732,,,,,,ok
Application_5904996,,,,,,ok
Application_591439695,,,,,,ok
Application_591454326,,,,,,ok
Application_592481165,,,,,,ok
Application_592605828,,,,,,no_confident_recommendation
Application_592613102,,,,,,ok
Application_594581112,,,,,,ok
Application_596049851,,,,,,ok
Application_596574084,,,,,,ok
Application_597065437,,,,,,no_confident_recommendation
Application_597372127,,,,,,ok
Application_597486380,,,,,,no_confident_recommendation
Application_597721884,,,,,,ok
Application_598141849,,,,,,ok
Application_59876773,,,,,,ok
Application_601584106,,,,,,ok
Application_604537136,,,,,,ok
Application_604648984,,,,,,ok
Application_604870238,,,,,,ok
Application_606749031,,,,,,ok
Application_608775916,,,,,,ok
Application_608845327,,,,,,ok
Application_609139308,,,,,,ok
Application_609719509,,,,,,ok
Application_610454003,,,,,,ok
Application_614334599,,,,,,ok
Application_614810920,,,,,,ok
Application_616416650,,,,,,ok
Application_616910723,,,,,,ok
Application_617035933,,,,,,ok
Application_617376389,,,,,,ok
Application_617431825,,,,,,ok
Application_617539010,,,,,,ok
Application_620336293,,,,,,ok
Application_622068312,,,,,,ok
Application_622214446,,,,,,ok
Application_622417263,,,,,,ok
Application_622543878,,,,,,ok
Application_625101684,,,,,,ok
Application_625857025,,,,,,ok
Application_626884278,,,,,,ok
Application_629693731,,,,,,ok
Application_631716992,,,,,,ok
Application_631740354,,,,,,ok
Application_631788418,,,,,,no_confident_recommendation
Application_632866158,,,,,,ok
Application_632913675,,,,,,ok
Application_633371797,,,,,,ok
Application_633655173,,,,,,ok
Application_634353469,,,,,,ok
Application_634898760,,,,,,ok
Application_635576510,,,,,,ok
Application_637222323,,,,,,ok
Application_637297513,,,,,,ok
Application_637712751,,,,,,no_confident_recommendation
Application_637748400,,,,,,ok
Application_638041030,,,,,,ok
Application_639747826,,,,,,ok
Application_63986078,,,,,,ok
Application_640176586,,,,,,ok
Application_641457453,,,,,,ok
Application_642553020,,,,,,ok
Application_642608905,,,,,,ok
Application_643047755,,,,,,ok
Application_644340095,,,,,,ok
Application_644684670,,,,,,ok
Application_645328035,,,,,,ok
Application_646977549,,,,,,no_confident_recommendation
Application_653567105,,,,,,ok
Application_656903784,,,,,,ok
Application_659941685,,,,,,ok
Application_661370338,,,,,,ok
Application_661982228,,,,,,ok
Application_663134091,,,,,,no_confident_recommendation
Application_664337168,,,,,,ok
Application_66451278,,,,,,ok
Application_665637236,,,,,,no_confident_recommendation
Application_666250035,,,,,,ok
Application_668072382,,,,,,ok
Application_668326847,,,,,,ok
Application_670470325,,,,,,no_confident_recommendation
Application_671264692,,,,,,ok
Application_671639584,,,,,,ok
Application_671953999,,,,,,ok
Application_673160372,,,,,,no_confident_recommendation
Application_673399253,,,,,,ok
Application_676717540,,,,,,no_confident_recommendation
Application_676903448,,,,,,ok
Application_677442195,,,,,,ok
Application_679465044,,,,,,ok
Application_680044383,,,,,,ok
Application_680448181,,,,,,ok
Application_681649352,,,,,,ok
Application_681711857,,,,,,ok
Application_681746663,,,,,,ok
Application_684221857,,,,,,ok
Application_684289625,,,,,,ok
Application_685130299,,,,,,ok
Application_685452919,,,,,,ok
Application_686829487,,,,,,ok
Application_690024942,,,,,,ok
Application_693050930,,,,,,ok
Application_69370459,,,,,,ok
Application_693955071,,,,,,ok
Application_695381096,,,,,,ok
Application_695960596,,,,,,ok
Application_697031349,,,,,,ok
Application_697297022,,,,,,ok
Application_697324457,,,,,,ok
Application_69735407,,,,,,ok
Application_699052493,,,,,,ok
Application_704597830,,,,,,ok
Application_70563300,,,,,,ok
Application_70606235,,,,,,ok
Application_706198046,,,,,,ok
Application_706504723,,,,,,ok
Application_706607240,,,,,,ok
Application_707770540,,,,,,ok
Application_710720262,,,,,,ok
Application_711124829,,,,,,ok
Application_713675823,,,,,,ok
Application_714768274,,,,,,ok
Application_717400110,,,,,,ok
Application_717693758,,,,,,ok
Application_718602557,,,,,,ok
Application_721895690,,,,,,ok
Application_722212350,,,,,,ok
Application_724415088,,,,,,ok
Application_724859129,,,,,,ok
Application_725542335,,,,,,ok
Application_727229570,,,,,,no_confident_recommendation
Application_72874899,,,,,,ok
Application_728981441,,,,,,ok
Application_734009956,,,,,,ok
Application_734030906,,,,,,ok
Application_735837174,,,,,,ok
Application_737324367,,,,,,ok
Application_738077974,,,,,,ok
Application_738276182,,,,,,ok
Application_738335164,,,,,,ok
Application_739325744,,,,,,ok
Application_739670840,,,,,,ok
Application_739726794,,,,,,ok
Application_741297598,,,,,,ok
Application_742173495,,,,,,ok
Application_743200153,,,,,,ok
Application_743474553,,,,,,ok
Application_743594726,,,,,,ok
Application_745883138,,,,,,no_confident_recommendation
Application_746403636,,,,,,ok
Application_747812656,,,,,,ok
Application_74864529,,,,,,ok
Application_749027963,,,,,,ok
Application_749860099,,,,,,ok
Application_749923491,,,,,,ok
Application_752373732,,,,,,ok
Application_752995473,,,,,,ok
Application_753117730,,,,,,ok
Application_755180147,,,,,,ok
Application_755318436,,,,,,ok
Application_757113787,,,,,,ok
Application_757682522,,,,,,ok
Application_75877971,,,,,,ok
Application_760288041,,,,,,ok
Application_760306173,,,,,,ok
Application_76083190,,,,,,ok
Application_760841149,,,,,,ok
Application_761083149,,,,,,ok
Application_761503872,,,,,,ok
Application_762323305,,,,,,ok
Application_763847627,,,,,,ok
Application_763928658,,,,,,ok
Application_764226645,,,,,,ok
Application_765506387,,,,,,ok
Application_765925420,,,,,,ok
Application_767764149,,,,,,ok
Application_768687683,,,,,,ok
Application_768742802,,,,,,ok
Application_770018911,,,,,,no_confident_recommendation
Application_771960759,,,,,,ok
Application_772130537,,,,,,ok
Application_773698744,,,,,,ok
Application_775396942,,,,,,ok
Application_775422920,,,,,,ok
Application_776250710,,,,,,ok
Application_776477117,,,,,,ok
Application_777232558,,,,,,ok
Application_778555928,,,,,,ok
Application_78032372,,,,,,ok
Application_780791841,,,,,,ok
Application_78080859,,,,,,no_confident_recommendation
Application_781442980,,,,,,ok
Application_781529602,,,,,,ok
Application_782253363,,,,,,ok
Application_782627639,,,,,,no_confident_recommendation
Application_784244379,,,,,,ok
Application_786731748,,,,,,ok
Application_788699480,,,,,,ok
Application_788925867,,,,,,ok
Application_789108617,,,,,,ok
Application_789334077,,,,,,no_confident_recommendation
Application_791089089,,,,,,ok
Application_793038001,,,,,,ok
Application_793873060,,,,,,ok
Application_793997351,,,,,,ok
Application_794504760,,,,,,ok
Application_795733035,,,,,,ok
Application_795804396,,,,,,ok
Application_79681847,,,,,,ok
Application_797190984,,,,,,ok
Application_797995929,,,,,,ok
Application_798496213,,,,,,ok
Application_798879962,,,,,,ok
Application_802752710,,,,,,ok
Application_80286962,,,,,,ok
Application_80298426,,,,,,no_confident_recommendation
Application_804273159,,,,,,ok
Application_804644820,,,,,,ok
Application_805828914,,,,,,ok
Application_808224273,,,,,,ok
Application_80850284,,,,,,ok
Application_810658733,,,,,,ok
Application_810901066,,,,,,ok
Application_811679621,,,,,,ok
Application_811825935,,,,,,ok
Application_81196974,,,,,,ok
Application_812842800,,,,,,ok
Application_815196626,,,,,,ok
Application_815439845,,,,,,ok
Application_817528841,,,,,,ok
Application_818535320,,,,,,ok
Application_820509737,,,,,,ok
Application_821026605,,,,,,ok
Application_82106546,,,,,,ok
Application_821402088,,,,,,ok
Application_822332970,,,,,,ok
Application_823313933,,,,,,ok
Application_823561619,,,,,,ok
Application_823830081,,,,,,ok
Application_824575725,,,,,,ok
Application_825284974,,,,,,ok
Application_8255496,,,,,,ok
Application_828330778,,,,,,ok
Application_828739470,,,,,,ok
Application_830101215,,,,,,ok
Application_831992514,,,,,,ok
Application_832770467,,,,,,ok
Application_833399908,,,,,,ok
Application_835024653,,,,,,ok
Application_835755263,,,,,,ok
Application_836841943,,,,,,ok
Application_836856058,,,,,,ok
Application_838884307,,,,,,ok
Application_839952915,,,,,,ok
Application_8404955,,,,,,ok
Application_841240578,,,,,,ok
Application_84195997,,,,,,ok
Application_842022801,,,,,,ok
Application_844514474,,,,,,ok
Application_844831749,,,,,,ok
Application_84533120,,,,,,ok
Application_846209494,,,,,,ok
Application_8497910,,,,,,ok
Application_851895556,,,,,,ok
Application_852183469,,,,,,ok
Application_852716835,,,,,,no_confident_recommendation
Application_854280555,,,,,,ok
Application_85502316,,,,,,ok
Application_855239950,,,,,,ok
Application_855901489,,,,,,ok
Application_856935152,,,,,,ok
Application_858239432,,,,,,no_confident_recommendation
Application_858754330,,,,,,ok
Application_858789639,,,,,,ok
Application_858881040,,,,,,ok
Application_859428294,,,,,,ok
Application_861069239,,,,,,ok
Application_864148389,,,,,,ok
Application_866486447,,,,,,ok
Application_866670658,,,,,,ok
Application_867400149,,,,,,ok
Application_867435788,,,,,,ok
Application_86905976,,,,,,ok
Application_869335382,,,,,,ok
Application_872415486,,,,,,ok
Application_874039168,,,,,,ok
Application_875614911,,,,,,ok
Application_876077850,,,,,,ok
Application_87659628,,,,,,ok
Application_876712087,,,,,,ok
Application_877522071,,,,,,ok
Application_877772414,,,,,,ok
Application_879553786,,,,,,ok
Application_884271564,,,,,,ok
Application_884403770,,,,,,ok
Application_885012170,,,,,,ok
Application_885372391,,,,,,ok
Application_88952849,,,,,,ok
Application_890075702,,,,,,ok
Application_89083515,,,,,,ok
Application_890963278,,,,,,ok
Application_892427793,,,,,,ok
Application_894204901,,,,,,ok
Application_894382241,,,,,,ok
Application_897350750,,,,,,ok
Application_900844990,,,,,,ok
Application_903799216,,,,,,ok
Application_904093739,,,,,,ok
Application_905082437,,,,,,ok
Application_905858527,,,,,,ok
Application_90621717,,,,,,ok
Application_906296960,,,,,,no_confident_recommendation
Application_907136885,,,,,,ok
Application_907309048,,,,,,ok
Application_907359229,,,,,,ok
Application_908012089,,,,,,ok
Application_910003252,,,,,,ok
Application_910353899,,,,,,ok
Application_913122133,,,,,,ok
Application_914673270,,,,,,ok
Application_917308364,,,,,,ok
Application_918572133,,,,,,no_confident_recommendation
Application_918963277,,,,,,ok
Application_918979468,,,,,,ok
Application_919959748,,,,,,no_confident_recommendation
Application_92009906,,,,,,ok
Application_92081663,,,,,,ok
Application_920967125,,,,,,ok
Application_922011706,,,,,,ok
Application_923730558,,,,,,ok
Application_926052296,,,,,,ok
Application_926094669,,,,,,ok
Application_92624898,,,,,,ok
Application_929015547,,,,,,ok
Application_92984842,,,,,,ok
Application_929931999,,,,,,ok
Application_932158358,,,,,,ok
Application_933464832,,,,,,ok
Application_933548333,,,,,,ok
Application_936141381,,,,,,ok
Application_936279128,,,,,,ok
Application_938318297,,,,,,ok
Application_940496739,,,,,,ok
Application_940705047,,,,,,ok
Application_94127270,,,,,,ok
Application_942057035,,,,,,ok
Application_94215,,,,,,ok
Application_943827704,,,,,,ok
Application_943868855,,,,,,ok
Application_944654361,,,,,,ok
Application_945696184,,,,,,ok
Application_946739824,,,,,,ok
Application_946802204,,,,,,ok
Application_946845929,,,,,,ok
Application_946851059,,,,,,ok
Application_948141705,,,,,,ok
Application_949156991,,,,,,ok
Application_951361217,,,,,,ok
Application_951427056,,,,,,ok
Application_952114406,,,,,,ok
Application_95311556,,,,,,ok
Application_953179282,,,,,,ok
Application_95477936,,,,,,ok
Application_955811445,,,,,,ok
Application_956764835,,,,,,ok
Application_957614949,,,,,,ok
Application_957947349,,,,,,ok
Application_957957984,,,,,,ok
Application_958218647,,,,,,ok
Application_962920598,,,,,,ok
Application_963564266,,,,,,ok
Application_964208437,,,,,,ok
Application_964309178,,,,,,ok
Application_9650923,,,,,,ok
Application_965842748,,,,,,ok
Application_966891264,,,,,,ok
Application_96732613,,,,,,ok
Application_970357595,,,,,,ok
Application_971594478,,,,,,ok
Application_972388617,,,,,,ok
Application_972407424,,,,,,ok
Application_972486124,,,,,,ok
Application_973075457,,,,,,ok
Application_973398039,,,,,,ok
Application_974380976,,,,,,no_confident_recommendation
Application_974485148,,,,,,ok
Application_97480244,,,,,,ok
Application_976227600,,,,,,ok
Application_976453500,,,,,,ok
Application_977273044,,,,,,ok
Application_978274104,,,,,,ok
Application_978279321,,,,,,ok
Application_978787861,,,,,,ok
Application_981954059,,,,,,ok
Application_983083464,,,,,,ok
Application_983620351,,,,,,ok
Application_989692273,,,,,,ok
Application_99096400,,,,,,ok
Application_991116281,,,,,,ok
Application_993130220,,,,,,ok
Application_993701683,,,,,,ok
Application_994101872,,,,,,ok
Application_995124359,,,,,,ok
Application_995537269,,,,,,ok
Application_99697167,,,,,,ok
Application_997205131,,,,,,ok
Application_997240244,,,,,,ok
Application_997592088,,,,,,ok
Application_998522150,,,,,,ok
Application_998666405,,,,,,ok
Application_998908852,,,,,,ok
