case:concept:name,inserted_activities,reason
Application_1013192848,A_Complete,"alignment needed to insert visible activity(ies) not present in the historical log to explain how the model reaches a state consistent with the logged prefix. Never written to the output log -- the saved prefix is always exactly the input log, unchanged -- but these ARE counted in this case's activity-history used for probabilistic weighting of subsequent simulated events."
Application_1033036371,A_Cancelled,"alignment needed to insert visible activity(ies) not present in the historical log to explain how the model reaches a state consistent with the logged prefix. Never written to the output log -- the saved prefix is always exactly the input log, unchanged -- but these ARE counted in this case's activity-history used for probabilistic weighting of subsequent simulated events."
Application_1048834285,O_Sent (mail and online),"alignment needed to insert visible activity(ies) not present in the historical log to explain how the model reaches a state consistent with the logged prefix. Never written to the output log -- the saved prefix is always exactly the input log, unchanged -- but these ARE counted in this case's activity-history used for probabilistic weighting of subsequent simulated events."
Application_1050938301,O_Accepted;A_Pending,"alignment needed to insert visible activity(ies) not present in the historical log to explain how the model reaches a state consistent with the logged prefix. Never written to the output log -- the saved prefix is always exactly the input log, unchanged -- but these ARE counted in this case's activity-history used for probabilistic weighting of subsequent simulated events."
Application_1054777483,A_Complete,"alignment needed to insert visible activity(ies) not present in the historical log to explain how the model reaches a state consistent with the logged prefix. Never written to the output log -- the saved prefix is always exactly the input log, unchanged -- but these ARE counted in this case's activity-history used for probabilistic weighting of subsequent simulated events."
Application_1056831748,O_Accepted;A_Pending,"alignment needed to insert visible activity(ies) not present in the historical log to explain how the model reaches a state consistent with the logged prefix. Never written to the output log -- the saved prefix is always exactly the input log, unchanged -- but these ARE counted in this case's activity-history used for probabilistic weighting of subsequent simulated events."
Application_1091454310,A_Complete;A_Cancelled,"alignment needed to insert visible activity(ies) not present in the historical log to explain how the model reaches a state consistent with the logged prefix. Never written to the output log -- the saved prefix is always exactly the input log, unchanged -- but these ARE counted in this case's activity-history used for probabilistic weighting of subsequent simulated events."
Application_1092109071,O_Accepted;A_Pending,"alignment needed to insert visible activity(ies) not present in the historical log to explain how the model reaches a state consistent with the logged prefix. Never written to the output log -- the saved prefix is always exactly the input log, unchanged -- but these ARE counted in this case's activity-history used for probabilistic weighting of subsequent simulated events."
Application_1096932592,A_Complete,"alignment needed to insert visible activity(ies) not present in the historical log to explain how the model reaches a state consistent with the logged prefix. Never written to the output log -- the saved prefix is always exactly the input log, unchanged -- but these ARE counted in this case's activity-history used for probabilistic weighting of subsequent simulated events."
Application_1112791540,A_Complete,"alignment needed to insert visible activity(ies) not present in the historical log to explain how the model reaches a state consistent with the logged prefix. Never written to the output log -- the saved prefix is always exactly the input log, unchanged -- but these ARE counted in this case's activity-history used for probabilistic weighting of subsequent simulated events."
Application_1119704576,A_Complete,"alignment needed to insert visible activity(ies) not present in the historical log to explain how the model reaches a state consistent with the logged prefix. Never written to the output log -- the saved prefix is always exactly the input log, unchanged -- but these ARE counted in this case's activity-history used for probabilistic weighting of subsequent simulated events."
Application_1139095492,O_Sent (mail and online),"alignment needed to insert visible activity(ies) not present in the historical log to explain how the model reaches a state consistent with the logged prefix. Never written to the output log -- the saved prefix is always exactly the input log, unchanged -- but these ARE counted in this case's activity-history used for probabilistic weighting of subsequent simulated events."
Application_1143452352,O_Accepted;A_Pending,"alignment needed to insert visible activity(ies) not present in the historical log to explain how the model reaches a state consistent with the logged prefix. Never written to the output log -- the saved prefix is always exactly the input log, unchanged -- but these ARE counted in this case's activity-history used for probabilistic weighting of subsequent simulated events."
Application_114551747,O_Accepted;A_Pending,"alignment needed to insert visible activity(ies) not present in the historical log to explain how the model reaches a state consistent with the logged prefix. Never written to the output log -- the saved prefix is always exactly the input log, unchanged -- but these ARE counted in this case's activity-history used for probabilistic weighting of subsequent simulated events."
Application_1147800670,O_Accepted;A_Pending,"alignment needed to insert visible activity(ies) not present in the historical log to explain how the model reaches a state consistent with the logged prefix. Never written to the output log -- the saved prefix is always exactly the input log, unchanged -- but these ARE counted in this case's activity-history used for probabilistic weighting of subsequent simulated events."
Application_1155624509,A_Complete;O_Accepted;A_Pending,"alignment needed to insert visible activity(ies) not present in the historical log to explain how the model reaches a state consistent with the logged prefix. Never written to the output log -- the saved prefix is always exactly the input log, unchanged -- but these ARE counted in this case's activity-history used for probabilistic weighting of subsequent simulated events."
Application_1157095713,A_Complete;A_Cancelled,"alignment needed to insert visible activity(ies) not present in the historical log to explain how the model reaches a state consistent with the logged prefix. Never written to the output log -- the saved prefix is always exactly the input log, unchanged -- but these ARE counted in this case's activity-history used for probabilistic weighting of subsequent simulated events."
Application_1175418215,A_Complete,"alignment needed to insert visible activity(ies) not present in the historical log to explain how the model reaches a state consistent with the logged prefix. Never written to the output log -- the saved prefix is always exactly the input log, unchanged -- but these ARE counted in this case's activity-history used for probabilistic weighting of subsequent simulated events."
Application_1224187740,A_Complete,"alignment needed to insert visible activity(ies) not present in the historical log to explain how the model reaches a state consistent with the logged prefix. Never written to the output log -- the saved prefix is always exactly the input log, unchanged -- but these ARE counted in this case's activity-history used for probabilistic weighting of subsequent simulated events."
Application_1239060176,O_Accepted;A_Pending,"alignment needed to insert visible activity(ies) not present in the historical log to explain how the model reaches a state consistent with the logged prefix. Never written to the output log -- the saved prefix is always exactly the input log, unchanged -- but these ARE counted in this case's activity-history used for probabilistic weighting of subsequent simulated events."
Application_1288084480,O_Accepted;A_Pending,"alignment needed to insert visible activity(ies) not present in the historical log to explain how the model reaches a state consistent with the logged prefix. Never written to the output log -- the saved prefix is always exactly the input log, unchanged -- but these ARE counted in this case's activity-history used for probabilistic weighting of subsequent simulated events."
Application_1295538492,O_Sent (mail and online),"alignment needed to insert visible activity(ies) not present in the historical log to explain how the model reaches a state consistent with the logged prefix. Never written to the output log -- the saved prefix is always exactly the input log, unchanged -- but these ARE counted in this case's activity-history used for probabilistic weighting of subsequent simulated events."
Application_1328770574,A_Complete,"alignment needed to insert visible activity(ies) not present in the historical log to explain how the model reaches a state consistent with the logged prefix. Never written to the output log -- the saved prefix is always exactly the input log, unchanged -- but these ARE counted in this case's activity-history used for probabilistic weighting of subsequent simulated events."
Application_1347988922,A_Complete,"alignment needed to insert visible activity(ies) not present in the historical log to explain how the model reaches a state consistent with the logged prefix. Never written to the output log -- the saved prefix is always exactly the input log, unchanged -- but these ARE counted in this case's activity-history used for probabilistic weighting of subsequent simulated events."
Application_1425329540,O_Accepted;A_Pending,"alignment needed to insert visible activity(ies) not present in the historical log to explain how the model reaches a state consistent with the logged prefix. Never written to the output log -- the saved prefix is always exactly the input log, unchanged -- but these ARE counted in this case's activity-history used for probabilistic weighting of subsequent simulated events."
Application_1452533285,O_Accepted;A_Pending,"alignment needed to insert visible activity(ies) not present in the historical log to explain how the model reaches a state consistent with the logged prefix. Never written to the output log -- the saved prefix is always exactly the input log, unchanged -- but these ARE counted in this case's activity-history used for probabilistic weighting of subsequent simulated events."
Application_1473464035,O_Accepted;A_Pending,"alignment needed to insert visible activity(ies) not present in the historical log to explain how the model reaches a state consistent with the logged prefix. Never written to the output log -- the saved prefix is always exactly the input log, unchanged -- but these ARE counted in this case's activity-history used for probabilistic weighting of subsequent simulated events."
Application_1479752026,O_Accepted;A_Pending,"alignment needed to insert visible activity(ies) not present in the historical log to explain how the model reaches a state consistent with the logged prefix. Never written to the output log -- the saved prefix is always exactly the input log, unchanged -- but these ARE counted in this case's activity-history used for probabilistic weighting of subsequent simulated events."
Application_1504307845,O_Accepted;A_Pending,"alignment needed to insert visible activity(ies) not present in the historical log to explain how the model reaches a state consistent with the logged prefix. Never written to the output log -- the saved prefix is always exactly the input log, unchanged -- but these ARE counted in this case's activity-history used for probabilistic weighting of subsequent simulated events."
Application_1518013035,A_Cancelled,"alignment needed to insert visible activity(ies) not present in the historical log to explain how the model reaches a state consistent with the logged prefix. Never written to the output log -- the saved prefix is always exactly the input log, unchanged -- but these ARE counted in this case's activity-history used for probabilistic weighting of subsequent simulated events."
Application_1518048032,O_Accepted;A_Pending,"alignment needed to insert visible activity(ies) not present in the historical log to explain how the model reaches a state consistent with the logged prefix. Never written to the output log -- the saved prefix is always exactly the input log, unchanged -- but these ARE counted in this case's activity-history used for probabilistic weighting of subsequent simulated events."
Application_1523673583,O_Sent (mail and online),"alignment needed to insert visible activity(ies) not present in the historical log to explain how the model reaches a state consistent with the logged prefix. Never written to the output log -- the saved prefix is always exactly the input log, unchanged -- but these ARE counted in this case's activity-history used for probabilistic weighting of subsequent simulated events."
Application_1533785960,A_Cancelled,"alignment needed to insert visible activity(ies) not present in the historical log to explain how the model reaches a state consistent with the logged prefix. Never written to the output log -- the saved prefix is always exactly the input log, unchanged -- but these ARE counted in this case's activity-history used for probabilistic weighting of subsequent simulated events."
Application_1545481822,A_Cancelled;O_Cancelled,"alignment needed to insert visible activity(ies) not present in the historical log to explain how the model reaches a state consistent with the logged prefix. Never written to the output log -- the saved prefix is always exactly the input log, unchanged -- but these ARE counted in this case's activity-history used for probabilistic weighting of subsequent simulated events."
Application_156618714,A_Complete,"alignment needed to insert visible activity(ies) not present in the historical log to explain how the model reaches a state consistent with the logged prefix. Never written to the output log -- the saved prefix is always exactly the input log, unchanged -- but these ARE counted in this case's activity-history used for probabilistic weighting of subsequent simulated events."
Application_157155173,O_Accepted;A_Pending,"alignment needed to insert visible activity(ies) not present in the historical log to explain how the model reaches a state consistent with the logged prefix. Never written to the output log -- the saved prefix is always exactly the input log, unchanged -- but these ARE counted in this case's activity-history used for probabilistic weighting of subsequent simulated events."
Application_1573876833,A_Complete,"alignment needed to insert visible activity(ies) not present in the historical log to explain how the model reaches a state consistent with the logged prefix. Never written to the output log -- the saved prefix is always exactly the input log, unchanged -- but these ARE counted in this case's activity-history used for probabilistic weighting of subsequent simulated events."
Application_1584063031,O_Accepted;A_Pending,"alignment needed to insert visible activity(ies) not present in the historical log to explain how the model reaches a state consistent with the logged prefix. Never written to the output log -- the saved prefix is always exactly the input log, unchanged -- but these ARE counted in this case's activity-history used for probabilistic weighting of subsequent simulated events."
Application_1594305363,O_Sent (mail and online),"alignment needed to insert visible activity(ies) not present in the historical log to explain how the model reaches a state consistent with the logged prefix. Never written to the output log -- the saved prefix is always exactly the input log, unchanged -- but these ARE counted in this case's activity-history used for probabilistic weighting of subsequent simulated events."
Application_1600471037,A_Complete,"alignment needed to insert visible activity(ies) not present in the historical log to explain how the model reaches a state consistent with the logged prefix. Never written to the output log -- the saved prefix is always exactly the input log, unchanged -- but these ARE counted in this case's activity-history used for probabilistic weighting of subsequent simulated events."
Application_1616117711,A_Cancelled,"alignment needed to insert visible activity(ies) not present in the historical log to explain how the model reaches a state consistent with the logged prefix. Never written to the output log -- the saved prefix is always exactly the input log, unchanged -- but these ARE counted in this case's activity-history used for probabilistic weighting of subsequent simulated events."
Application_163804730,O_Accepted;A_Pending,"alignment needed to insert visible activity(ies) not present in the historical log to explain how the model reaches a state consistent with the logged prefix. Never written to the output log -- the saved prefix is always exactly the input log, unchanged -- but these ARE counted in this case's activity-history used for probabilistic weighting of subsequent simulated events."
Application_1646642236,A_Complete,"alignment needed to insert visible activity(ies) not present in the historical log to explain how the model reaches a state consistent with the logged prefix. Never written to the output log -- the saved prefix is always exactly the input log, unchanged -- but these ARE counted in this case's activity-history used for probabilistic weighting of subsequent simulated events."
Application_1664858516,A_Complete,"alignment needed to insert visible activity(ies) not present in the historical log to explain how the model reaches a state consistent with the logged prefix. Never written to the output log -- the saved prefix is always exactly the input log, unchanged -- but these ARE counted in this case's activity-history used for probabilistic weighting of subsequent simulated events."
Application_1672037226,O_Accepted;A_Pending,"alignment needed to insert visible activity(ies) not present in the historical log to explain how the model reaches a state consistent with the logged prefix. Never written to the output log -- the saved prefix is always exactly the input log, unchanged -- but these ARE counted in this case's activity-history used for probabilistic weighting of subsequent simulated events."
Application_1730778542,A_Complete;A_Cancelled,"alignment needed to insert visible activity(ies) not present in the historical log to explain how the model reaches a state consistent with the logged prefix. Never written to the output log -- the saved prefix is always exactly the input log, unchanged -- but these ARE counted in this case's activity-history used for probabilistic weighting of subsequent simulated events."
Application_1733106091,A_Complete,"alignment needed to insert visible activity(ies) not present in the historical log to explain how the model reaches a state consistent with the logged prefix. Never written to the output log -- the saved prefix is always exactly the input log, unchanged -- but these ARE counted in this case's activity-history used for probabilistic weighting of subsequent simulated events."
Application_1734771669,O_Accepted;A_Pending,"alignment needed to insert visible activity(ies) not present in the historical log to explain how the model reaches a state consistent with the logged prefix. Never written to the output log -- the saved prefix is always exactly the input log, unchanged -- but these ARE counted in this case's activity-history used for probabilistic weighting of subsequent simulated events."
Application_1735566698,A_Cancelled,"alignment needed to insert visible activity(ies) not present in the historical log to explain how the model reaches a state consistent with the logged prefix. Never written to the output log -- the saved prefix is always exactly the input log, unchanged -- but these ARE counted in this case's activity-history used for probabilistic weighting of subsequent simulated events."
Application_1781374917,A_Complete,"alignment needed to insert visible activity(ies) not present in the historical log to explain how the model reaches a state consistent with the logged prefix. Never written to the output log -- the saved prefix is always exactly the input log, unchanged -- but these ARE counted in this case's activity-history used for probabilistic weighting of subsequent simulated events."
Application_1784815865,A_Cancelled,"alignment needed to insert visible activity(ies) not present in the historical log to explain how the model reaches a state consistent with the logged prefix. Never written to the output log -- the saved prefix is always exactly the input log, unchanged -- but these ARE counted in this case's activity-history used for probabilistic weighting of subsequent simulated events."
Application_182712917,O_Accepted;A_Pending,"alignment needed to insert visible activity(ies) not present in the historical log to explain how the model reaches a state consistent with the logged prefix. Never written to the output log -- the saved prefix is always exactly the input log, unchanged -- but these ARE counted in this case's activity-history used for probabilistic weighting of subsequent simulated events."
Application_1835611863,O_Accepted;A_Pending,"alignment needed to insert visible activity(ies) not present in the historical log to explain how the model reaches a state consistent with the logged prefix. Never written to the output log -- the saved prefix is always exactly the input log, unchanged -- but these ARE counted in this case's activity-history used for probabilistic weighting of subsequent simulated events."
Application_1838182698,A_Validating,"alignment needed to insert visible activity(ies) not present in the historical log to explain how the model reaches a state consistent with the logged prefix. Never written to the output log -- the saved prefix is always exactly the input log, unchanged -- but these ARE counted in this case's activity-history used for probabilistic weighting of subsequent simulated events."
Application_1870118526,A_Complete,"alignment needed to insert visible activity(ies) not present in the historical log to explain how the model reaches a state consistent with the logged prefix. Never written to the output log -- the saved prefix is always exactly the input log, unchanged -- but these ARE counted in this case's activity-history used for probabilistic weighting of subsequent simulated events."
Application_1898457792,O_Sent (mail and online);A_Cancelled,"alignment needed to insert visible activity(ies) not present in the historical log to explain how the model reaches a state consistent with the logged prefix. Never written to the output log -- the saved prefix is always exactly the input log, unchanged -- but these ARE counted in this case's activity-history used for probabilistic weighting of subsequent simulated events."
Application_1914483239,A_Cancelled;O_Cancelled,"alignment needed to insert visible activity(ies) not present in the historical log to explain how the model reaches a state consistent with the logged prefix. Never written to the output log -- the saved prefix is always exactly the input log, unchanged -- but these ARE counted in this case's activity-history used for probabilistic weighting of subsequent simulated events."
Application_1921489029,A_Complete,"alignment needed to insert visible activity(ies) not present in the historical log to explain how the model reaches a state consistent with the logged prefix. Never written to the output log -- the saved prefix is always exactly the input log, unchanged -- but these ARE counted in this case's activity-history used for probabilistic weighting of subsequent simulated events."
Application_192191311,O_Sent (mail and online),"alignment needed to insert visible activity(ies) not present in the historical log to explain how the model reaches a state consistent with the logged prefix. Never written to the output log -- the saved prefix is always exactly the input log, unchanged -- but these ARE counted in this case's activity-history used for probabilistic weighting of subsequent simulated events."
Application_1928577170,O_Accepted;A_Pending,"alignment needed to insert visible activity(ies) not present in the historical log to explain how the model reaches a state consistent with the logged prefix. Never written to the output log -- the saved prefix is always exactly the input log, unchanged -- but these ARE counted in this case's activity-history used for probabilistic weighting of subsequent simulated events."
Application_1959536677,O_Accepted;A_Pending,"alignment needed to insert visible activity(ies) not present in the historical log to explain how the model reaches a state consistent with the logged prefix. Never written to the output log -- the saved prefix is always exactly the input log, unchanged -- but these ARE counted in this case's activity-history used for probabilistic weighting of subsequent simulated events."
Application_1960245250,A_Complete;A_Cancelled,"alignment needed to insert visible activity(ies) not present in the historical log to explain how the model reaches a state consistent with the logged prefix. Never written to the output log -- the saved prefix is always exactly the input log, unchanged -- but these ARE counted in this case's activity-history used for probabilistic weighting of subsequent simulated events."
Application_1972046847,O_Sent (mail and online),"alignment needed to insert visible activity(ies) not present in the historical log to explain how the model reaches a state consistent with the logged prefix. Never written to the output log -- the saved prefix is always exactly the input log, unchanged -- but these ARE counted in this case's activity-history used for probabilistic weighting of subsequent simulated events."
Application_1975819852,O_Accepted;A_Pending,"alignment needed to insert visible activity(ies) not present in the historical log to explain how the model reaches a state consistent with the logged prefix. Never written to the output log -- the saved prefix is always exactly the input log, unchanged -- but these ARE counted in this case's activity-history used for probabilistic weighting of subsequent simulated events."
Application_1976004129,A_Cancelled,"alignment needed to insert visible activity(ies) not present in the historical log to explain how the model reaches a state consistent with the logged prefix. Never written to the output log -- the saved prefix is always exactly the input log, unchanged -- but these ARE counted in this case's activity-history used for probabilistic weighting of subsequent simulated events."
Application_200417599,A_Complete,"alignment needed to insert visible activity(ies) not present in the historical log to explain how the model reaches a state consistent with the logged prefix. Never written to the output log -- the saved prefix is always exactly the input log, unchanged -- but these ARE counted in this case's activity-history used for probabilistic weighting of subsequent simulated events."
Application_2021390880,O_Accepted;A_Pending,"alignment needed to insert visible activity(ies) not present in the historical log to explain how the model reaches a state consistent with the logged prefix. Never written to the output log -- the saved prefix is always exactly the input log, unchanged -- but these ARE counted in this case's activity-history used for probabilistic weighting of subsequent simulated events."
Application_2034295537,A_Complete,"alignment needed to insert visible activity(ies) not present in the historical log to explain how the model reaches a state consistent with the logged prefix. Never written to the output log -- the saved prefix is always exactly the input log, unchanged -- but these ARE counted in this case's activity-history used for probabilistic weighting of subsequent simulated events."
Application_2037954458,A_Complete,"alignment needed to insert visible activity(ies) not present in the historical log to explain how the model reaches a state consistent with the logged prefix. Never written to the output log -- the saved prefix is always exactly the input log, unchanged -- but these ARE counted in this case's activity-history used for probabilistic weighting of subsequent simulated events."
Application_2060708769,A_Complete,"alignment needed to insert visible activity(ies) not present in the historical log to explain how the model reaches a state consistent with the logged prefix. Never written to the output log -- the saved prefix is always exactly the input log, unchanged -- but these ARE counted in this case's activity-history used for probabilistic weighting of subsequent simulated events."
Application_2064798594,A_Complete,"alignment needed to insert visible activity(ies) not present in the historical log to explain how the model reaches a state consistent with the logged prefix. Never written to the output log -- the saved prefix is always exactly the input log, unchanged -- but these ARE counted in this case's activity-history used for probabilistic weighting of subsequent simulated events."
Application_2069545303,A_Complete,"alignment needed to insert visible activity(ies) not present in the historical log to explain how the model reaches a state consistent with the logged prefix. Never written to the output log -- the saved prefix is always exactly the input log, unchanged -- but these ARE counted in this case's activity-history used for probabilistic weighting of subsequent simulated events."
Application_2090544740,A_Complete;A_Cancelled,"alignment needed to insert visible activity(ies) not present in the historical log to explain how the model reaches a state consistent with the logged prefix. Never written to the output log -- the saved prefix is always exactly the input log, unchanged -- but these ARE counted in this case's activity-history used for probabilistic weighting of subsequent simulated events."
Application_2099511368,A_Complete;A_Cancelled,"alignment needed to insert visible activity(ies) not present in the historical log to explain how the model reaches a state consistent with the logged prefix. Never written to the output log -- the saved prefix is always exactly the input log, unchanged -- but these ARE counted in this case's activity-history used for probabilistic weighting of subsequent simulated events."
Application_2116148116,A_Complete;A_Cancelled,"alignment needed to insert visible activity(ies) not present in the historical log to explain how the model reaches a state consistent with the logged prefix. Never written to the output log -- the saved prefix is always exactly the input log, unchanged -- but these ARE counted in this case's activity-history used for probabilistic weighting of subsequent simulated events."
Application_2146296643,O_Accepted;A_Pending,"alignment needed to insert visible activity(ies) not present in the historical log to explain how the model reaches a state consistent with the logged prefix. Never written to the output log -- the saved prefix is always exactly the input log, unchanged -- but these ARE counted in this case's activity-history used for probabilistic weighting of subsequent simulated events."
Application_226209957,O_Accepted;A_Pending,"alignment needed to insert visible activity(ies) not present in the historical log to explain how the model reaches a state consistent with the logged prefix. Never written to the output log -- the saved prefix is always exactly the input log, unchanged -- but these ARE counted in this case's activity-history used for probabilistic weighting of subsequent simulated events."
Application_244396187,A_Cancelled;O_Cancelled,"alignment needed to insert visible activity(ies) not present in the historical log to explain how the model reaches a state consistent with the logged prefix. Never written to the output log -- the saved prefix is always exactly the input log, unchanged -- but these ARE counted in this case's activity-history used for probabilistic weighting of subsequent simulated events."
Application_255370233,O_Accepted;A_Pending,"alignment needed to insert visible activity(ies) not present in the historical log to explain how the model reaches a state consistent with the logged prefix. Never written to the output log -- the saved prefix is always exactly the input log, unchanged -- but these ARE counted in this case's activity-history used for probabilistic weighting of subsequent simulated events."
Application_255496047,O_Accepted;A_Pending,"alignment needed to insert visible activity(ies) not present in the historical log to explain how the model reaches a state consistent with the logged prefix. Never written to the output log -- the saved prefix is always exactly the input log, unchanged -- but these ARE counted in this case's activity-history used for probabilistic weighting of subsequent simulated events."
Application_269341222,A_Cancelled,"alignment needed to insert visible activity(ies) not present in the historical log to explain how the model reaches a state consistent with the logged prefix. Never written to the output log -- the saved prefix is always exactly the input log, unchanged -- but these ARE counted in this case's activity-history used for probabilistic weighting of subsequent simulated events."
Application_31519304,O_Sent (mail and online),"alignment needed to insert visible activity(ies) not present in the historical log to explain how the model reaches a state consistent with the logged prefix. Never written to the output log -- the saved prefix is always exactly the input log, unchanged -- but these ARE counted in this case's activity-history used for probabilistic weighting of subsequent simulated events."
Application_328120747,A_Complete,"alignment needed to insert visible activity(ies) not present in the historical log to explain how the model reaches a state consistent with the logged prefix. Never written to the output log -- the saved prefix is always exactly the input log, unchanged -- but these ARE counted in this case's activity-history used for probabilistic weighting of subsequent simulated events."
Application_330251746,A_Cancelled,"alignment needed to insert visible activity(ies) not present in the historical log to explain how the model reaches a state consistent with the logged prefix. Never written to the output log -- the saved prefix is always exactly the input log, unchanged -- but these ARE counted in this case's activity-history used for probabilistic weighting of subsequent simulated events."
Application_339327672,A_Complete;A_Cancelled,"alignment needed to insert visible activity(ies) not present in the historical log to explain how the model reaches a state consistent with the logged prefix. Never written to the output log -- the saved prefix is always exactly the input log, unchanged -- but these ARE counted in this case's activity-history used for probabilistic weighting of subsequent simulated events."
Application_354974392,O_Accepted;A_Pending,"alignment needed to insert visible activity(ies) not present in the historical log to explain how the model reaches a state consistent with the logged prefix. Never written to the output log -- the saved prefix is always exactly the input log, unchanged -- but these ARE counted in this case's activity-history used for probabilistic weighting of subsequent simulated events."
Application_387778376,O_Accepted;A_Pending,"alignment needed to insert visible activity(ies) not present in the historical log to explain how the model reaches a state consistent with the logged prefix. Never written to the output log -- the saved prefix is always exactly the input log, unchanged -- but these ARE counted in this case's activity-history used for probabilistic weighting of subsequent simulated events."
Application_398250446,A_Complete,"alignment needed to insert visible activity(ies) not present in the historical log to explain how the model reaches a state consistent with the logged prefix. Never written to the output log -- the saved prefix is always exactly the input log, unchanged -- but these ARE counted in this case's activity-history used for probabilistic weighting of subsequent simulated events."
Application_407461155,A_Complete,"alignment needed to insert visible activity(ies) not present in the historical log to explain how the model reaches a state consistent with the logged prefix. Never written to the output log -- the saved prefix is always exactly the input log, unchanged -- but these ARE counted in this case's activity-history used for probabilistic weighting of subsequent simulated events."
Application_414227837,O_Accepted;A_Pending,"alignment needed to insert visible activity(ies) not present in the historical log to explain how the model reaches a state consistent with the logged prefix. Never written to the output log -- the saved prefix is always exactly the input log, unchanged -- but these ARE counted in this case's activity-history used for probabilistic weighting of subsequent simulated events."
Application_418738843,A_Complete;O_Accepted;A_Pending,"alignment needed to insert visible activity(ies) not present in the historical log to explain how the model reaches a state consistent with the logged prefix. Never written to the output log -- the saved prefix is always exactly the input log, unchanged -- but these ARE counted in this case's activity-history used for probabilistic weighting of subsequent simulated events."
Application_427975818,A_Cancelled,"alignment needed to insert visible activity(ies) not present in the historical log to explain how the model reaches a state consistent with the logged prefix. Never written to the output log -- the saved prefix is always exactly the input log, unchanged -- but these ARE counted in this case's activity-history used for probabilistic weighting of subsequent simulated events."
Application_441853106,A_Complete,"alignment needed to insert visible activity(ies) not present in the historical log to explain how the model reaches a state consistent with the logged prefix. Never written to the output log -- the saved prefix is always exactly the input log, unchanged -- but these ARE counted in this case's activity-history used for probabilistic weighting of subsequent simulated events."
Application_485567867,O_Sent (mail and online);A_Complete;O_Accepted;A_Pending,"alignment needed to insert visible activity(ies) not present in the historical log to explain how the model reaches a state consistent with the logged prefix. Never written to the output log -- the saved prefix is always exactly the input log, unchanged -- but these ARE counted in this case's activity-history used for probabilistic weighting of subsequent simulated events."
Application_496111899,O_Accepted;A_Pending,"alignment needed to insert visible activity(ies) not present in the historical log to explain how the model reaches a state consistent with the logged prefix. Never written to the output log -- the saved prefix is always exactly the input log, unchanged -- but these ARE counted in this case's activity-history used for probabilistic weighting of subsequent simulated events."
Application_518595534,A_Complete,"alignment needed to insert visible activity(ies) not present in the historical log to explain how the model reaches a state consistent with the logged prefix. Never written to the output log -- the saved prefix is always exactly the input log, unchanged -- but these ARE counted in this case's activity-history used for probabilistic weighting of subsequent simulated events."
Application_536051300,A_Complete;A_Cancelled,"alignment needed to insert visible activity(ies) not present in the historical log to explain how the model reaches a state consistent with the logged prefix. Never written to the output log -- the saved prefix is always exactly the input log, unchanged -- but these ARE counted in this case's activity-history used for probabilistic weighting of subsequent simulated events."
Application_574500271,O_Accepted;A_Pending,"alignment needed to insert visible activity(ies) not present in the historical log to explain how the model reaches a state consistent with the logged prefix. Never written to the output log -- the saved prefix is always exactly the input log, unchanged -- but these ARE counted in this case's activity-history used for probabilistic weighting of subsequent simulated events."
Application_589041415,A_Cancelled,"alignment needed to insert visible activity(ies) not present in the historical log to explain how the model reaches a state consistent with the logged prefix. Never written to the output log -- the saved prefix is always exactly the input log, unchanged -- but these ARE counted in this case's activity-history used for probabilistic weighting of subsequent simulated events."
Application_590215732,A_Complete,"alignment needed to insert visible activity(ies) not present in the historical log to explain how the model reaches a state consistent with the logged prefix. Never written to the output log -- the saved prefix is always exactly the input log, unchanged -- but these ARE counted in this case's activity-history used for probabilistic weighting of subsequent simulated events."
Application_592613102,O_Accepted;A_Pending,"alignment needed to insert visible activity(ies) not present in the historical log to explain how the model reaches a state consistent with the logged prefix. Never written to the output log -- the saved prefix is always exactly the input log, unchanged -- but these ARE counted in this case's activity-history used for probabilistic weighting of subsequent simulated events."
Application_597372127,A_Cancelled,"alignment needed to insert visible activity(ies) not present in the historical log to explain how the model reaches a state consistent with the logged prefix. Never written to the output log -- the saved prefix is always exactly the input log, unchanged -- but these ARE counted in this case's activity-history used for probabilistic weighting of subsequent simulated events."
Application_634353469,O_Accepted;A_Pending,"alignment needed to insert visible activity(ies) not present in the historical log to explain how the model reaches a state consistent with the logged prefix. Never written to the output log -- the saved prefix is always exactly the input log, unchanged -- but these ARE counted in this case's activity-history used for probabilistic weighting of subsequent simulated events."
Application_644684670,O_Accepted;A_Pending,"alignment needed to insert visible activity(ies) not present in the historical log to explain how the model reaches a state consistent with the logged prefix. Never written to the output log -- the saved prefix is always exactly the input log, unchanged -- but these ARE counted in this case's activity-history used for probabilistic weighting of subsequent simulated events."
Application_663134091,O_Accepted;A_Pending,"alignment needed to insert visible activity(ies) not present in the historical log to explain how the model reaches a state consistent with the logged prefix. Never written to the output log -- the saved prefix is always exactly the input log, unchanged -- but these ARE counted in this case's activity-history used for probabilistic weighting of subsequent simulated events."
Application_664337168,A_Complete;A_Cancelled,"alignment needed to insert visible activity(ies) not present in the historical log to explain how the model reaches a state consistent with the logged prefix. Never written to the output log -- the saved prefix is always exactly the input log, unchanged -- but these ARE counted in this case's activity-history used for probabilistic weighting of subsequent simulated events."
Application_693050930,A_Complete,"alignment needed to insert visible activity(ies) not present in the historical log to explain how the model reaches a state consistent with the logged prefix. Never written to the output log -- the saved prefix is always exactly the input log, unchanged -- but these ARE counted in this case's activity-history used for probabilistic weighting of subsequent simulated events."
Application_713675823,O_Accepted;A_Pending,"alignment needed to insert visible activity(ies) not present in the historical log to explain how the model reaches a state consistent with the logged prefix. Never written to the output log -- the saved prefix is always exactly the input log, unchanged -- but these ARE counted in this case's activity-history used for probabilistic weighting of subsequent simulated events."
Application_725542335,O_Sent (mail and online),"alignment needed to insert visible activity(ies) not present in the historical log to explain how the model reaches a state consistent with the logged prefix. Never written to the output log -- the saved prefix is always exactly the input log, unchanged -- but these ARE counted in this case's activity-history used for probabilistic weighting of subsequent simulated events."
Application_76083190,O_Accepted;A_Pending,"alignment needed to insert visible activity(ies) not present in the historical log to explain how the model reaches a state consistent with the logged prefix. Never written to the output log -- the saved prefix is always exactly the input log, unchanged -- but these ARE counted in this case's activity-history used for probabilistic weighting of subsequent simulated events."
Application_780791841,O_Accepted;A_Pending,"alignment needed to insert visible activity(ies) not present in the historical log to explain how the model reaches a state consistent with the logged prefix. Never written to the output log -- the saved prefix is always exactly the input log, unchanged -- but these ARE counted in this case's activity-history used for probabilistic weighting of subsequent simulated events."
Application_80298426,O_Accepted;A_Pending,"alignment needed to insert visible activity(ies) not present in the historical log to explain how the model reaches a state consistent with the logged prefix. Never written to the output log -- the saved prefix is always exactly the input log, unchanged -- but these ARE counted in this case's activity-history used for probabilistic weighting of subsequent simulated events."
Application_815439845,O_Accepted;A_Pending,"alignment needed to insert visible activity(ies) not present in the historical log to explain how the model reaches a state consistent with the logged prefix. Never written to the output log -- the saved prefix is always exactly the input log, unchanged -- but these ARE counted in this case's activity-history used for probabilistic weighting of subsequent simulated events."
Application_817528841,O_Accepted;A_Pending,"alignment needed to insert visible activity(ies) not present in the historical log to explain how the model reaches a state consistent with the logged prefix. Never written to the output log -- the saved prefix is always exactly the input log, unchanged -- but these ARE counted in this case's activity-history used for probabilistic weighting of subsequent simulated events."
Application_832770467,A_Complete,"alignment needed to insert visible activity(ies) not present in the historical log to explain how the model reaches a state consistent with the logged prefix. Never written to the output log -- the saved prefix is always exactly the input log, unchanged -- but these ARE counted in this case's activity-history used for probabilistic weighting of subsequent simulated events."
Application_839952915,O_Accepted;A_Pending,"alignment needed to insert visible activity(ies) not present in the historical log to explain how the model reaches a state consistent with the logged prefix. Never written to the output log -- the saved prefix is always exactly the input log, unchanged -- but these ARE counted in this case's activity-history used for probabilistic weighting of subsequent simulated events."
Application_846209494,A_Complete;A_Complete;O_Accepted;A_Pending,"alignment needed to insert visible activity(ies) not present in the historical log to explain how the model reaches a state consistent with the logged prefix. Never written to the output log -- the saved prefix is always exactly the input log, unchanged -- but these ARE counted in this case's activity-history used for probabilistic weighting of subsequent simulated events."
Application_851895556,A_Cancelled,"alignment needed to insert visible activity(ies) not present in the historical log to explain how the model reaches a state consistent with the logged prefix. Never written to the output log -- the saved prefix is always exactly the input log, unchanged -- but these ARE counted in this case's activity-history used for probabilistic weighting of subsequent simulated events."
Application_856935152,O_Sent (mail and online);A_Cancelled,"alignment needed to insert visible activity(ies) not present in the historical log to explain how the model reaches a state consistent with the logged prefix. Never written to the output log -- the saved prefix is always exactly the input log, unchanged -- but these ARE counted in this case's activity-history used for probabilistic weighting of subsequent simulated events."
Application_858789639,A_Cancelled,"alignment needed to insert visible activity(ies) not present in the historical log to explain how the model reaches a state consistent with the logged prefix. Never written to the output log -- the saved prefix is always exactly the input log, unchanged -- but these ARE counted in this case's activity-history used for probabilistic weighting of subsequent simulated events."
Application_866486447,O_Accepted;A_Pending,"alignment needed to insert visible activity(ies) not present in the historical log to explain how the model reaches a state consistent with the logged prefix. Never written to the output log -- the saved prefix is always exactly the input log, unchanged -- but these ARE counted in this case's activity-history used for probabilistic weighting of subsequent simulated events."
Application_869335382,O_Accepted;A_Pending,"alignment needed to insert visible activity(ies) not present in the historical log to explain how the model reaches a state consistent with the logged prefix. Never written to the output log -- the saved prefix is always exactly the input log, unchanged -- but these ARE counted in this case's activity-history used for probabilistic weighting of subsequent simulated events."
Application_884271564,A_Complete,"alignment needed to insert visible activity(ies) not present in the historical log to explain how the model reaches a state consistent with the logged prefix. Never written to the output log -- the saved prefix is always exactly the input log, unchanged -- but these ARE counted in this case's activity-history used for probabilistic weighting of subsequent simulated events."
Application_894204901,A_Complete,"alignment needed to insert visible activity(ies) not present in the historical log to explain how the model reaches a state consistent with the logged prefix. Never written to the output log -- the saved prefix is always exactly the input log, unchanged -- but these ARE counted in this case's activity-history used for probabilistic weighting of subsequent simulated events."
Application_894382241,A_Complete,"alignment needed to insert visible activity(ies) not present in the historical log to explain how the model reaches a state consistent with the logged prefix. Never written to the output log -- the saved prefix is always exactly the input log, unchanged -- but these ARE counted in this case's activity-history used for probabilistic weighting of subsequent simulated events."
Application_918963277,A_Cancelled,"alignment needed to insert visible activity(ies) not present in the historical log to explain how the model reaches a state consistent with the logged prefix. Never written to the output log -- the saved prefix is always exactly the input log, unchanged -- but these ARE counted in this case's activity-history used for probabilistic weighting of subsequent simulated events."
Application_919959748,A_Complete,"alignment needed to insert visible activity(ies) not present in the historical log to explain how the model reaches a state consistent with the logged prefix. Never written to the output log -- the saved prefix is always exactly the input log, unchanged -- but these ARE counted in this case's activity-history used for probabilistic weighting of subsequent simulated events."
Application_920967125,A_Complete,"alignment needed to insert visible activity(ies) not present in the historical log to explain how the model reaches a state consistent with the logged prefix. Never written to the output log -- the saved prefix is always exactly the input log, unchanged -- but these ARE counted in this case's activity-history used for probabilistic weighting of subsequent simulated events."
Application_936279128,A_Cancelled,"alignment needed to insert visible activity(ies) not present in the historical log to explain how the model reaches a state consistent with the logged prefix. Never written to the output log -- the saved prefix is always exactly the input log, unchanged -- but these ARE counted in this case's activity-history used for probabilistic weighting of subsequent simulated events."
Application_938318297,A_Denied;O_Refused,"alignment needed to insert visible activity(ies) not present in the historical log to explain how the model reaches a state consistent with the logged prefix. Never written to the output log -- the saved prefix is always exactly the input log, unchanged -- but these ARE counted in this case's activity-history used for probabilistic weighting of subsequent simulated events."
Application_956764835,A_Validating,"alignment needed to insert visible activity(ies) not present in the historical log to explain how the model reaches a state consistent with the logged prefix. Never written to the output log -- the saved prefix is always exactly the input log, unchanged -- but these ARE counted in this case's activity-history used for probabilistic weighting of subsequent simulated events."
Application_964208437,O_Accepted;A_Pending,"alignment needed to insert visible activity(ies) not present in the historical log to explain how the model reaches a state consistent with the logged prefix. Never written to the output log -- the saved prefix is always exactly the input log, unchanged -- but these ARE counted in this case's activity-history used for probabilistic weighting of subsequent simulated events."
Application_994101872,O_Sent (mail and online),"alignment needed to insert visible activity(ies) not present in the historical log to explain how the model reaches a state consistent with the logged prefix. Never written to the output log -- the saved prefix is always exactly the input log, unchanged -- but these ARE counted in this case's activity-history used for probabilistic weighting of subsequent simulated events."
Application_997205131,O_Sent (mail and online),"alignment needed to insert visible activity(ies) not present in the historical log to explain how the model reaches a state consistent with the logged prefix. Never written to the output log -- the saved prefix is always exactly the input log, unchanged -- but these ARE counted in this case's activity-history used for probabilistic weighting of subsequent simulated events."
