case:concept:name,simulations,n_match,any_match,all_match
201810001660,10,10,True,True
201810002650,10,10,True,True
201810006512,10,10,True,True
201810008108,10,10,True,True
201810008268,10,10,True,True
201810008485,10,10,True,True
201810008899,10,10,True,True
20181000902,10,10,True,True
201810010740,10,10,True,True
201810011081,10,10,True,True
201810011583,10,10,True,True
20181012611,10,10,True,True
20181013679,10,10,True,True
201811000205,10,10,True,True
201811001580,10,10,True,True
201811001889,10,10,True,True
201811002881,10,10,True,True
201811003327,10,10,True,True
201811003911,10,10,True,True
201811004163,10,10,True,True
201811004205,10,10,True,True
201811004338,10,10,True,True
201811005226,10,10,True,True
201811005422,10,10,True,True
201811005747,10,10,True,True
201811005954,10,10,True,True
201811006467,10,10,True,True
201811006674,10,6,True,False
201811006982,10,10,True,True
201811007401,10,8,True,False
201811008100,10,10,True,True
201811008330,10,10,True,True
201811008338,10,10,True,True
201811008394,10,10,True,True
201811008598,10,10,True,True
201811008631,10,8,True,False
201811008634,10,10,True,True
201811009132,10,10,True,True
201811009434,10,8,True,False
201811009590,10,10,True,True
201811009800,10,10,True,True
201811010119,10,10,True,True
201811010142,10,10,True,True
201811010681,10,10,True,True
201811010732,10,10,True,True
201811011699,10,10,True,True
201811011715,10,10,True,True
201811011742,10,10,True,True
201811011907,10,10,True,True
201811011916,10,10,True,True
201812000179,10,10,True,True
201812000181,10,10,True,True
201812000186,10,10,True,True
201812000605,10,10,True,True
201812000606,10,10,True,True
201812000900,10,10,True,True
201812002344,10,7,True,False
201812002552,10,10,True,True
201812002630,10,10,True,True
201812002677,10,10,True,True
201812002837,10,10,True,True
201812002893,10,10,True,True
201812003039,10,10,True,True
201812003088,10,10,True,True
201812003287,10,10,True,True
201812004065,10,10,True,True
201812004155,10,10,True,True
201812004198,10,10,True,True
201812004271,10,10,True,True
201812004422,10,10,True,True
201812004433,10,10,True,True
201812004478,10,10,True,True
201812004552,10,10,True,True
201812004625,10,10,True,True
201812004772,10,10,True,True
201812004817,10,10,True,True
201812004871,10,10,True,True
201812004921,10,10,True,True
201812005259,10,10,True,True
201812005350,10,10,True,True
201812005402,10,9,True,False
201812005434,10,10,True,True
201812005461,10,10,True,True
201812005659,10,10,True,True
201812005779,10,10,True,True
201812005853,10,10,True,True
201812005862,10,10,True,True
201812005898,10,10,True,True
201812006094,10,10,True,True
201812006124,10,10,True,True
201812006485,10,10,True,True
201812006628,10,10,True,True
201812006707,10,10,True,True
201812006755,10,10,True,True
201812006820,10,10,True,True
201812006824,10,10,True,True
201812007245,10,10,True,True
201812007280,10,10,True,True
201812007319,10,10,True,True
201812007397,10,10,True,True
201812007439,10,10,True,True
201812007654,10,10,True,True
201812007664,10,10,True,True
201812007718,10,10,True,True
201812007723,10,10,True,True
201812007727,10,10,True,True
201812007780,10,10,True,True
201812007788,10,10,True,True
201812007839,10,10,True,True
201812007853,10,10,True,True
201812008090,10,10,True,True
201812008149,10,10,True,True
201812008346,10,10,True,True
201812008642,10,4,True,False
201812008657,10,10,True,True
201812008694,10,10,True,True
201812008702,10,10,True,True
201812008708,10,10,True,True
201812008800,10,10,True,True
201812008953,10,10,True,True
201812009363,10,10,True,True
201812009485,10,10,True,True
201812009515,10,10,True,True
201812009556,10,10,True,True
201812009573,10,10,True,True
201812009645,10,9,True,False
201812009682,10,10,True,True
201812009703,10,10,True,True
201812009725,10,10,True,True
201812009750,10,10,True,True
201812009753,10,10,True,True
20182005961,10,10,True,True
20182009106,10,10,True,True
20183007131,10,10,True,True
20184001796,10,10,True,True
20185003342,10,10,True,True
20186002647,10,10,True,True
20186005840,10,10,True,True
20186007767,10,10,True,True
20187001795,10,10,True,True
20187002397,10,10,True,True
20187003190,10,10,True,True
20187003641,10,10,True,True
20187006392,10,10,True,True
20187006846,10,10,True,True
20187007250,10,10,True,True
20187010782,10,10,True,True
20188002087,10,10,True,True
20188002441,10,10,True,True
20188002645,10,10,True,True
20188005486,10,10,True,True
20189001829,10,10,True,True
20189003084,10,10,True,True
20189003486,10,10,True,True
20189004803,10,10,True,True
20189006540,10,10,True,True
20189007102,10,10,True,True
20189007821,10,10,True,True
20189007982,10,10,True,True
20189008206,10,10,True,True
20189009645,10,10,True,True
20191000037,10,10,True,True
20191000127,10,10,True,True
20191000242,10,10,True,True
20191000255,10,10,True,True
20191000260,10,10,True,True
20191000269,10,10,True,True
20191000366,10,10,True,True
20191000380,10,10,True,True
20191000382,10,10,True,True
20191000433,10,10,True,True
20191000490,10,10,True,True
20191000535,10,9,True,False
20191000546,10,10,True,True
20191000553,10,10,True,True
20191000568,10,10,True,True
20191000676,10,10,True,True
20191000751,10,10,True,True
20191000782,10,10,True,True
20191000845,10,10,True,True
20191000920,10,10,True,True
20191000928,10,10,True,True
20191000957,10,10,True,True
20191001061,10,10,True,True
20191001073,10,10,True,True
20191001178,10,10,True,True
20191001209,10,10,True,True
20191001270,10,10,True,True
20191001457,10,10,True,True
20191001560,10,10,True,True
20191001584,10,10,True,True
20191001595,10,10,True,True
20191001604,10,10,True,True
20191001611,10,10,True,True
20191001699,10,10,True,True
20191001826,10,10,True,True
20191001846,10,10,True,True
20191001877,10,10,True,True
20191001909,10,10,True,True
20191001991,10,10,True,True
20191001992,10,10,True,True
20191002027,10,10,True,True
20191002029,10,10,True,True
20191002074,10,10,True,True
20191002078,10,10,True,True
20191002091,10,10,True,True
20191002111,10,10,True,True
20191002163,10,10,True,True
20191002211,10,10,True,True
20191002216,10,10,True,True
20191002277,10,10,True,True
20191002297,10,10,True,True
20191002394,10,10,True,True
20191002483,10,9,True,False
20191002503,10,10,True,True
20191002511,10,10,True,True
20191002521,10,10,True,True
20191002534,10,9,True,False
20191002537,10,10,True,True
20191002706,10,10,True,True
20191002742,10,10,True,True
20191002745,10,10,True,True
20191002751,10,10,True,True
20191002759,10,10,True,True
20191002920,10,10,True,True
20191002939,10,10,True,True
20191002953,10,10,True,True
20191002956,10,10,True,True
20191002981,10,10,True,True
20191003000,10,10,True,True
20191003019,10,10,True,True
20191003043,10,10,True,True
20191003077,10,10,True,True
20191003263,10,10,True,True
20191003312,10,10,True,True
20191003315,10,10,True,True
20191003440,10,10,True,True
20191003465,10,10,True,True
20191003502,10,10,True,True
20191003540,10,10,True,True
20191003568,10,10,True,True
20191003594,10,10,True,True
20191003680,10,10,True,True
20191003699,10,10,True,True
20191003724,10,10,True,True
20191003755,10,10,True,True
20191003756,10,10,True,True
20191003759,10,10,True,True
20191003785,10,10,True,True
20191003861,10,10,True,True
20191003909,10,10,True,True
20191003938,10,10,True,True
20191004011,10,10,True,True
20191004025,10,10,True,True
20191004038,10,10,True,True
20191004043,10,10,True,True
20191004048,10,10,True,True
20191004109,10,10,True,True
20191004146,10,10,True,True
20191004208,10,10,True,True
20191004220,10,10,True,True
20191004224,10,10,True,True
20191004227,10,10,True,True
20191004251,10,10,True,True
20191004267,10,10,True,True
20191004286,10,10,True,True
20191004364,10,10,True,True
20191004374,10,10,True,True
20191004402,10,10,True,True
20191004432,10,10,True,True
20191004440,10,10,True,True
20191004500,10,10,True,True
20191004550,10,10,True,True
20191004556,10,10,True,True
20191004566,10,10,True,True
20191004680,10,10,True,True
20191004710,10,10,True,True
20191004805,10,10,True,True
20191004843,10,10,True,True
20191004854,10,10,True,True
20191004869,10,10,True,True
20191004891,10,10,True,True
20191004909,10,10,True,True
20191004957,10,10,True,True
20191004983,10,10,True,True
20191005120,10,10,True,True
20191005134,10,10,True,True
20191005248,10,10,True,True
20191005294,10,10,True,True
20191005303,10,10,True,True
20191005314,10,10,True,True
20191005347,10,10,True,True
20191005360,10,10,True,True
20191005375,10,10,True,True
20191005395,10,10,True,True
20191005409,10,10,True,True
20191005427,10,10,True,True
20191005428,10,10,True,True
20191005462,10,10,True,True
20191005480,10,10,True,True
20191005537,10,10,True,True
20191005557,10,10,True,True
20191005567,10,10,True,True
20191005632,10,10,True,True
20191005637,10,8,True,False
20191005681,10,10,True,True
20191005698,10,10,True,True
20191005733,10,10,True,True
20191005769,10,10,True,True
20191005838,10,10,True,True
20191005903,10,10,True,True
20191005922,10,10,True,True
20191005924,10,10,True,True
20191005966,10,10,True,True
20191006023,10,9,True,False
20191006058,10,10,True,True
20191006064,10,10,True,True
20191006077,10,10,True,True
20191006078,10,10,True,True
20191006098,10,8,True,False
20191006110,10,10,True,True
20191006142,10,10,True,True
20191006145,10,10,True,True
20191006188,10,10,True,True
20191006203,10,10,True,True
20191006207,10,8,True,False
20191006210,10,10,True,True
20191006217,10,10,True,True
20191006233,10,10,True,True
20191006273,10,10,True,True
20191006292,10,10,True,True
20191006301,10,10,True,True
20191006309,10,10,True,True
20191006333,10,10,True,True
20191006358,10,10,True,True
20191006382,10,10,True,True
20191006394,10,10,True,True
20191006436,10,10,True,True
20191006502,10,7,True,False
20191006520,10,10,True,True
20191006539,10,10,True,True
20191006585,10,10,True,True
20191006608,10,10,True,True
20191006655,10,10,True,True
20191006661,10,10,True,True
20191006747,10,9,True,False
20191006756,10,10,True,True
20191006771,10,10,True,True
20191006784,10,10,True,True
20191006788,10,10,True,True
20191006789,10,10,True,True
20191006870,10,10,True,True
20191006871,10,10,True,True
20191006880,10,10,True,True
20191006886,10,10,True,True
20191006920,10,9,True,False
20191006922,10,10,True,True
20191006956,10,10,True,True
20191006987,10,10,True,True
20191007056,10,10,True,True
20191007068,10,10,True,True
20191007079,10,10,True,True
20191007149,10,10,True,True
20191007166,10,10,True,True
20191007291,10,10,True,True
20191007305,10,10,True,True
20191007344,10,10,True,True
20191007413,10,10,True,True
20191007453,10,10,True,True
20191007463,10,10,True,True
20191007469,10,10,True,True
20191007472,10,10,True,True
20191007481,10,10,True,True
20191007501,10,10,True,True
20191007510,10,10,True,True
20191007558,10,9,True,False
20191007560,10,10,True,True
20191007564,10,10,True,True
20191007570,10,10,True,True
20191007587,10,10,True,True
20191007597,10,10,True,True
20191007623,10,10,True,True
20191007651,10,10,True,True
20191007666,10,10,True,True
20191007668,10,10,True,True
20191007674,10,10,True,True
20191007718,10,10,True,True
20191007810,10,10,True,True
20191007859,10,10,True,True
20191007866,10,10,True,True
20191007873,10,10,True,True
20191007894,10,10,True,True
20191007895,10,10,True,True
20191007901,10,10,True,True
20191007903,10,10,True,True
20191007908,10,10,True,True
20191007911,10,10,True,True
20191007912,10,10,True,True
20191007948,10,10,True,True
20191007964,10,10,True,True
20191007970,10,10,True,True
20191007975,10,10,True,True
20191007993,10,10,True,True
20191008000,10,10,True,True
20191008019,10,10,True,True
20191008041,10,10,True,True
20191008066,10,10,True,True
20191008071,10,10,True,True
20191008074,10,10,True,True
20191008076,10,10,True,True
20191008079,10,10,True,True
20191008080,10,10,True,True
20191008096,10,10,True,True
20191008111,10,10,True,True
20191008116,10,10,True,True
20191008140,10,10,True,True
20191008155,10,10,True,True
20191008169,10,10,True,True
20191008273,10,10,True,True
20191008283,10,10,True,True
20191008295,10,10,True,True
20191008323,10,10,True,True
20191008334,10,10,True,True
20191008335,10,10,True,True
20191008349,10,10,True,True
20191008358,10,10,True,True
20191008359,10,10,True,True
20191008362,10,10,True,True
20191008363,10,10,True,True
20191008378,10,10,True,True
20191008380,10,10,True,True
20191008388,10,10,True,True
20191008393,10,10,True,True
20191008402,10,10,True,True
20191008415,10,10,True,True
20191008420,10,10,True,True
20191008442,10,10,True,True
20191008443,10,9,True,False
20191008445,10,10,True,True
20191008446,10,10,True,True
20191008456,10,10,True,True
20191008469,10,10,True,True
20191008473,10,10,True,True
20191008481,10,10,True,True
20191008500,10,10,True,True
20191008537,10,10,True,True
20191008564,10,10,True,True
20191008566,10,10,True,True
20191008612,10,10,True,True
20191008645,10,9,True,False
20191008646,10,10,True,True
20191008668,10,10,True,True
20191008691,10,10,True,True
20191008693,10,10,True,True
20191008720,10,10,True,True
20191008742,10,10,True,True
20191008751,10,10,True,True
20191008755,10,10,True,True
20191008774,10,10,True,True
20191008797,10,10,True,True
20191008808,10,10,True,True
20191008812,10,10,True,True
20191008816,10,10,True,True
20191008827,10,10,True,True
20191008833,10,10,True,True
20191008838,10,10,True,True
20191008840,10,10,True,True
20191008846,10,10,True,True
20191008862,10,10,True,True
20191008891,10,4,True,False
20191008913,10,10,True,True
20191008924,10,10,True,True
20191008932,10,10,True,True
20191008940,10,10,True,True
20191008960,10,10,True,True
20191008965,10,10,True,True
20191008973,10,10,True,True
20191008981,10,10,True,True
20191008983,10,10,True,True
20191008985,10,10,True,True
20191008989,10,10,True,True
20191008994,10,10,True,True
20191008995,10,10,True,True
20191009007,10,10,True,True
20191009021,10,10,True,True
20191009058,10,10,True,True
20191009071,10,10,True,True
20191009078,10,10,True,True
20191009080,10,10,True,True
20191009081,10,10,True,True
20191009087,10,10,True,True
20191009105,10,10,True,True
20191009106,10,10,True,True
20191009120,10,10,True,True
20191009140,10,10,True,True
20191009168,10,9,True,False
20191009183,10,10,True,True
20191009224,10,10,True,True
20191009239,10,10,True,True
20191009269,10,10,True,True
20191009273,10,10,True,True
20191009284,10,10,True,True
20191009285,10,10,True,True
20191009303,10,10,True,True
20191009316,10,10,True,True
20191009322,10,10,True,True
20191009331,10,10,True,True
20191009378,10,4,True,False
20191009379,10,10,True,True
20191009382,10,9,True,False
20191009391,10,10,True,True
20191009423,10,10,True,True
20191009426,10,6,True,False
20191009436,10,10,True,True
20191009437,10,10,True,True
20191009442,10,10,True,True
20191009443,10,10,True,True
20191009445,10,10,True,True
20191009465,10,10,True,True
20191009485,10,10,True,True
20191009496,10,10,True,True
20191009505,10,10,True,True
20191009519,10,10,True,True
20191009524,10,10,True,True
20191009525,10,10,True,True
20191009535,10,10,True,True
20191009542,10,10,True,True
20191009581,10,10,True,True
20191009585,10,10,True,True
20191009592,10,10,True,True
20191009599,10,10,True,True
20191009616,10,10,True,True
20191009626,10,10,True,True
20191009630,10,10,True,True
20191009638,10,10,True,True
20191009677,10,8,True,False
20191009680,10,10,True,True
20191009681,10,10,True,True
20191009686,10,10,True,True
20191009711,10,10,True,True
20191009713,10,10,True,True
20191009721,10,10,True,True
20191009722,10,10,True,True
20191009727,10,10,True,True
20191009734,10,10,True,True
20191009739,10,10,True,True
20191009759,10,10,True,True
20191009788,10,10,True,True
20191009789,10,10,True,True
20191009797,10,10,True,True
20191009815,10,10,True,True
20191009817,10,9,True,False
20191009819,10,10,True,True
20191009830,10,10,True,True
20191009831,10,10,True,True
20191009836,10,10,True,True
20191009841,10,10,True,True
20191009850,10,10,True,True
20191009868,10,10,True,True
20191009939,10,10,True,True
20191009945,10,10,True,True
20191009948,10,10,True,True
20191009969,10,10,True,True
20191009973,10,10,True,True
20191009979,10,10,True,True
20191009982,10,10,True,True
20191009984,10,10,True,True
20191010024,10,10,True,True
20191010030,10,10,True,True
20191010039,10,10,True,True
20191010046,10,10,True,True
20191010048,10,10,True,True
20191010053,10,10,True,True
20191010054,10,10,True,True
20191010056,10,10,True,True
20191010059,10,10,True,True
20191010079,10,10,True,True
20191010088,10,10,True,True
20191010116,10,10,True,True
20191010121,10,8,True,False
20191010124,10,10,True,True
20191010126,10,10,True,True
20191010151,10,10,True,True
20191010155,10,10,True,True
20191010159,10,10,True,True
20191010179,10,10,True,True
20191010185,10,10,True,True
20191010206,10,10,True,True
20191010208,10,10,True,True
20191010213,10,10,True,True
20191010218,10,10,True,True
20191010237,10,10,True,True
20191010241,10,10,True,True
20191010250,10,10,True,True
20191010271,10,10,True,True
20191010273,10,10,True,True
20191010278,10,5,True,False
20191010279,10,10,True,True
20191010281,10,10,True,True
20191010286,10,10,True,True
20191010289,10,10,True,True
20191010292,10,10,True,True
20191010296,10,10,True,True
20191010299,10,10,True,True
20191010305,10,10,True,True
20191010322,10,10,True,True
20191010328,10,10,True,True
20191010329,10,10,True,True
20191010335,10,10,True,True
20191010347,10,10,True,True
20191010350,10,10,True,True
20191010367,10,10,True,True
20191010394,10,10,True,True
20191010408,10,10,True,True
20191010411,10,10,True,True
20191010414,10,10,True,True
20191010418,10,10,True,True
20191010421,10,10,True,True
20191010430,10,10,True,True
20191010433,10,10,True,True
20191010448,10,10,True,True
20191010483,10,10,True,True
20191010484,10,10,True,True
20191010497,10,10,True,True
20191010506,10,10,True,True
20191010510,10,10,True,True
20191010512,10,10,True,True
20191010514,10,6,True,False
20191010516,10,10,True,True
20191010529,10,10,True,True
20191010532,10,10,True,True
20191010543,10,10,True,True
20191010555,10,10,True,True
20191010563,10,10,True,True
20191010564,10,10,True,True
20191010565,10,10,True,True
20191010567,10,10,True,True
20191010580,10,10,True,True
20191010582,10,10,True,True
20191010585,10,10,True,True
20191010593,10,10,True,True
20191010600,10,10,True,True
20191010603,10,10,True,True
20191010606,10,10,True,True
20191010609,10,10,True,True
20191010610,10,10,True,True
20191010611,10,10,True,True
20191010613,10,10,True,True
20191010619,10,10,True,True
20191010620,10,10,True,True
20191010628,10,10,True,True
20191010631,10,10,True,True
20191010640,10,10,True,True
20191010647,10,10,True,True
20191010699,10,10,True,True
20191010712,10,10,True,True
20191010724,10,10,True,True
20191010725,10,10,True,True
20191010733,10,10,True,True
20191010745,10,10,True,True
20191010749,10,10,True,True
20191010754,10,10,True,True
20191010755,10,10,True,True
20191010764,10,10,True,True
20191010782,10,10,True,True
20191010795,10,10,True,True
20191010801,10,10,True,True
20191010808,10,10,True,True
20191010818,10,10,True,True
20191010820,10,10,True,True
20191010821,10,10,True,True
20191010841,10,10,True,True
20191010843,10,10,True,True
20191010846,10,10,True,True
20191010862,10,10,True,True
20191010875,10,10,True,True
20191010878,10,10,True,True
20191010879,10,10,True,True
20191010881,10,10,True,True
20191010888,10,10,True,True
20191010896,10,10,True,True
20191010902,10,10,True,True
20191010904,10,10,True,True
20191010911,10,7,True,False
20191010920,10,10,True,True
20191010932,10,10,True,True
20191010936,10,10,True,True
20191010937,10,10,True,True
20191010950,10,10,True,True
20191010976,10,10,True,True
20191010981,10,10,True,True
20191010988,10,10,True,True
20191010991,10,10,True,True
20191010994,10,10,True,True
20191011006,10,10,True,True
20191011012,10,10,True,True
20191011018,10,10,True,True
20191011019,10,10,True,True
20191011026,10,10,True,True
20191011033,10,10,True,True
20191011038,10,10,True,True
20191011044,10,10,True,True
20191011051,10,10,True,True
20191011054,10,10,True,True
20191011057,10,10,True,True
20191011062,10,10,True,True
20191011067,10,10,True,True
20191011069,10,10,True,True
20191011070,10,10,True,True
20191011071,10,10,True,True
20191011098,10,10,True,True
20191011113,10,10,True,True
20191011125,10,10,True,True
20191011126,10,10,True,True
20191011127,10,10,True,True
20191011128,10,10,True,True
20191011143,10,10,True,True
20191011155,10,10,True,True
20191011157,10,10,True,True
20191011158,10,10,True,True
20191011161,10,10,True,True
20191011173,10,10,True,True
20191011176,10,10,True,True
20191011177,10,10,True,True
20191011178,10,10,True,True
20191011196,10,10,True,True
20191011207,10,10,True,True
20191011209,10,10,True,True
20191011211,10,10,True,True
20191011221,10,10,True,True
20191011225,10,10,True,True
20191011232,10,6,True,False
20191011258,10,10,True,True
20191011264,10,10,True,True
20191011267,10,10,True,True
20191011272,10,10,True,True
20191011273,10,10,True,True
20191011277,10,10,True,True
20191011291,10,10,True,True
20191011292,10,10,True,True
20191011306,10,10,True,True
20191011315,10,10,True,True
20191011319,10,10,True,True
20191011321,10,10,True,True
20191011322,10,10,True,True
20191011325,10,10,True,True
20191011353,10,10,True,True
20191011354,10,10,True,True
20191011355,10,10,True,True
20191011356,10,10,True,True
20191011357,10,10,True,True
20191011358,10,10,True,True
20191011359,10,10,True,True
20191011360,10,10,True,True
20191011361,10,10,True,True
20191011362,10,10,True,True
20191011363,10,10,True,True
20191011364,10,10,True,True
20191011365,10,10,True,True
20191011366,10,10,True,True
20191011367,10,10,True,True
20191011368,10,10,True,True
20191011369,10,9,True,False
20191011370,10,10,True,True
20191011371,10,10,True,True
20191011372,10,10,True,True
20191011373,10,10,True,True
20191011374,10,10,True,True
20191011375,10,10,True,True
20191011376,10,10,True,True
20191011377,10,10,True,True
20191011378,10,10,True,True
20191011379,10,10,True,True
20191011380,10,10,True,True
20191011381,10,10,True,True
20191011382,10,10,True,True
20191011383,10,10,True,True
20191011384,10,10,True,True
20191011385,10,10,True,True
20191011386,10,10,True,True
20191011387,10,10,True,True
20191011388,10,10,True,True
20191011389,10,10,True,True
20191011390,10,10,True,True
20191011391,10,10,True,True
20191011392,10,10,True,True
20191011393,10,10,True,True
20191011399,10,10,True,True
20191011404,10,10,True,True
20191011406,10,10,True,True
20191011408,10,10,True,True
20191011412,10,10,True,True
20191011413,10,10,True,True
20191011414,10,10,True,True
20191011417,10,10,True,True
20191011419,10,10,True,True
20191011424,10,10,True,True
20191011429,10,10,True,True
20191011434,10,10,True,True
20191011438,10,10,True,True
20191011450,10,10,True,True
20191011452,10,10,True,True
20191011457,10,10,True,True
20191011463,10,10,True,True
20191011470,10,10,True,True
20191011492,10,10,True,True
20191011493,10,10,True,True
20191011494,10,10,True,True
20191011496,10,10,True,True
20191011498,10,10,True,True
20191011512,10,10,True,True
20191011514,10,10,True,True
20191011522,10,10,True,True
20191011539,10,10,True,True
20191011549,10,10,True,True
20191011553,10,10,True,True
20191011556,10,10,True,True
20191011559,10,10,True,True
20191011560,10,10,True,True
20191011565,10,10,True,True
20191011566,10,10,True,True
20191011570,10,10,True,True
20191011592,10,10,True,True
20191011593,10,10,True,True
20191011595,10,10,True,True
20191011600,10,10,True,True
20191011601,10,10,True,True
20191011604,10,10,True,True
20191011607,10,10,True,True
20191011616,10,10,True,True
20191011617,10,10,True,True
20191011622,10,10,True,True
20191011623,10,10,True,True
20191011624,10,10,True,True
20191011638,10,10,True,True
20191011640,10,10,True,True
20191011645,10,10,True,True
20191011652,10,10,True,True
20191011653,10,10,True,True
20191011656,10,10,True,True
20191011665,10,10,True,True
20191011677,10,9,True,False
20191011680,10,10,True,True
20191011684,10,10,True,True
20191011688,10,10,True,True
20191011695,10,10,True,True
20191011702,10,10,True,True
20191011711,10,10,True,True
20191011715,10,10,True,True
20191011717,10,10,True,True
20191011718,10,10,True,True
20191011725,10,10,True,True
20191011735,10,10,True,True
20191011739,10,10,True,True
20191011741,10,10,True,True
20191011743,10,10,True,True
20191011745,10,10,True,True
20191011749,10,10,True,True
20191011775,10,10,True,True
20191011778,10,10,True,True
20191011779,10,10,True,True
20191011789,10,10,True,True
20191011790,10,10,True,True
20191011798,10,10,True,True
20191011800,10,10,True,True
20191011802,10,10,True,True
20191011809,10,10,True,True
20191011828,10,10,True,True
20191011830,10,10,True,True
20191011835,10,10,True,True
20191011838,10,10,True,True
20191011840,10,10,True,True
20191011843,10,10,True,True
20191011846,10,10,True,True
20191011851,10,10,True,True
20191011855,10,10,True,True
20191011856,10,10,True,True
20191011858,10,10,True,True
20191011862,10,10,True,True
20191011863,10,10,True,True
20191011864,10,10,True,True
20191011866,10,10,True,True
20191011868,10,10,True,True
20191011869,10,6,True,False
20191011870,10,6,True,False
20191011873,10,10,True,True
20191011878,10,10,True,True
20191011881,10,10,True,True
20191011885,10,10,True,True
20191011889,10,10,True,True
20191011890,10,10,True,True
20191011892,10,10,True,True
20191011901,10,10,True,True
20191011909,10,10,True,True
20191011918,10,10,True,True
20191011922,10,10,True,True
20191011926,10,10,True,True
20191011931,10,10,True,True
20191011939,10,10,True,True
20191011943,10,10,True,True
20191011944,10,10,True,True
20191011948,10,10,True,True
20191011951,10,10,True,True
20191011963,10,10,True,True
20191011964,10,10,True,True
20191011968,10,10,True,True
20191011976,10,4,True,False
20191011977,10,10,True,True
20191011982,10,10,True,True
20191011983,10,10,True,True
20191011984,10,10,True,True
20191011987,10,10,True,True
20191011989,10,10,True,True
20191011995,10,10,True,True
20191011996,10,10,True,True
20191011997,10,10,True,True
20191011998,10,10,True,True
20191011999,10,10,True,True
20191012000,10,10,True,True
20191012001,10,10,True,True
20191012002,10,10,True,True
20191012006,10,10,True,True
20191012013,10,10,True,True
20191012017,10,10,True,True
20191012018,10,10,True,True
20191012025,10,10,True,True
20191012027,10,10,True,True
20191012030,10,10,True,True
20191012033,10,10,True,True
20191012037,10,10,True,True
20191012040,10,10,True,True
20191012049,10,10,True,True
20191012055,10,6,True,False
20191012056,10,10,True,True
20191012063,10,10,True,True
20191012066,10,10,True,True
20191012071,10,10,True,True
20191012072,10,10,True,True
20191012073,10,10,True,True
20191012077,10,10,True,True
20191012084,10,10,True,True
20191012093,10,10,True,True
20191012095,10,10,True,True
20191012096,10,10,True,True
20191012100,10,10,True,True
20191012107,10,10,True,True
20191012113,10,10,True,True
20191012116,10,10,True,True
20191012117,10,10,True,True
20191012119,10,10,True,True
20191012121,10,10,True,True
20191012125,10,10,True,True
20191012126,10,10,True,True
20191012128,10,10,True,True
20191012131,10,10,True,True
20191012132,10,10,True,True
20191012135,10,10,True,True
20191012136,10,10,True,True
20191012141,10,10,True,True
20191012142,10,10,True,True
20191012148,10,10,True,True
20191012152,10,10,True,True
20191012154,10,10,True,True
20191012157,10,10,True,True
20191012166,10,10,True,True
20191012168,10,10,True,True
20191012175,10,10,True,True
20191012180,10,10,True,True
20191012182,10,10,True,True
20191012184,10,10,True,True
20191012185,10,10,True,True
20191012193,10,10,True,True
20191012195,10,10,True,True
20191012203,10,10,True,True
20191012210,10,10,True,True
20191012216,10,10,True,True
20191012218,10,10,True,True
20191012221,10,9,True,False
20191012225,10,10,True,True
20191012226,10,10,True,True
20191012235,10,10,True,True
20191012251,10,10,True,True
20191012255,10,10,True,True
20191012261,10,10,True,True
20191012263,10,10,True,True
20191012273,10,10,True,True
20191012276,10,10,True,True
20191012283,10,10,True,True
20191012285,10,10,True,True
20191012293,10,10,True,True
20191012294,10,10,True,True
20191012302,10,10,True,True
20191012303,10,10,True,True
20191012305,10,10,True,True
20191012307,10,10,True,True
20191012313,10,10,True,True
20191012315,10,10,True,True
20191012317,10,10,True,True
20191012318,10,10,True,True
20191012326,10,10,True,True
20191012336,10,10,True,True
20191012338,10,10,True,True
20191012341,10,10,True,True
20191012349,10,10,True,True
20191012350,10,10,True,True
20191012354,10,10,True,True
20191012357,10,10,True,True
20191012359,10,10,True,True
20191012361,10,10,True,True
20191012370,10,10,True,True
20191012372,10,10,True,True
20191012378,10,10,True,True
20191012379,10,10,True,True
20191012381,10,5,True,False
20191012385,10,10,True,True
20191012386,10,10,True,True
20191012396,10,10,True,True
20191012400,10,10,True,True
20191012406,10,10,True,True
20191012408,10,10,True,True
20191012419,10,10,True,True
20191012425,10,10,True,True
20191012427,10,10,True,True
20191012428,10,10,True,True
20191012434,10,10,True,True
20191012453,10,10,True,True
20191012456,10,10,True,True
20191012464,10,10,True,True
20191012468,10,10,True,True
20191012473,10,10,True,True
20191012474,10,10,True,True
20191012475,10,10,True,True
20191012476,10,10,True,True
20191012477,10,10,True,True
20191012479,10,10,True,True
20191012482,10,10,True,True
20191012485,10,10,True,True
20191012486,10,10,True,True
20191012487,10,10,True,True
20191012490,10,10,True,True
20191012498,10,10,True,True
20191012510,10,10,True,True
20191012511,10,10,True,True
20191012521,10,10,True,True
20191012522,10,10,True,True
20191012525,10,10,True,True
20191012526,10,10,True,True
20191012527,10,10,True,True
20191012528,10,10,True,True
20191012529,10,10,True,True
20191012530,10,10,True,True
20191012531,10,10,True,True
20191012532,10,10,True,True
20191012533,10,10,True,True
20191012534,10,10,True,True
20191012535,10,10,True,True
20191012536,10,10,True,True
20191012537,10,10,True,True
20191012538,10,10,True,True
20191012539,10,10,True,True
20191012540,10,10,True,True
20191012542,10,10,True,True
20191012547,10,10,True,True
20191012548,10,7,True,False
20191012555,10,7,True,False
20191012560,10,10,True,True
20191012569,10,10,True,True
20191012571,10,10,True,True
20191012573,10,10,True,True
20191012574,10,10,True,True
20191012580,10,10,True,True
20191012581,10,10,True,True
20191012585,10,10,True,True
20191012587,10,10,True,True
20191012590,10,10,True,True
20191012591,10,10,True,True
20191012595,10,10,True,True
20191012599,10,10,True,True
20191012600,10,10,True,True
20191012602,10,10,True,True
20191012604,10,10,True,True
20191012606,10,10,True,True
20191012607,10,10,True,True
20191012608,10,10,True,True
20191012610,10,10,True,True
20191012611,10,10,True,True
20191012613,10,10,True,True
20191012618,10,10,True,True
20191012622,10,10,True,True
20191012623,10,10,True,True
20191012629,10,10,True,True
20191012631,10,10,True,True
20191012636,10,10,True,True
20191012638,10,9,True,False
20191012640,10,10,True,True
20191012647,10,10,True,True
20191012648,10,10,True,True
20191012649,10,10,True,True
20191012651,10,10,True,True
20191012656,10,10,True,True
20191012657,10,10,True,True
20191012661,10,10,True,True
20191012663,10,10,True,True
20191012664,10,10,True,True
20191012668,10,10,True,True
20191012669,10,10,True,True
20191012671,10,10,True,True
20191012673,10,10,True,True
20191012675,10,10,True,True
20191012677,10,5,True,False
20191012683,10,10,True,True
20191012685,10,10,True,True
20191012687,10,10,True,True
20191012692,10,10,True,True
20191012698,10,10,True,True
20191012700,10,10,True,True
20191012708,10,10,True,True
20191012711,10,10,True,True
20191012714,10,10,True,True
20191012720,10,10,True,True
20191012723,10,10,True,True
20191012726,10,10,True,True
20191012730,10,10,True,True
20191012732,10,10,True,True
20191012733,10,10,True,True
20191012737,10,10,True,True
20191012739,10,10,True,True
20191012746,10,10,True,True
20191012747,10,10,True,True
20191012748,10,10,True,True
20191012749,10,10,True,True
20191012751,10,10,True,True
20191012752,10,10,True,True
20191012753,10,5,True,False
20191012754,10,10,True,True
20191012755,10,10,True,True
20191012758,10,10,True,True
20191012759,10,9,True,False
20191012761,10,10,True,True
20191012766,10,10,True,True
20191012767,10,10,True,True
20191012771,10,10,True,True
20191012772,10,10,True,True
20191012776,10,7,True,False
20191012779,10,10,True,True
20191012780,10,10,True,True
20191012781,10,10,True,True
20191012782,10,10,True,True
20191012786,10,10,True,True
20191012787,10,10,True,True
20191012788,10,10,True,True
20191012790,10,10,True,True
20191012793,10,10,True,True
20191012795,10,10,True,True
20191012796,10,10,True,True
20191012798,10,10,True,True
20191012799,10,10,True,True
20191012800,10,10,True,True
20191012801,10,10,True,True
20191012802,10,10,True,True
20191012807,10,10,True,True
20191012810,10,10,True,True
20191012812,10,10,True,True
20191012816,10,10,True,True
20191012817,10,10,True,True
20191012819,10,10,True,True
20191012821,10,10,True,True
20191012822,10,10,True,True
20191012834,10,10,True,True
20191012839,10,7,True,False
20191012845,10,10,True,True
20191012849,10,10,True,True
20191012851,10,10,True,True
20191012853,10,10,True,True
20191012857,10,10,True,True
20191012861,10,10,True,True
20191012864,10,10,True,True
20191012866,10,10,True,True
20191012871,10,10,True,True
20191012873,10,10,True,True
20191012877,10,10,True,True
20191012881,10,10,True,True
20191012882,10,10,True,True
20191012883,10,10,True,True
20191012893,10,10,True,True
20191012894,10,10,True,True
20191012896,10,10,True,True
20191012906,10,10,True,True
20191012907,10,10,True,True
20191012910,10,10,True,True
20191012915,10,10,True,True
20191012918,10,10,True,True
20191012919,10,10,True,True
20191012922,10,10,True,True
20191012923,10,10,True,True
20191012927,10,10,True,True
20191012935,10,10,True,True
20191012941,10,10,True,True
20191012942,10,10,True,True
20191012945,10,10,True,True
20191012946,10,10,True,True
20191012957,10,10,True,True
20191012959,10,10,True,True
20191012960,10,10,True,True
20191012964,10,10,True,True
20191012966,10,10,True,True
20191012967,10,10,True,True
20191012970,10,10,True,True
20191012971,10,10,True,True
20191012972,10,10,True,True
20191012973,10,10,True,True
20191012975,10,10,True,True
20191012979,10,10,True,True
20191012980,10,10,True,True
20191012981,10,10,True,True
20191012986,10,10,True,True
20191012987,10,10,True,True
20191012988,10,10,True,True
20191012991,10,10,True,True
20191012993,10,10,True,True
20191012996,10,10,True,True
20191012998,10,10,True,True
20191013003,10,10,True,True
20191013005,10,10,True,True
20191013012,10,10,True,True
20191013016,10,10,True,True
20191013018,10,10,True,True
20191013020,10,10,True,True
20191013023,10,10,True,True
20191013025,10,10,True,True
20191013027,10,10,True,True
20191013029,10,10,True,True
20191013030,10,10,True,True
20191013038,10,10,True,True
20191013040,10,10,True,True
20191013043,10,10,True,True
20191013047,10,10,True,True
20191013048,10,10,True,True
20191013049,10,10,True,True
20191013053,10,10,True,True
20191013055,10,10,True,True
20191013056,10,9,True,False
20191013057,10,10,True,True
20191013061,10,10,True,True
20191013063,10,10,True,True
20191013065,10,7,True,False
20191013067,10,10,True,True
20191013071,10,8,True,False
20191013073,10,10,True,True
20191013074,10,10,True,True
20191013075,10,10,True,True
20191013076,10,10,True,True
20191013077,10,10,True,True
20191013079,10,10,True,True
20191013087,10,10,True,True
20191013088,10,10,True,True
20191013089,10,10,True,True
20191013091,10,10,True,True
20191013096,10,10,True,True
20191013102,10,10,True,True
20191013106,10,10,True,True
20191013108,10,10,True,True
20191013109,10,10,True,True
20191013111,10,10,True,True
20191013112,10,10,True,True
20191013115,10,10,True,True
20191013117,10,10,True,True
20191013118,10,10,True,True
20191013119,10,10,True,True
20191013122,10,10,True,True
20191013124,10,10,True,True
20191013125,10,10,True,True
20191013127,10,10,True,True
20191013129,10,10,True,True
20191013130,10,10,True,True
20191013132,10,10,True,True
20191013133,10,8,True,False
20191013137,10,10,True,True
20191013146,10,10,True,True
20191013148,10,10,True,True
20191013150,10,10,True,True
20191013153,10,10,True,True
20191013165,10,10,True,True
20191013169,10,10,True,True
20191013172,10,10,True,True
20191013174,10,10,True,True
20191013176,10,10,True,True
20191013178,10,10,True,True
20191013179,10,10,True,True
20191013180,10,10,True,True
20191013183,10,10,True,True
20191013185,10,10,True,True
20191013186,10,10,True,True
20191013187,10,10,True,True
20191013188,10,10,True,True
20191013189,10,10,True,True
20191013190,10,10,True,True
20191013191,10,10,True,True
20191013192,10,10,True,True
20191013193,10,10,True,True
20191013194,10,10,True,True
20191013195,10,10,True,True
20191013196,10,10,True,True
20191013197,10,10,True,True
20191013198,10,10,True,True
20191013199,10,10,True,True
20191013200,10,10,True,True
20191013201,10,10,True,True
20191013202,10,10,True,True
20191013203,10,10,True,True
20191013204,10,10,True,True
20191013205,10,10,True,True
20191013206,10,10,True,True
20191013210,10,10,True,True
20191013212,10,10,True,True
20191013214,10,10,True,True
20191013215,10,10,True,True
20191013223,10,10,True,True
20191013224,10,10,True,True
20191013225,10,10,True,True
20191013226,10,10,True,True
20191013229,10,10,True,True
20191013230,10,10,True,True
20191013231,10,10,True,True
20191013233,10,10,True,True
20191013234,10,10,True,True
20191013237,10,10,True,True
20191013240,10,10,True,True
20191013244,10,10,True,True
20191013245,10,10,True,True
20191013246,10,10,True,True
20191013251,10,10,True,True
20191013252,10,10,True,True
20191013253,10,10,True,True
20191013256,10,10,True,True
20191013259,10,10,True,True
20191013260,10,10,True,True
20191013261,10,10,True,True
20191013263,10,10,True,True
20191013269,10,10,True,True
20191013275,10,10,True,True
20191013277,10,10,True,True
20191013282,10,10,True,True
20191013283,10,10,True,True
20191013292,10,10,True,True
20191013294,10,10,True,True
20191013295,10,10,True,True
20191013303,10,10,True,True
20191013306,10,10,True,True
20191013308,10,10,True,True
20191013309,10,10,True,True
20191013310,10,10,True,True
20191013312,10,10,True,True
20191013314,10,10,True,True
20191013316,10,10,True,True
20191013321,10,10,True,True
20191013322,10,10,True,True
20191013324,10,10,True,True
20191013326,10,10,True,True
20191013327,10,10,True,True
20191013329,10,10,True,True
20191013331,10,10,True,True
20191013337,10,10,True,True
20191013340,10,10,True,True
20191013342,10,10,True,True
20191013344,10,10,True,True
20191013345,10,10,True,True
20191013348,10,10,True,True
20191013349,10,10,True,True
20191013350,10,10,True,True
20191013351,10,10,True,True
20191013354,10,10,True,True
20191013356,10,10,True,True
20191013358,10,10,True,True
20191013359,10,10,True,True
20191013361,10,10,True,True
20191013367,10,10,True,True
20191013369,10,10,True,True
20191013375,10,10,True,True
20191013378,10,10,True,True
20191013381,10,10,True,True
20191013382,10,10,True,True
20191013387,10,10,True,True
20191013388,10,10,True,True
20191013389,10,10,True,True
20191013390,10,10,True,True
20191013391,10,10,True,True
20191013392,10,10,True,True
20191013393,10,10,True,True
20191013394,10,10,True,True
20191013396,10,10,True,True
20191013398,10,10,True,True
20191013400,10,10,True,True
20191013402,10,10,True,True
20191013404,10,10,True,True
20191013406,10,10,True,True
20191013407,10,10,True,True
20191013412,10,10,True,True
20191013413,10,10,True,True
20191013414,10,10,True,True
20191013416,10,10,True,True
20191013419,10,10,True,True
20191013423,10,10,True,True
20191013424,10,10,True,True
20191013428,10,10,True,True
20191013433,10,10,True,True
20191013439,10,10,True,True
20191013441,10,10,True,True
20191013442,10,10,True,True
20191013446,10,10,True,True
20191013448,10,10,True,True
20191013449,10,10,True,True
20191013450,10,10,True,True
20191013452,10,10,True,True
20191013453,10,10,True,True
20191013457,10,10,True,True
20191013460,10,10,True,True
20191013461,10,10,True,True
20191013463,10,10,True,True
20191013464,10,10,True,True
20191013469,10,10,True,True
20191013472,10,10,True,True
20191013476,10,10,True,True
20191013477,10,10,True,True
20191013479,10,10,True,True
20191013493,10,10,True,True
20191013500,10,10,True,True
20191013501,10,10,True,True
20191013502,10,10,True,True
20191013503,10,10,True,True
20191013504,10,10,True,True
20191013505,10,10,True,True
20191013507,10,10,True,True
20191013509,10,10,True,True
20191013511,10,10,True,True
20191013515,10,10,True,True
20191013520,10,10,True,True
20191013524,10,10,True,True
20191013525,10,10,True,True
20191013526,10,10,True,True
20191013530,10,10,True,True
20191013532,10,10,True,True
20191013534,10,10,True,True
20191013535,10,10,True,True
20191013541,10,10,True,True
20191013542,10,10,True,True
20191013544,10,10,True,True
20191013545,10,10,True,True
20191013546,10,10,True,True
20191013550,10,10,True,True
20191013551,10,10,True,True
20191013554,10,10,True,True
20191013557,10,10,True,True
20191013560,10,10,True,True
20191013562,10,10,True,True
20191013563,10,10,True,True
20191013566,10,10,True,True
20191013568,10,10,True,True
20191013570,10,10,True,True
20191013576,10,10,True,True
20191013577,10,10,True,True
20191013582,10,10,True,True
20191013583,10,10,True,True
20191013585,10,10,True,True
20191013586,10,10,True,True
20191013587,10,10,True,True
20191013598,10,10,True,True
20191013599,10,10,True,True
20191013601,10,10,True,True
20191013602,10,10,True,True
20191013604,10,10,True,True
20191013605,10,10,True,True
20191013606,10,10,True,True
20191013611,10,10,True,True
20191013612,10,10,True,True
20191013613,10,10,True,True
20191013614,10,10,True,True
20191013618,10,10,True,True
20191013621,10,10,True,True
20191013625,10,10,True,True
20191013626,10,10,True,True
20191013636,10,10,True,True
20191013638,10,10,True,True
20191013640,10,10,True,True
20191013641,10,10,True,True
20191013642,10,10,True,True
20191013645,10,10,True,True
20191013646,10,10,True,True
20191013648,10,10,True,True
20191013649,10,10,True,True
20191013653,10,10,True,True
20191013655,10,10,True,True
20191013657,10,10,True,True
20191013660,10,10,True,True
20191013662,10,10,True,True
20191013663,10,10,True,True
20191013667,10,10,True,True
20191013669,10,10,True,True
20191013673,10,10,True,True
20191013674,10,10,True,True
20191013677,10,10,True,True
20191013679,10,10,True,True
20191013681,10,10,True,True
20191013682,10,10,True,True
20191013683,10,10,True,True
20191013685,10,10,True,True
20191013688,10,10,True,True
20191013689,10,10,True,True
20191013693,10,10,True,True
20191013695,10,10,True,True
20191013696,10,10,True,True
20191013699,10,10,True,True
20191013700,10,8,True,False
20191013703,10,10,True,True
20191013707,10,10,True,True
20191013709,10,10,True,True
20191013710,10,10,True,True
20191013714,10,10,True,True
20191013718,10,10,True,True
20191013719,10,10,True,True
20191013721,10,10,True,True
20191013723,10,10,True,True
20191013724,10,10,True,True
20191013726,10,10,True,True
20191013728,10,10,True,True
20191013730,10,10,True,True
20191013732,10,10,True,True
20191013733,10,10,True,True
20191013737,10,10,True,True
20191013738,10,10,True,True
20191013741,10,10,True,True
20191013743,10,10,True,True
20191013744,10,10,True,True
20191013748,10,10,True,True
20191013750,10,10,True,True
20191013751,10,10,True,True
20191013755,10,5,True,False
20191013756,10,10,True,True
20191013757,10,6,True,False
20191013759,10,10,True,True
20191013760,10,10,True,True
20191013761,10,10,True,True
20191013762,10,10,True,True
20191013763,10,10,True,True
20191013767,10,10,True,True
20191013768,10,6,True,False
20191013769,10,10,True,True
20191013770,10,10,True,True
20191013771,10,10,True,True
20191013776,10,10,True,True
20191013777,10,10,True,True
20191013779,10,10,True,True
20191013784,10,10,True,True
20191013790,10,10,True,True
20191013795,10,10,True,True
20191013796,10,10,True,True
20191013797,10,10,True,True
20191013798,10,10,True,True
20191013802,10,10,True,True
20191013803,10,10,True,True
20191013805,10,10,True,True
20191013806,10,10,True,True
20191013811,10,10,True,True
20191013812,10,10,True,True
20191013815,10,10,True,True
20191013817,10,10,True,True
20191013818,10,10,True,True
20191013820,10,10,True,True
20191013821,10,10,True,True
20191013822,10,10,True,True
20191013823,10,10,True,True
20191013824,10,10,True,True
20191013826,10,10,True,True
20191013827,10,10,True,True
20191013829,10,10,True,True
20191013831,10,10,True,True
20191013835,10,10,True,True
20191013836,10,10,True,True
20191013845,10,10,True,True
20191013846,10,10,True,True
20191013850,10,10,True,True
20191013851,10,10,True,True
20191013852,10,10,True,True
20191013853,10,10,True,True
20191013854,10,10,True,True
20191013855,10,10,True,True
20191013856,10,10,True,True
20191013859,10,10,True,True
20191013863,10,10,True,True
20191013864,10,10,True,True
20191013866,10,10,True,True
20191013868,10,10,True,True
20191013870,10,10,True,True
20191013871,10,10,True,True
20191013872,10,10,True,True
20191013873,10,10,True,True
20191013874,10,10,True,True
20191013875,10,10,True,True
20191013876,10,10,True,True
20191013877,10,10,True,True
20191013878,10,10,True,True
20191013879,10,10,True,True
20191013880,10,10,True,True
20191013881,10,10,True,True
20191013882,10,10,True,True
20191013883,10,10,True,True
20191013884,10,10,True,True
20191013885,10,10,True,True
20191013886,10,10,True,True
20191013890,10,10,True,True
20191013895,10,10,True,True
20191013896,10,10,True,True
20191013897,10,10,True,True
20191013899,10,10,True,True
20191013902,10,10,True,True
20191013905,10,10,True,True
20191013907,10,10,True,True
20191013910,10,10,True,True
20191013912,10,10,True,True
20191013915,10,10,True,True
20191013919,10,10,True,True
20191013925,10,10,True,True
20191013928,10,10,True,True
20191013929,10,3,True,False
20191013931,10,10,True,True
20191013933,10,10,True,True
20191013935,10,10,True,True
20191013936,10,10,True,True
20191013939,10,10,True,True
20191013942,10,10,True,True
20191013943,10,10,True,True
20191013945,10,10,True,True
20191013948,10,10,True,True
20191013950,10,10,True,True
20191013951,10,10,True,True
20191013952,10,10,True,True
20191013953,10,10,True,True
20191013954,10,10,True,True
20191013956,10,10,True,True
20191013961,10,10,True,True
20191013962,10,10,True,True
20191013965,10,10,True,True
20191013967,10,10,True,True
20191013971,10,10,True,True
20191013972,10,10,True,True
20191013973,10,10,True,True
20191013976,10,10,True,True
20191013977,10,10,True,True
20191013979,10,10,True,True
20191013980,10,10,True,True
20191013983,10,10,True,True
20191013985,10,10,True,True
20191013986,10,10,True,True
20191013987,10,10,True,True
20191013989,10,10,True,True
20191013991,10,10,True,True
20191013992,10,10,True,True
20191013993,10,10,True,True
20191013997,10,10,True,True
20191014002,10,10,True,True
20191014003,10,10,True,True
20191014006,10,10,True,True
20191014008,10,10,True,True
20191014011,10,10,True,True
20191014013,10,10,True,True
20191014015,10,10,True,True
20191014016,10,10,True,True
20191014019,10,10,True,True
20191014020,10,10,True,True
20191014024,10,10,True,True
20191014026,10,10,True,True
20191014029,10,10,True,True
20191014033,10,10,True,True
20191014059,10,10,True,True
20191014064,10,10,True,True
20191014071,10,10,True,True
20191014080,10,10,True,True
20191014084,10,10,True,True
20191014087,10,10,True,True
20191014090,10,10,True,True
20191014092,10,10,True,True
20191014093,10,10,True,True
20191014094,10,10,True,True
20191014096,10,10,True,True
20191014097,10,10,True,True
20191014100,10,10,True,True
20191014101,10,10,True,True
20191014102,10,10,True,True
20191014103,10,10,True,True
20191014104,10,10,True,True
20191014105,10,10,True,True
20191014106,10,10,True,True
20191014107,10,10,True,True
20191014109,10,10,True,True
20191014110,10,10,True,True
20191014112,10,10,True,True
20191014113,10,10,True,True
20191014117,10,6,True,False
20191014118,10,10,True,True
20191014120,10,10,True,True
20191014123,10,10,True,True
20191014128,10,10,True,True
20191014130,10,10,True,True
20191014131,10,10,True,True
20191014132,10,10,True,True
20191014134,10,10,True,True
20191014136,10,10,True,True
20191014139,10,10,True,True
20191014141,10,10,True,True
20191014142,10,10,True,True
20191014145,10,10,True,True
20191014146,10,10,True,True
20191014148,10,10,True,True
20191014149,10,10,True,True
20191014151,10,10,True,True
20191014152,10,10,True,True
20191014157,10,10,True,True
20191014161,10,10,True,True
20191014163,10,10,True,True
20191014164,10,10,True,True
20191014172,10,10,True,True
20191014176,10,10,True,True
20191014177,10,10,True,True
20191014183,10,10,True,True
20191014186,10,10,True,True
20191014189,10,10,True,True
20191014190,10,10,True,True
20191014192,10,10,True,True
20191014194,10,10,True,True
20191014195,10,10,True,True
20191014196,10,10,True,True
20191014197,10,10,True,True
20191014198,10,10,True,True
20191014201,10,10,True,True
20191014202,10,10,True,True
20191014203,10,10,True,True
20191014207,10,10,True,True
20191014210,10,10,True,True
20191014212,10,9,True,False
20191014215,10,10,True,True
20191014219,10,10,True,True
20191014220,10,10,True,True
20191014221,10,10,True,True
20191014222,10,10,True,True
20191014223,10,10,True,True
20191014224,10,10,True,True
20191014225,10,10,True,True
20191014231,10,10,True,True
20191014235,10,10,True,True
20191014236,10,10,True,True
20191014238,10,10,True,True
20191014241,10,10,True,True
20191014246,10,10,True,True
20191014247,10,10,True,True
20191014248,10,10,True,True
20191014250,10,10,True,True
20191014252,10,10,True,True
20191014255,10,10,True,True
20191014257,10,10,True,True
20191014258,10,10,True,True
20191014259,10,10,True,True
20191014261,10,10,True,True
20191014263,10,10,True,True
20191014264,10,10,True,True
20191014265,10,10,True,True
20191014266,10,10,True,True
20191014268,10,10,True,True
20191014274,10,3,True,False
20191014277,10,10,True,True
20191014280,10,10,True,True
20191014281,10,10,True,True
20191014283,10,10,True,True
20191014284,10,10,True,True
20191014285,10,10,True,True
20191014288,10,10,True,True
20191014289,10,10,True,True
20191014291,10,10,True,True
20191014292,10,10,True,True
20191014294,10,10,True,True
20191014297,10,10,True,True
20191014298,10,10,True,True
20191014300,10,10,True,True
20191014302,10,10,True,True
20191014305,10,10,True,True
20191014307,10,10,True,True
20191014309,10,10,True,True
20191014310,10,10,True,True
20191014314,10,10,True,True
20191014317,10,10,True,True
20191014318,10,10,True,True
20191014319,10,10,True,True
20191014321,10,10,True,True
20191014322,10,10,True,True
20191014323,10,10,True,True
20191014326,10,10,True,True
20191014327,10,10,True,True
20191014331,10,10,True,True
20191014336,10,10,True,True
20191014337,10,10,True,True
20191014338,10,10,True,True
20191014339,10,10,True,True
20191014340,10,10,True,True
20191014342,10,10,True,True
20191014343,10,10,True,True
20191014347,10,10,True,True
20191014353,10,10,True,True
20191014354,10,10,True,True
20191014355,10,10,True,True
20191014357,10,10,True,True
20191014359,10,6,True,False
20191014360,10,10,True,True
20191014363,10,10,True,True
20191014364,10,10,True,True
20191014365,10,10,True,True
20191014369,10,10,True,True
20191014372,10,10,True,True
20191014375,10,10,True,True
20191014376,10,9,True,False
20191014382,10,10,True,True
20191014385,10,10,True,True
20191014387,10,10,True,True
20191014388,10,10,True,True
20191014389,10,10,True,True
20191014392,10,10,True,True
20191014393,10,10,True,True
20191014395,10,10,True,True
20191014396,10,10,True,True
20191014397,10,10,True,True
20191014400,10,10,True,True
20191014404,10,10,True,True
20191014405,10,10,True,True
20191014407,10,10,True,True
20191014413,10,10,True,True
20191014414,10,10,True,True
20191014415,10,10,True,True
20191014416,10,10,True,True
20191014417,10,10,True,True
20191014419,10,10,True,True
20191014420,10,10,True,True
20191014423,10,10,True,True
20191014425,10,10,True,True
20191014427,10,10,True,True
20191014429,10,10,True,True
20191014430,10,10,True,True
20191014431,10,10,True,True
20191014438,10,10,True,True
20191014441,10,10,True,True
20191014442,10,10,True,True
20191014448,10,10,True,True
20191014449,10,10,True,True
20191014451,10,10,True,True
20191014452,10,10,True,True
20191014456,10,10,True,True
20191014458,10,10,True,True
20191014459,10,10,True,True
20191014462,10,10,True,True
