case:concept:name,reason
Application_1042621630,"alignment-based replay of the historical prefix needed at least one 'log move' -- a logged activity the model could not explain at all (a genuine deviation). Informational only: unlike the old token-based replay, the reconstructed marking is always legally reachable, so this does not by itself put the case at risk of an unrecoverable loop."
Application_1049246293,"alignment-based replay of the historical prefix needed at least one 'log move' -- a logged activity the model could not explain at all (a genuine deviation). Informational only: unlike the old token-based replay, the reconstructed marking is always legally reachable, so this does not by itself put the case at risk of an unrecoverable loop."
Application_1053321873,"alignment-based replay of the historical prefix needed at least one 'log move' -- a logged activity the model could not explain at all (a genuine deviation). Informational only: unlike the old token-based replay, the reconstructed marking is always legally reachable, so this does not by itself put the case at risk of an unrecoverable loop."
Application_1072222879,"alignment-based replay of the historical prefix needed at least one 'log move' -- a logged activity the model could not explain at all (a genuine deviation). Informational only: unlike the old token-based replay, the reconstructed marking is always legally reachable, so this does not by itself put the case at risk of an unrecoverable loop."
Application_1100173647,"alignment-based replay of the historical prefix needed at least one 'log move' -- a logged activity the model could not explain at all (a genuine deviation). Informational only: unlike the old token-based replay, the reconstructed marking is always legally reachable, so this does not by itself put the case at risk of an unrecoverable loop."
Application_1115931571,"alignment-based replay of the historical prefix needed at least one 'log move' -- a logged activity the model could not explain at all (a genuine deviation). Informational only: unlike the old token-based replay, the reconstructed marking is always legally reachable, so this does not by itself put the case at risk of an unrecoverable loop."
Application_1129276294,"alignment-based replay of the historical prefix needed at least one 'log move' -- a logged activity the model could not explain at all (a genuine deviation). Informational only: unlike the old token-based replay, the reconstructed marking is always legally reachable, so this does not by itself put the case at risk of an unrecoverable loop."
Application_1132834033,"alignment-based replay of the historical prefix needed at least one 'log move' -- a logged activity the model could not explain at all (a genuine deviation). Informational only: unlike the old token-based replay, the reconstructed marking is always legally reachable, so this does not by itself put the case at risk of an unrecoverable loop."
Application_1142548986,"alignment-based replay of the historical prefix needed at least one 'log move' -- a logged activity the model could not explain at all (a genuine deviation). Informational only: unlike the old token-based replay, the reconstructed marking is always legally reachable, so this does not by itself put the case at risk of an unrecoverable loop."
Application_1144672891,"alignment-based replay of the historical prefix needed at least one 'log move' -- a logged activity the model could not explain at all (a genuine deviation). Informational only: unlike the old token-based replay, the reconstructed marking is always legally reachable, so this does not by itself put the case at risk of an unrecoverable loop."
Application_1160839680,"alignment-based replay of the historical prefix needed at least one 'log move' -- a logged activity the model could not explain at all (a genuine deviation). Informational only: unlike the old token-based replay, the reconstructed marking is always legally reachable, so this does not by itself put the case at risk of an unrecoverable loop."
Application_1169258361,"alignment-based replay of the historical prefix needed at least one 'log move' -- a logged activity the model could not explain at all (a genuine deviation). Informational only: unlike the old token-based replay, the reconstructed marking is always legally reachable, so this does not by itself put the case at risk of an unrecoverable loop."
Application_1169725538,"alignment-based replay of the historical prefix needed at least one 'log move' -- a logged activity the model could not explain at all (a genuine deviation). Informational only: unlike the old token-based replay, the reconstructed marking is always legally reachable, so this does not by itself put the case at risk of an unrecoverable loop."
Application_1195434598,"alignment-based replay of the historical prefix needed at least one 'log move' -- a logged activity the model could not explain at all (a genuine deviation). Informational only: unlike the old token-based replay, the reconstructed marking is always legally reachable, so this does not by itself put the case at risk of an unrecoverable loop."
Application_1206188048,"alignment-based replay of the historical prefix needed at least one 'log move' -- a logged activity the model could not explain at all (a genuine deviation). Informational only: unlike the old token-based replay, the reconstructed marking is always legally reachable, so this does not by itself put the case at risk of an unrecoverable loop."
Application_1219772874,"alignment-based replay of the historical prefix needed at least one 'log move' -- a logged activity the model could not explain at all (a genuine deviation). Informational only: unlike the old token-based replay, the reconstructed marking is always legally reachable, so this does not by itself put the case at risk of an unrecoverable loop."
Application_1228722182,"alignment-based replay of the historical prefix needed at least one 'log move' -- a logged activity the model could not explain at all (a genuine deviation). Informational only: unlike the old token-based replay, the reconstructed marking is always legally reachable, so this does not by itself put the case at risk of an unrecoverable loop."
Application_1229707182,"alignment-based replay of the historical prefix needed at least one 'log move' -- a logged activity the model could not explain at all (a genuine deviation). Informational only: unlike the old token-based replay, the reconstructed marking is always legally reachable, so this does not by itself put the case at risk of an unrecoverable loop."
Application_1242496593,"alignment-based replay of the historical prefix needed at least one 'log move' -- a logged activity the model could not explain at all (a genuine deviation). Informational only: unlike the old token-based replay, the reconstructed marking is always legally reachable, so this does not by itself put the case at risk of an unrecoverable loop."
Application_1248061466,"alignment-based replay of the historical prefix needed at least one 'log move' -- a logged activity the model could not explain at all (a genuine deviation). Informational only: unlike the old token-based replay, the reconstructed marking is always legally reachable, so this does not by itself put the case at risk of an unrecoverable loop."
Application_1261480447,"alignment-based replay of the historical prefix needed at least one 'log move' -- a logged activity the model could not explain at all (a genuine deviation). Informational only: unlike the old token-based replay, the reconstructed marking is always legally reachable, so this does not by itself put the case at risk of an unrecoverable loop."
Application_1262350889,"alignment-based replay of the historical prefix needed at least one 'log move' -- a logged activity the model could not explain at all (a genuine deviation). Informational only: unlike the old token-based replay, the reconstructed marking is always legally reachable, so this does not by itself put the case at risk of an unrecoverable loop."
Application_1284796330,"alignment-based replay of the historical prefix needed at least one 'log move' -- a logged activity the model could not explain at all (a genuine deviation). Informational only: unlike the old token-based replay, the reconstructed marking is always legally reachable, so this does not by itself put the case at risk of an unrecoverable loop."
Application_1290192129,"alignment-based replay of the historical prefix needed at least one 'log move' -- a logged activity the model could not explain at all (a genuine deviation). Informational only: unlike the old token-based replay, the reconstructed marking is always legally reachable, so this does not by itself put the case at risk of an unrecoverable loop."
Application_1312170166,"alignment-based replay of the historical prefix needed at least one 'log move' -- a logged activity the model could not explain at all (a genuine deviation). Informational only: unlike the old token-based replay, the reconstructed marking is always legally reachable, so this does not by itself put the case at risk of an unrecoverable loop."
Application_1327704129,"alignment-based replay of the historical prefix needed at least one 'log move' -- a logged activity the model could not explain at all (a genuine deviation). Informational only: unlike the old token-based replay, the reconstructed marking is always legally reachable, so this does not by itself put the case at risk of an unrecoverable loop."
Application_1331108450,"alignment-based replay of the historical prefix needed at least one 'log move' -- a logged activity the model could not explain at all (a genuine deviation). Informational only: unlike the old token-based replay, the reconstructed marking is always legally reachable, so this does not by itself put the case at risk of an unrecoverable loop."
Application_1352970596,"alignment-based replay of the historical prefix needed at least one 'log move' -- a logged activity the model could not explain at all (a genuine deviation). Informational only: unlike the old token-based replay, the reconstructed marking is always legally reachable, so this does not by itself put the case at risk of an unrecoverable loop."
Application_1355525986,"alignment-based replay of the historical prefix needed at least one 'log move' -- a logged activity the model could not explain at all (a genuine deviation). Informational only: unlike the old token-based replay, the reconstructed marking is always legally reachable, so this does not by itself put the case at risk of an unrecoverable loop."
Application_1359726788,"alignment-based replay of the historical prefix needed at least one 'log move' -- a logged activity the model could not explain at all (a genuine deviation). Informational only: unlike the old token-based replay, the reconstructed marking is always legally reachable, so this does not by itself put the case at risk of an unrecoverable loop."
Application_1371149184,"alignment-based replay of the historical prefix needed at least one 'log move' -- a logged activity the model could not explain at all (a genuine deviation). Informational only: unlike the old token-based replay, the reconstructed marking is always legally reachable, so this does not by itself put the case at risk of an unrecoverable loop."
Application_1383522757,"alignment-based replay of the historical prefix needed at least one 'log move' -- a logged activity the model could not explain at all (a genuine deviation). Informational only: unlike the old token-based replay, the reconstructed marking is always legally reachable, so this does not by itself put the case at risk of an unrecoverable loop."
Application_1389644287,"alignment-based replay of the historical prefix needed at least one 'log move' -- a logged activity the model could not explain at all (a genuine deviation). Informational only: unlike the old token-based replay, the reconstructed marking is always legally reachable, so this does not by itself put the case at risk of an unrecoverable loop."
Application_1389705988,"alignment-based replay of the historical prefix needed at least one 'log move' -- a logged activity the model could not explain at all (a genuine deviation). Informational only: unlike the old token-based replay, the reconstructed marking is always legally reachable, so this does not by itself put the case at risk of an unrecoverable loop."
Application_1400486786,"alignment-based replay of the historical prefix needed at least one 'log move' -- a logged activity the model could not explain at all (a genuine deviation). Informational only: unlike the old token-based replay, the reconstructed marking is always legally reachable, so this does not by itself put the case at risk of an unrecoverable loop."
Application_1442743235,"alignment-based replay of the historical prefix needed at least one 'log move' -- a logged activity the model could not explain at all (a genuine deviation). Informational only: unlike the old token-based replay, the reconstructed marking is always legally reachable, so this does not by itself put the case at risk of an unrecoverable loop."
Application_145479769,"alignment-based replay of the historical prefix needed at least one 'log move' -- a logged activity the model could not explain at all (a genuine deviation). Informational only: unlike the old token-based replay, the reconstructed marking is always legally reachable, so this does not by itself put the case at risk of an unrecoverable loop."
Application_1464932336,"alignment-based replay of the historical prefix needed at least one 'log move' -- a logged activity the model could not explain at all (a genuine deviation). Informational only: unlike the old token-based replay, the reconstructed marking is always legally reachable, so this does not by itself put the case at risk of an unrecoverable loop."
Application_1488933214,"alignment-based replay of the historical prefix needed at least one 'log move' -- a logged activity the model could not explain at all (a genuine deviation). Informational only: unlike the old token-based replay, the reconstructed marking is always legally reachable, so this does not by itself put the case at risk of an unrecoverable loop."
Application_1497071850,"alignment-based replay of the historical prefix needed at least one 'log move' -- a logged activity the model could not explain at all (a genuine deviation). Informational only: unlike the old token-based replay, the reconstructed marking is always legally reachable, so this does not by itself put the case at risk of an unrecoverable loop."
Application_1506182020,"alignment-based replay of the historical prefix needed at least one 'log move' -- a logged activity the model could not explain at all (a genuine deviation). Informational only: unlike the old token-based replay, the reconstructed marking is always legally reachable, so this does not by itself put the case at risk of an unrecoverable loop."
Application_1507847905,"alignment-based replay of the historical prefix needed at least one 'log move' -- a logged activity the model could not explain at all (a genuine deviation). Informational only: unlike the old token-based replay, the reconstructed marking is always legally reachable, so this does not by itself put the case at risk of an unrecoverable loop."
Application_1510685409,"alignment-based replay of the historical prefix needed at least one 'log move' -- a logged activity the model could not explain at all (a genuine deviation). Informational only: unlike the old token-based replay, the reconstructed marking is always legally reachable, so this does not by itself put the case at risk of an unrecoverable loop."
Application_1517805334,"alignment-based replay of the historical prefix needed at least one 'log move' -- a logged activity the model could not explain at all (a genuine deviation). Informational only: unlike the old token-based replay, the reconstructed marking is always legally reachable, so this does not by itself put the case at risk of an unrecoverable loop."
Application_1569156673,"alignment-based replay of the historical prefix needed at least one 'log move' -- a logged activity the model could not explain at all (a genuine deviation). Informational only: unlike the old token-based replay, the reconstructed marking is always legally reachable, so this does not by itself put the case at risk of an unrecoverable loop."
Application_1581286194,"alignment-based replay of the historical prefix needed at least one 'log move' -- a logged activity the model could not explain at all (a genuine deviation). Informational only: unlike the old token-based replay, the reconstructed marking is always legally reachable, so this does not by itself put the case at risk of an unrecoverable loop."
Application_1588502303,"alignment-based replay of the historical prefix needed at least one 'log move' -- a logged activity the model could not explain at all (a genuine deviation). Informational only: unlike the old token-based replay, the reconstructed marking is always legally reachable, so this does not by itself put the case at risk of an unrecoverable loop."
Application_1590922232,"alignment-based replay of the historical prefix needed at least one 'log move' -- a logged activity the model could not explain at all (a genuine deviation). Informational only: unlike the old token-based replay, the reconstructed marking is always legally reachable, so this does not by itself put the case at risk of an unrecoverable loop."
Application_1612352684,"alignment-based replay of the historical prefix needed at least one 'log move' -- a logged activity the model could not explain at all (a genuine deviation). Informational only: unlike the old token-based replay, the reconstructed marking is always legally reachable, so this does not by itself put the case at risk of an unrecoverable loop."
Application_1623509076,"alignment-based replay of the historical prefix needed at least one 'log move' -- a logged activity the model could not explain at all (a genuine deviation). Informational only: unlike the old token-based replay, the reconstructed marking is always legally reachable, so this does not by itself put the case at risk of an unrecoverable loop."
Application_1649995897,"alignment-based replay of the historical prefix needed at least one 'log move' -- a logged activity the model could not explain at all (a genuine deviation). Informational only: unlike the old token-based replay, the reconstructed marking is always legally reachable, so this does not by itself put the case at risk of an unrecoverable loop."
Application_1662465317,"alignment-based replay of the historical prefix needed at least one 'log move' -- a logged activity the model could not explain at all (a genuine deviation). Informational only: unlike the old token-based replay, the reconstructed marking is always legally reachable, so this does not by itself put the case at risk of an unrecoverable loop."
Application_1699424307,"alignment-based replay of the historical prefix needed at least one 'log move' -- a logged activity the model could not explain at all (a genuine deviation). Informational only: unlike the old token-based replay, the reconstructed marking is always legally reachable, so this does not by itself put the case at risk of an unrecoverable loop."
Application_1700174135,"alignment-based replay of the historical prefix needed at least one 'log move' -- a logged activity the model could not explain at all (a genuine deviation). Informational only: unlike the old token-based replay, the reconstructed marking is always legally reachable, so this does not by itself put the case at risk of an unrecoverable loop."
Application_1702878962,"alignment-based replay of the historical prefix needed at least one 'log move' -- a logged activity the model could not explain at all (a genuine deviation). Informational only: unlike the old token-based replay, the reconstructed marking is always legally reachable, so this does not by itself put the case at risk of an unrecoverable loop."
Application_1719668477,"alignment-based replay of the historical prefix needed at least one 'log move' -- a logged activity the model could not explain at all (a genuine deviation). Informational only: unlike the old token-based replay, the reconstructed marking is always legally reachable, so this does not by itself put the case at risk of an unrecoverable loop."
Application_1720703801,"alignment-based replay of the historical prefix needed at least one 'log move' -- a logged activity the model could not explain at all (a genuine deviation). Informational only: unlike the old token-based replay, the reconstructed marking is always legally reachable, so this does not by itself put the case at risk of an unrecoverable loop."
Application_1723038796,"alignment-based replay of the historical prefix needed at least one 'log move' -- a logged activity the model could not explain at all (a genuine deviation). Informational only: unlike the old token-based replay, the reconstructed marking is always legally reachable, so this does not by itself put the case at risk of an unrecoverable loop."
Application_1726483569,"alignment-based replay of the historical prefix needed at least one 'log move' -- a logged activity the model could not explain at all (a genuine deviation). Informational only: unlike the old token-based replay, the reconstructed marking is always legally reachable, so this does not by itself put the case at risk of an unrecoverable loop."
Application_1742370900,"alignment-based replay of the historical prefix needed at least one 'log move' -- a logged activity the model could not explain at all (a genuine deviation). Informational only: unlike the old token-based replay, the reconstructed marking is always legally reachable, so this does not by itself put the case at risk of an unrecoverable loop."
Application_175766876,"alignment-based replay of the historical prefix needed at least one 'log move' -- a logged activity the model could not explain at all (a genuine deviation). Informational only: unlike the old token-based replay, the reconstructed marking is always legally reachable, so this does not by itself put the case at risk of an unrecoverable loop."
Application_1774753524,"alignment-based replay of the historical prefix needed at least one 'log move' -- a logged activity the model could not explain at all (a genuine deviation). Informational only: unlike the old token-based replay, the reconstructed marking is always legally reachable, so this does not by itself put the case at risk of an unrecoverable loop."
Application_1774860195,"alignment-based replay of the historical prefix needed at least one 'log move' -- a logged activity the model could not explain at all (a genuine deviation). Informational only: unlike the old token-based replay, the reconstructed marking is always legally reachable, so this does not by itself put the case at risk of an unrecoverable loop."
Application_1779483865,"alignment-based replay of the historical prefix needed at least one 'log move' -- a logged activity the model could not explain at all (a genuine deviation). Informational only: unlike the old token-based replay, the reconstructed marking is always legally reachable, so this does not by itself put the case at risk of an unrecoverable loop."
Application_1790993885,"alignment-based replay of the historical prefix needed at least one 'log move' -- a logged activity the model could not explain at all (a genuine deviation). Informational only: unlike the old token-based replay, the reconstructed marking is always legally reachable, so this does not by itself put the case at risk of an unrecoverable loop."
Application_1810274575,"alignment-based replay of the historical prefix needed at least one 'log move' -- a logged activity the model could not explain at all (a genuine deviation). Informational only: unlike the old token-based replay, the reconstructed marking is always legally reachable, so this does not by itself put the case at risk of an unrecoverable loop."
Application_1826382835,"alignment-based replay of the historical prefix needed at least one 'log move' -- a logged activity the model could not explain at all (a genuine deviation). Informational only: unlike the old token-based replay, the reconstructed marking is always legally reachable, so this does not by itself put the case at risk of an unrecoverable loop."
Application_182922092,"alignment-based replay of the historical prefix needed at least one 'log move' -- a logged activity the model could not explain at all (a genuine deviation). Informational only: unlike the old token-based replay, the reconstructed marking is always legally reachable, so this does not by itself put the case at risk of an unrecoverable loop."
Application_1854749956,"alignment-based replay of the historical prefix needed at least one 'log move' -- a logged activity the model could not explain at all (a genuine deviation). Informational only: unlike the old token-based replay, the reconstructed marking is always legally reachable, so this does not by itself put the case at risk of an unrecoverable loop."
Application_1857619478,"alignment-based replay of the historical prefix needed at least one 'log move' -- a logged activity the model could not explain at all (a genuine deviation). Informational only: unlike the old token-based replay, the reconstructed marking is always legally reachable, so this does not by itself put the case at risk of an unrecoverable loop."
Application_1859379497,"alignment-based replay of the historical prefix needed at least one 'log move' -- a logged activity the model could not explain at all (a genuine deviation). Informational only: unlike the old token-based replay, the reconstructed marking is always legally reachable, so this does not by itself put the case at risk of an unrecoverable loop."
Application_1878673010,"alignment-based replay of the historical prefix needed at least one 'log move' -- a logged activity the model could not explain at all (a genuine deviation). Informational only: unlike the old token-based replay, the reconstructed marking is always legally reachable, so this does not by itself put the case at risk of an unrecoverable loop."
Application_1884873765,"alignment-based replay of the historical prefix needed at least one 'log move' -- a logged activity the model could not explain at all (a genuine deviation). Informational only: unlike the old token-based replay, the reconstructed marking is always legally reachable, so this does not by itself put the case at risk of an unrecoverable loop."
Application_1885469174,"alignment-based replay of the historical prefix needed at least one 'log move' -- a logged activity the model could not explain at all (a genuine deviation). Informational only: unlike the old token-based replay, the reconstructed marking is always legally reachable, so this does not by itself put the case at risk of an unrecoverable loop."
Application_188850562,"alignment-based replay of the historical prefix needed at least one 'log move' -- a logged activity the model could not explain at all (a genuine deviation). Informational only: unlike the old token-based replay, the reconstructed marking is always legally reachable, so this does not by itself put the case at risk of an unrecoverable loop."
Application_1890584729,"alignment-based replay of the historical prefix needed at least one 'log move' -- a logged activity the model could not explain at all (a genuine deviation). Informational only: unlike the old token-based replay, the reconstructed marking is always legally reachable, so this does not by itself put the case at risk of an unrecoverable loop."
Application_1895894636,"alignment-based replay of the historical prefix needed at least one 'log move' -- a logged activity the model could not explain at all (a genuine deviation). Informational only: unlike the old token-based replay, the reconstructed marking is always legally reachable, so this does not by itself put the case at risk of an unrecoverable loop."
Application_1904410758,"alignment-based replay of the historical prefix needed at least one 'log move' -- a logged activity the model could not explain at all (a genuine deviation). Informational only: unlike the old token-based replay, the reconstructed marking is always legally reachable, so this does not by itself put the case at risk of an unrecoverable loop."
Application_1908110751,"alignment-based replay of the historical prefix needed at least one 'log move' -- a logged activity the model could not explain at all (a genuine deviation). Informational only: unlike the old token-based replay, the reconstructed marking is always legally reachable, so this does not by itself put the case at risk of an unrecoverable loop."
Application_1920232219,"alignment-based replay of the historical prefix needed at least one 'log move' -- a logged activity the model could not explain at all (a genuine deviation). Informational only: unlike the old token-based replay, the reconstructed marking is always legally reachable, so this does not by itself put the case at risk of an unrecoverable loop."
Application_1931704378,"alignment-based replay of the historical prefix needed at least one 'log move' -- a logged activity the model could not explain at all (a genuine deviation). Informational only: unlike the old token-based replay, the reconstructed marking is always legally reachable, so this does not by itself put the case at risk of an unrecoverable loop."
Application_1949846024,"alignment-based replay of the historical prefix needed at least one 'log move' -- a logged activity the model could not explain at all (a genuine deviation). Informational only: unlike the old token-based replay, the reconstructed marking is always legally reachable, so this does not by itself put the case at risk of an unrecoverable loop."
Application_200571610,"alignment-based replay of the historical prefix needed at least one 'log move' -- a logged activity the model could not explain at all (a genuine deviation). Informational only: unlike the old token-based replay, the reconstructed marking is always legally reachable, so this does not by itself put the case at risk of an unrecoverable loop."
Application_2019039986,"alignment-based replay of the historical prefix needed at least one 'log move' -- a logged activity the model could not explain at all (a genuine deviation). Informational only: unlike the old token-based replay, the reconstructed marking is always legally reachable, so this does not by itself put the case at risk of an unrecoverable loop."
Application_2037628374,"alignment-based replay of the historical prefix needed at least one 'log move' -- a logged activity the model could not explain at all (a genuine deviation). Informational only: unlike the old token-based replay, the reconstructed marking is always legally reachable, so this does not by itself put the case at risk of an unrecoverable loop."
Application_2041082181,"alignment-based replay of the historical prefix needed at least one 'log move' -- a logged activity the model could not explain at all (a genuine deviation). Informational only: unlike the old token-based replay, the reconstructed marking is always legally reachable, so this does not by itself put the case at risk of an unrecoverable loop."
Application_2045238910,"alignment-based replay of the historical prefix needed at least one 'log move' -- a logged activity the model could not explain at all (a genuine deviation). Informational only: unlike the old token-based replay, the reconstructed marking is always legally reachable, so this does not by itself put the case at risk of an unrecoverable loop."
Application_2048074537,"alignment-based replay of the historical prefix needed at least one 'log move' -- a logged activity the model could not explain at all (a genuine deviation). Informational only: unlike the old token-based replay, the reconstructed marking is always legally reachable, so this does not by itself put the case at risk of an unrecoverable loop."
Application_2048493250,"alignment-based replay of the historical prefix needed at least one 'log move' -- a logged activity the model could not explain at all (a genuine deviation). Informational only: unlike the old token-based replay, the reconstructed marking is always legally reachable, so this does not by itself put the case at risk of an unrecoverable loop."
Application_2050505348,"alignment-based replay of the historical prefix needed at least one 'log move' -- a logged activity the model could not explain at all (a genuine deviation). Informational only: unlike the old token-based replay, the reconstructed marking is always legally reachable, so this does not by itself put the case at risk of an unrecoverable loop."
Application_2061057770,"alignment-based replay of the historical prefix needed at least one 'log move' -- a logged activity the model could not explain at all (a genuine deviation). Informational only: unlike the old token-based replay, the reconstructed marking is always legally reachable, so this does not by itself put the case at risk of an unrecoverable loop."
Application_2068346638,"alignment-based replay of the historical prefix needed at least one 'log move' -- a logged activity the model could not explain at all (a genuine deviation). Informational only: unlike the old token-based replay, the reconstructed marking is always legally reachable, so this does not by itself put the case at risk of an unrecoverable loop."
Application_2074797883,"alignment-based replay of the historical prefix needed at least one 'log move' -- a logged activity the model could not explain at all (a genuine deviation). Informational only: unlike the old token-based replay, the reconstructed marking is always legally reachable, so this does not by itself put the case at risk of an unrecoverable loop."
Application_209668210,"alignment-based replay of the historical prefix needed at least one 'log move' -- a logged activity the model could not explain at all (a genuine deviation). Informational only: unlike the old token-based replay, the reconstructed marking is always legally reachable, so this does not by itself put the case at risk of an unrecoverable loop."
Application_2120691848,"alignment-based replay of the historical prefix needed at least one 'log move' -- a logged activity the model could not explain at all (a genuine deviation). Informational only: unlike the old token-based replay, the reconstructed marking is always legally reachable, so this does not by itself put the case at risk of an unrecoverable loop."
Application_2123037823,"alignment-based replay of the historical prefix needed at least one 'log move' -- a logged activity the model could not explain at all (a genuine deviation). Informational only: unlike the old token-based replay, the reconstructed marking is always legally reachable, so this does not by itself put the case at risk of an unrecoverable loop."
Application_212827687,"alignment-based replay of the historical prefix needed at least one 'log move' -- a logged activity the model could not explain at all (a genuine deviation). Informational only: unlike the old token-based replay, the reconstructed marking is always legally reachable, so this does not by itself put the case at risk of an unrecoverable loop."
Application_2139351766,"alignment-based replay of the historical prefix needed at least one 'log move' -- a logged activity the model could not explain at all (a genuine deviation). Informational only: unlike the old token-based replay, the reconstructed marking is always legally reachable, so this does not by itself put the case at risk of an unrecoverable loop."
Application_2142142895,"alignment-based replay of the historical prefix needed at least one 'log move' -- a logged activity the model could not explain at all (a genuine deviation). Informational only: unlike the old token-based replay, the reconstructed marking is always legally reachable, so this does not by itself put the case at risk of an unrecoverable loop."
Application_22464644,"alignment-based replay of the historical prefix needed at least one 'log move' -- a logged activity the model could not explain at all (a genuine deviation). Informational only: unlike the old token-based replay, the reconstructed marking is always legally reachable, so this does not by itself put the case at risk of an unrecoverable loop."
Application_22510455,"alignment-based replay of the historical prefix needed at least one 'log move' -- a logged activity the model could not explain at all (a genuine deviation). Informational only: unlike the old token-based replay, the reconstructed marking is always legally reachable, so this does not by itself put the case at risk of an unrecoverable loop."
Application_234107884,"alignment-based replay of the historical prefix needed at least one 'log move' -- a logged activity the model could not explain at all (a genuine deviation). Informational only: unlike the old token-based replay, the reconstructed marking is always legally reachable, so this does not by itself put the case at risk of an unrecoverable loop."
Application_244721799,"alignment-based replay of the historical prefix needed at least one 'log move' -- a logged activity the model could not explain at all (a genuine deviation). Informational only: unlike the old token-based replay, the reconstructed marking is always legally reachable, so this does not by itself put the case at risk of an unrecoverable loop."
Application_259138296,"alignment-based replay of the historical prefix needed at least one 'log move' -- a logged activity the model could not explain at all (a genuine deviation). Informational only: unlike the old token-based replay, the reconstructed marking is always legally reachable, so this does not by itself put the case at risk of an unrecoverable loop."
Application_275583545,"alignment-based replay of the historical prefix needed at least one 'log move' -- a logged activity the model could not explain at all (a genuine deviation). Informational only: unlike the old token-based replay, the reconstructed marking is always legally reachable, so this does not by itself put the case at risk of an unrecoverable loop."
Application_296732482,"alignment-based replay of the historical prefix needed at least one 'log move' -- a logged activity the model could not explain at all (a genuine deviation). Informational only: unlike the old token-based replay, the reconstructed marking is always legally reachable, so this does not by itself put the case at risk of an unrecoverable loop."
Application_32426870,"alignment-based replay of the historical prefix needed at least one 'log move' -- a logged activity the model could not explain at all (a genuine deviation). Informational only: unlike the old token-based replay, the reconstructed marking is always legally reachable, so this does not by itself put the case at risk of an unrecoverable loop."
Application_331057835,"alignment-based replay of the historical prefix needed at least one 'log move' -- a logged activity the model could not explain at all (a genuine deviation). Informational only: unlike the old token-based replay, the reconstructed marking is always legally reachable, so this does not by itself put the case at risk of an unrecoverable loop."
Application_364658802,"alignment-based replay of the historical prefix needed at least one 'log move' -- a logged activity the model could not explain at all (a genuine deviation). Informational only: unlike the old token-based replay, the reconstructed marking is always legally reachable, so this does not by itself put the case at risk of an unrecoverable loop."
Application_37796637,"alignment-based replay of the historical prefix needed at least one 'log move' -- a logged activity the model could not explain at all (a genuine deviation). Informational only: unlike the old token-based replay, the reconstructed marking is always legally reachable, so this does not by itself put the case at risk of an unrecoverable loop."
Application_39557309,"alignment-based replay of the historical prefix needed at least one 'log move' -- a logged activity the model could not explain at all (a genuine deviation). Informational only: unlike the old token-based replay, the reconstructed marking is always legally reachable, so this does not by itself put the case at risk of an unrecoverable loop."
Application_423371990,"alignment-based replay of the historical prefix needed at least one 'log move' -- a logged activity the model could not explain at all (a genuine deviation). Informational only: unlike the old token-based replay, the reconstructed marking is always legally reachable, so this does not by itself put the case at risk of an unrecoverable loop."
Application_427259310,"alignment-based replay of the historical prefix needed at least one 'log move' -- a logged activity the model could not explain at all (a genuine deviation). Informational only: unlike the old token-based replay, the reconstructed marking is always legally reachable, so this does not by itself put the case at risk of an unrecoverable loop."
Application_445088523,"alignment-based replay of the historical prefix needed at least one 'log move' -- a logged activity the model could not explain at all (a genuine deviation). Informational only: unlike the old token-based replay, the reconstructed marking is always legally reachable, so this does not by itself put the case at risk of an unrecoverable loop."
Application_457566844,"alignment-based replay of the historical prefix needed at least one 'log move' -- a logged activity the model could not explain at all (a genuine deviation). Informational only: unlike the old token-based replay, the reconstructed marking is always legally reachable, so this does not by itself put the case at risk of an unrecoverable loop."
Application_496769388,"alignment-based replay of the historical prefix needed at least one 'log move' -- a logged activity the model could not explain at all (a genuine deviation). Informational only: unlike the old token-based replay, the reconstructed marking is always legally reachable, so this does not by itself put the case at risk of an unrecoverable loop."
Application_50614055,"alignment-based replay of the historical prefix needed at least one 'log move' -- a logged activity the model could not explain at all (a genuine deviation). Informational only: unlike the old token-based replay, the reconstructed marking is always legally reachable, so this does not by itself put the case at risk of an unrecoverable loop."
Application_510414837,"alignment-based replay of the historical prefix needed at least one 'log move' -- a logged activity the model could not explain at all (a genuine deviation). Informational only: unlike the old token-based replay, the reconstructed marking is always legally reachable, so this does not by itself put the case at risk of an unrecoverable loop."
Application_525601378,"alignment-based replay of the historical prefix needed at least one 'log move' -- a logged activity the model could not explain at all (a genuine deviation). Informational only: unlike the old token-based replay, the reconstructed marking is always legally reachable, so this does not by itself put the case at risk of an unrecoverable loop."
Application_526102725,"alignment-based replay of the historical prefix needed at least one 'log move' -- a logged activity the model could not explain at all (a genuine deviation). Informational only: unlike the old token-based replay, the reconstructed marking is always legally reachable, so this does not by itself put the case at risk of an unrecoverable loop."
Application_534041276,"alignment-based replay of the historical prefix needed at least one 'log move' -- a logged activity the model could not explain at all (a genuine deviation). Informational only: unlike the old token-based replay, the reconstructed marking is always legally reachable, so this does not by itself put the case at risk of an unrecoverable loop."
Application_534916861,"alignment-based replay of the historical prefix needed at least one 'log move' -- a logged activity the model could not explain at all (a genuine deviation). Informational only: unlike the old token-based replay, the reconstructed marking is always legally reachable, so this does not by itself put the case at risk of an unrecoverable loop."
Application_543796951,"alignment-based replay of the historical prefix needed at least one 'log move' -- a logged activity the model could not explain at all (a genuine deviation). Informational only: unlike the old token-based replay, the reconstructed marking is always legally reachable, so this does not by itself put the case at risk of an unrecoverable loop."
Application_561276012,"alignment-based replay of the historical prefix needed at least one 'log move' -- a logged activity the model could not explain at all (a genuine deviation). Informational only: unlike the old token-based replay, the reconstructed marking is always legally reachable, so this does not by itself put the case at risk of an unrecoverable loop."
Application_575518856,"alignment-based replay of the historical prefix needed at least one 'log move' -- a logged activity the model could not explain at all (a genuine deviation). Informational only: unlike the old token-based replay, the reconstructed marking is always legally reachable, so this does not by itself put the case at risk of an unrecoverable loop."
Application_575944975,"alignment-based replay of the historical prefix needed at least one 'log move' -- a logged activity the model could not explain at all (a genuine deviation). Informational only: unlike the old token-based replay, the reconstructed marking is always legally reachable, so this does not by itself put the case at risk of an unrecoverable loop."
Application_621848056,"alignment-based replay of the historical prefix needed at least one 'log move' -- a logged activity the model could not explain at all (a genuine deviation). Informational only: unlike the old token-based replay, the reconstructed marking is always legally reachable, so this does not by itself put the case at risk of an unrecoverable loop."
Application_626804169,"alignment-based replay of the historical prefix needed at least one 'log move' -- a logged activity the model could not explain at all (a genuine deviation). Informational only: unlike the old token-based replay, the reconstructed marking is always legally reachable, so this does not by itself put the case at risk of an unrecoverable loop."
Application_631926508,"alignment-based replay of the historical prefix needed at least one 'log move' -- a logged activity the model could not explain at all (a genuine deviation). Informational only: unlike the old token-based replay, the reconstructed marking is always legally reachable, so this does not by itself put the case at risk of an unrecoverable loop."
Application_637668440,"alignment-based replay of the historical prefix needed at least one 'log move' -- a logged activity the model could not explain at all (a genuine deviation). Informational only: unlike the old token-based replay, the reconstructed marking is always legally reachable, so this does not by itself put the case at risk of an unrecoverable loop."
Application_648078846,"alignment-based replay of the historical prefix needed at least one 'log move' -- a logged activity the model could not explain at all (a genuine deviation). Informational only: unlike the old token-based replay, the reconstructed marking is always legally reachable, so this does not by itself put the case at risk of an unrecoverable loop."
Application_662953436,"alignment-based replay of the historical prefix needed at least one 'log move' -- a logged activity the model could not explain at all (a genuine deviation). Informational only: unlike the old token-based replay, the reconstructed marking is always legally reachable, so this does not by itself put the case at risk of an unrecoverable loop."
Application_676003569,"alignment-based replay of the historical prefix needed at least one 'log move' -- a logged activity the model could not explain at all (a genuine deviation). Informational only: unlike the old token-based replay, the reconstructed marking is always legally reachable, so this does not by itself put the case at risk of an unrecoverable loop."
Application_689626069,"alignment-based replay of the historical prefix needed at least one 'log move' -- a logged activity the model could not explain at all (a genuine deviation). Informational only: unlike the old token-based replay, the reconstructed marking is always legally reachable, so this does not by itself put the case at risk of an unrecoverable loop."
Application_6918840,"alignment-based replay of the historical prefix needed at least one 'log move' -- a logged activity the model could not explain at all (a genuine deviation). Informational only: unlike the old token-based replay, the reconstructed marking is always legally reachable, so this does not by itself put the case at risk of an unrecoverable loop."
Application_694086390,"alignment-based replay of the historical prefix needed at least one 'log move' -- a logged activity the model could not explain at all (a genuine deviation). Informational only: unlike the old token-based replay, the reconstructed marking is always legally reachable, so this does not by itself put the case at risk of an unrecoverable loop."
Application_70630239,"alignment-based replay of the historical prefix needed at least one 'log move' -- a logged activity the model could not explain at all (a genuine deviation). Informational only: unlike the old token-based replay, the reconstructed marking is always legally reachable, so this does not by itself put the case at risk of an unrecoverable loop."
Application_7185118,"alignment-based replay of the historical prefix needed at least one 'log move' -- a logged activity the model could not explain at all (a genuine deviation). Informational only: unlike the old token-based replay, the reconstructed marking is always legally reachable, so this does not by itself put the case at risk of an unrecoverable loop."
Application_72512890,"alignment-based replay of the historical prefix needed at least one 'log move' -- a logged activity the model could not explain at all (a genuine deviation). Informational only: unlike the old token-based replay, the reconstructed marking is always legally reachable, so this does not by itself put the case at risk of an unrecoverable loop."
Application_74640015,"alignment-based replay of the historical prefix needed at least one 'log move' -- a logged activity the model could not explain at all (a genuine deviation). Informational only: unlike the old token-based replay, the reconstructed marking is always legally reachable, so this does not by itself put the case at risk of an unrecoverable loop."
Application_74903355,"alignment-based replay of the historical prefix needed at least one 'log move' -- a logged activity the model could not explain at all (a genuine deviation). Informational only: unlike the old token-based replay, the reconstructed marking is always legally reachable, so this does not by itself put the case at risk of an unrecoverable loop."
Application_755070866,"alignment-based replay of the historical prefix needed at least one 'log move' -- a logged activity the model could not explain at all (a genuine deviation). Informational only: unlike the old token-based replay, the reconstructed marking is always legally reachable, so this does not by itself put the case at risk of an unrecoverable loop."
Application_773870683,"alignment-based replay of the historical prefix needed at least one 'log move' -- a logged activity the model could not explain at all (a genuine deviation). Informational only: unlike the old token-based replay, the reconstructed marking is always legally reachable, so this does not by itself put the case at risk of an unrecoverable loop."
Application_774631722,"alignment-based replay of the historical prefix needed at least one 'log move' -- a logged activity the model could not explain at all (a genuine deviation). Informational only: unlike the old token-based replay, the reconstructed marking is always legally reachable, so this does not by itself put the case at risk of an unrecoverable loop."
Application_793183519,"alignment-based replay of the historical prefix needed at least one 'log move' -- a logged activity the model could not explain at all (a genuine deviation). Informational only: unlike the old token-based replay, the reconstructed marking is always legally reachable, so this does not by itself put the case at risk of an unrecoverable loop."
Application_80063242,"alignment-based replay of the historical prefix needed at least one 'log move' -- a logged activity the model could not explain at all (a genuine deviation). Informational only: unlike the old token-based replay, the reconstructed marking is always legally reachable, so this does not by itself put the case at risk of an unrecoverable loop."
Application_827688187,"alignment-based replay of the historical prefix needed at least one 'log move' -- a logged activity the model could not explain at all (a genuine deviation). Informational only: unlike the old token-based replay, the reconstructed marking is always legally reachable, so this does not by itself put the case at risk of an unrecoverable loop."
Application_831530055,"alignment-based replay of the historical prefix needed at least one 'log move' -- a logged activity the model could not explain at all (a genuine deviation). Informational only: unlike the old token-based replay, the reconstructed marking is always legally reachable, so this does not by itself put the case at risk of an unrecoverable loop."
Application_843640997,"alignment-based replay of the historical prefix needed at least one 'log move' -- a logged activity the model could not explain at all (a genuine deviation). Informational only: unlike the old token-based replay, the reconstructed marking is always legally reachable, so this does not by itself put the case at risk of an unrecoverable loop."
Application_868516310,"alignment-based replay of the historical prefix needed at least one 'log move' -- a logged activity the model could not explain at all (a genuine deviation). Informational only: unlike the old token-based replay, the reconstructed marking is always legally reachable, so this does not by itself put the case at risk of an unrecoverable loop."
Application_877547450,"alignment-based replay of the historical prefix needed at least one 'log move' -- a logged activity the model could not explain at all (a genuine deviation). Informational only: unlike the old token-based replay, the reconstructed marking is always legally reachable, so this does not by itself put the case at risk of an unrecoverable loop."
Application_896152572,"alignment-based replay of the historical prefix needed at least one 'log move' -- a logged activity the model could not explain at all (a genuine deviation). Informational only: unlike the old token-based replay, the reconstructed marking is always legally reachable, so this does not by itself put the case at risk of an unrecoverable loop."
Application_907379399,"alignment-based replay of the historical prefix needed at least one 'log move' -- a logged activity the model could not explain at all (a genuine deviation). Informational only: unlike the old token-based replay, the reconstructed marking is always legally reachable, so this does not by itself put the case at risk of an unrecoverable loop."
Application_914518259,"alignment-based replay of the historical prefix needed at least one 'log move' -- a logged activity the model could not explain at all (a genuine deviation). Informational only: unlike the old token-based replay, the reconstructed marking is always legally reachable, so this does not by itself put the case at risk of an unrecoverable loop."
Application_936472505,"alignment-based replay of the historical prefix needed at least one 'log move' -- a logged activity the model could not explain at all (a genuine deviation). Informational only: unlike the old token-based replay, the reconstructed marking is always legally reachable, so this does not by itself put the case at risk of an unrecoverable loop."
Application_95006764,"alignment-based replay of the historical prefix needed at least one 'log move' -- a logged activity the model could not explain at all (a genuine deviation). Informational only: unlike the old token-based replay, the reconstructed marking is always legally reachable, so this does not by itself put the case at risk of an unrecoverable loop."
Application_956215142,"alignment-based replay of the historical prefix needed at least one 'log move' -- a logged activity the model could not explain at all (a genuine deviation). Informational only: unlike the old token-based replay, the reconstructed marking is always legally reachable, so this does not by itself put the case at risk of an unrecoverable loop."
Application_958042176,"alignment-based replay of the historical prefix needed at least one 'log move' -- a logged activity the model could not explain at all (a genuine deviation). Informational only: unlike the old token-based replay, the reconstructed marking is always legally reachable, so this does not by itself put the case at risk of an unrecoverable loop."
Application_964418796,"alignment-based replay of the historical prefix needed at least one 'log move' -- a logged activity the model could not explain at all (a genuine deviation). Informational only: unlike the old token-based replay, the reconstructed marking is always legally reachable, so this does not by itself put the case at risk of an unrecoverable loop."
Application_964901699,"alignment-based replay of the historical prefix needed at least one 'log move' -- a logged activity the model could not explain at all (a genuine deviation). Informational only: unlike the old token-based replay, the reconstructed marking is always legally reachable, so this does not by itself put the case at risk of an unrecoverable loop."
Application_966967365,"alignment-based replay of the historical prefix needed at least one 'log move' -- a logged activity the model could not explain at all (a genuine deviation). Informational only: unlike the old token-based replay, the reconstructed marking is always legally reachable, so this does not by itself put the case at risk of an unrecoverable loop."
Application_970274306,"alignment-based replay of the historical prefix needed at least one 'log move' -- a logged activity the model could not explain at all (a genuine deviation). Informational only: unlike the old token-based replay, the reconstructed marking is always legally reachable, so this does not by itself put the case at risk of an unrecoverable loop."
Application_978586089,"alignment-based replay of the historical prefix needed at least one 'log move' -- a logged activity the model could not explain at all (a genuine deviation). Informational only: unlike the old token-based replay, the reconstructed marking is always legally reachable, so this does not by itself put the case at risk of an unrecoverable loop."
Application_984284284,"alignment-based replay of the historical prefix needed at least one 'log move' -- a logged activity the model could not explain at all (a genuine deviation). Informational only: unlike the old token-based replay, the reconstructed marking is always legally reachable, so this does not by itself put the case at risk of an unrecoverable loop."
