case:concept:name,sim_events_generated,reason
197093,300,case fired >= max_events_per_case=300 simulated events without reaching the final marking and was truncated to avoid a runaway/near-infinite loop; see last_non_fitting_prefixes for the most common root cause on prefix-continuation runs.
200635,300,case fired >= max_events_per_case=300 simulated events without reaching the final marking and was truncated to avoid a runaway/near-infinite loop; see last_non_fitting_prefixes for the most common root cause on prefix-continuation runs.
188485,300,case fired >= max_events_per_case=300 simulated events without reaching the final marking and was truncated to avoid a runaway/near-infinite loop; see last_non_fitting_prefixes for the most common root cause on prefix-continuation runs.
199189,300,case fired >= max_events_per_case=300 simulated events without reaching the final marking and was truncated to avoid a runaway/near-infinite loop; see last_non_fitting_prefixes for the most common root cause on prefix-continuation runs.
197605,300,case fired >= max_events_per_case=300 simulated events without reaching the final marking and was truncated to avoid a runaway/near-infinite loop; see last_non_fitting_prefixes for the most common root cause on prefix-continuation runs.
202071,300,case fired >= max_events_per_case=300 simulated events without reaching the final marking and was truncated to avoid a runaway/near-infinite loop; see last_non_fitting_prefixes for the most common root cause on prefix-continuation runs.
205340,300,case fired >= max_events_per_case=300 simulated events without reaching the final marking and was truncated to avoid a runaway/near-infinite loop; see last_non_fitting_prefixes for the most common root cause on prefix-continuation runs.
202379,300,case fired >= max_events_per_case=300 simulated events without reaching the final marking and was truncated to avoid a runaway/near-infinite loop; see last_non_fitting_prefixes for the most common root cause on prefix-continuation runs.
205143,300,case fired >= max_events_per_case=300 simulated events without reaching the final marking and was truncated to avoid a runaway/near-infinite loop; see last_non_fitting_prefixes for the most common root cause on prefix-continuation runs.
195654,300,case fired >= max_events_per_case=300 simulated events without reaching the final marking and was truncated to avoid a runaway/near-infinite loop; see last_non_fitting_prefixes for the most common root cause on prefix-continuation runs.
198253,300,case fired >= max_events_per_case=300 simulated events without reaching the final marking and was truncated to avoid a runaway/near-infinite loop; see last_non_fitting_prefixes for the most common root cause on prefix-continuation runs.
207708,300,case fired >= max_events_per_case=300 simulated events without reaching the final marking and was truncated to avoid a runaway/near-infinite loop; see last_non_fitting_prefixes for the most common root cause on prefix-continuation runs.
199893,300,case fired >= max_events_per_case=300 simulated events without reaching the final marking and was truncated to avoid a runaway/near-infinite loop; see last_non_fitting_prefixes for the most common root cause on prefix-continuation runs.
194269,300,case fired >= max_events_per_case=300 simulated events without reaching the final marking and was truncated to avoid a runaway/near-infinite loop; see last_non_fitting_prefixes for the most common root cause on prefix-continuation runs.
207605,300,case fired >= max_events_per_case=300 simulated events without reaching the final marking and was truncated to avoid a runaway/near-infinite loop; see last_non_fitting_prefixes for the most common root cause on prefix-continuation runs.
203480,300,case fired >= max_events_per_case=300 simulated events without reaching the final marking and was truncated to avoid a runaway/near-infinite loop; see last_non_fitting_prefixes for the most common root cause on prefix-continuation runs.
205468,300,case fired >= max_events_per_case=300 simulated events without reaching the final marking and was truncated to avoid a runaway/near-infinite loop; see last_non_fitting_prefixes for the most common root cause on prefix-continuation runs.
206132,300,case fired >= max_events_per_case=300 simulated events without reaching the final marking and was truncated to avoid a runaway/near-infinite loop; see last_non_fitting_prefixes for the most common root cause on prefix-continuation runs.
204475,300,case fired >= max_events_per_case=300 simulated events without reaching the final marking and was truncated to avoid a runaway/near-infinite loop; see last_non_fitting_prefixes for the most common root cause on prefix-continuation runs.
208064,300,case fired >= max_events_per_case=300 simulated events without reaching the final marking and was truncated to avoid a runaway/near-infinite loop; see last_non_fitting_prefixes for the most common root cause on prefix-continuation runs.
200386,300,case fired >= max_events_per_case=300 simulated events without reaching the final marking and was truncated to avoid a runaway/near-infinite loop; see last_non_fitting_prefixes for the most common root cause on prefix-continuation runs.
205364,300,case fired >= max_events_per_case=300 simulated events without reaching the final marking and was truncated to avoid a runaway/near-infinite loop; see last_non_fitting_prefixes for the most common root cause on prefix-continuation runs.
195247,300,case fired >= max_events_per_case=300 simulated events without reaching the final marking and was truncated to avoid a runaway/near-infinite loop; see last_non_fitting_prefixes for the most common root cause on prefix-continuation runs.
200877,300,case fired >= max_events_per_case=300 simulated events without reaching the final marking and was truncated to avoid a runaway/near-infinite loop; see last_non_fitting_prefixes for the most common root cause on prefix-continuation runs.
207506,300,case fired >= max_events_per_case=300 simulated events without reaching the final marking and was truncated to avoid a runaway/near-infinite loop; see last_non_fitting_prefixes for the most common root cause on prefix-continuation runs.
189805,300,case fired >= max_events_per_case=300 simulated events without reaching the final marking and was truncated to avoid a runaway/near-infinite loop; see last_non_fitting_prefixes for the most common root cause on prefix-continuation runs.
196341,300,case fired >= max_events_per_case=300 simulated events without reaching the final marking and was truncated to avoid a runaway/near-infinite loop; see last_non_fitting_prefixes for the most common root cause on prefix-continuation runs.
207266,300,case fired >= max_events_per_case=300 simulated events without reaching the final marking and was truncated to avoid a runaway/near-infinite loop; see last_non_fitting_prefixes for the most common root cause on prefix-continuation runs.
196521,300,case fired >= max_events_per_case=300 simulated events without reaching the final marking and was truncated to avoid a runaway/near-infinite loop; see last_non_fitting_prefixes for the most common root cause on prefix-continuation runs.
203341,300,case fired >= max_events_per_case=300 simulated events without reaching the final marking and was truncated to avoid a runaway/near-infinite loop; see last_non_fitting_prefixes for the most common root cause on prefix-continuation runs.
204592,300,case fired >= max_events_per_case=300 simulated events without reaching the final marking and was truncated to avoid a runaway/near-infinite loop; see last_non_fitting_prefixes for the most common root cause on prefix-continuation runs.
206249,300,case fired >= max_events_per_case=300 simulated events without reaching the final marking and was truncated to avoid a runaway/near-infinite loop; see last_non_fitting_prefixes for the most common root cause on prefix-continuation runs.
206357,300,case fired >= max_events_per_case=300 simulated events without reaching the final marking and was truncated to avoid a runaway/near-infinite loop; see last_non_fitting_prefixes for the most common root cause on prefix-continuation runs.
195175,300,case fired >= max_events_per_case=300 simulated events without reaching the final marking and was truncated to avoid a runaway/near-infinite loop; see last_non_fitting_prefixes for the most common root cause on prefix-continuation runs.
195323,300,case fired >= max_events_per_case=300 simulated events without reaching the final marking and was truncated to avoid a runaway/near-infinite loop; see last_non_fitting_prefixes for the most common root cause on prefix-continuation runs.
194139,300,case fired >= max_events_per_case=300 simulated events without reaching the final marking and was truncated to avoid a runaway/near-infinite loop; see last_non_fitting_prefixes for the most common root cause on prefix-continuation runs.
205562,300,case fired >= max_events_per_case=300 simulated events without reaching the final marking and was truncated to avoid a runaway/near-infinite loop; see last_non_fitting_prefixes for the most common root cause on prefix-continuation runs.
200103,300,case fired >= max_events_per_case=300 simulated events without reaching the final marking and was truncated to avoid a runaway/near-infinite loop; see last_non_fitting_prefixes for the most common root cause on prefix-continuation runs.
196045,300,case fired >= max_events_per_case=300 simulated events without reaching the final marking and was truncated to avoid a runaway/near-infinite loop; see last_non_fitting_prefixes for the most common root cause on prefix-continuation runs.
198274,300,case fired >= max_events_per_case=300 simulated events without reaching the final marking and was truncated to avoid a runaway/near-infinite loop; see last_non_fitting_prefixes for the most common root cause on prefix-continuation runs.
205029,300,case fired >= max_events_per_case=300 simulated events without reaching the final marking and was truncated to avoid a runaway/near-infinite loop; see last_non_fitting_prefixes for the most common root cause on prefix-continuation runs.
195082,300,case fired >= max_events_per_case=300 simulated events without reaching the final marking and was truncated to avoid a runaway/near-infinite loop; see last_non_fitting_prefixes for the most common root cause on prefix-continuation runs.
208577,300,case fired >= max_events_per_case=300 simulated events without reaching the final marking and was truncated to avoid a runaway/near-infinite loop; see last_non_fitting_prefixes for the most common root cause on prefix-continuation runs.
201891,300,case fired >= max_events_per_case=300 simulated events without reaching the final marking and was truncated to avoid a runaway/near-infinite loop; see last_non_fitting_prefixes for the most common root cause on prefix-continuation runs.
203380,300,case fired >= max_events_per_case=300 simulated events without reaching the final marking and was truncated to avoid a runaway/near-infinite loop; see last_non_fitting_prefixes for the most common root cause on prefix-continuation runs.
206351,300,case fired >= max_events_per_case=300 simulated events without reaching the final marking and was truncated to avoid a runaway/near-infinite loop; see last_non_fitting_prefixes for the most common root cause on prefix-continuation runs.
208124,300,case fired >= max_events_per_case=300 simulated events without reaching the final marking and was truncated to avoid a runaway/near-infinite loop; see last_non_fitting_prefixes for the most common root cause on prefix-continuation runs.
205912,300,case fired >= max_events_per_case=300 simulated events without reaching the final marking and was truncated to avoid a runaway/near-infinite loop; see last_non_fitting_prefixes for the most common root cause on prefix-continuation runs.
205556,300,case fired >= max_events_per_case=300 simulated events without reaching the final marking and was truncated to avoid a runaway/near-infinite loop; see last_non_fitting_prefixes for the most common root cause on prefix-continuation runs.
208730,300,case fired >= max_events_per_case=300 simulated events without reaching the final marking and was truncated to avoid a runaway/near-infinite loop; see last_non_fitting_prefixes for the most common root cause on prefix-continuation runs.
208844,300,case fired >= max_events_per_case=300 simulated events without reaching the final marking and was truncated to avoid a runaway/near-infinite loop; see last_non_fitting_prefixes for the most common root cause on prefix-continuation runs.
199570,300,case fired >= max_events_per_case=300 simulated events without reaching the final marking and was truncated to avoid a runaway/near-infinite loop; see last_non_fitting_prefixes for the most common root cause on prefix-continuation runs.
203016,300,case fired >= max_events_per_case=300 simulated events without reaching the final marking and was truncated to avoid a runaway/near-infinite loop; see last_non_fitting_prefixes for the most common root cause on prefix-continuation runs.
206579,300,case fired >= max_events_per_case=300 simulated events without reaching the final marking and was truncated to avoid a runaway/near-infinite loop; see last_non_fitting_prefixes for the most common root cause on prefix-continuation runs.
204030,300,case fired >= max_events_per_case=300 simulated events without reaching the final marking and was truncated to avoid a runaway/near-infinite loop; see last_non_fitting_prefixes for the most common root cause on prefix-continuation runs.
206123,300,case fired >= max_events_per_case=300 simulated events without reaching the final marking and was truncated to avoid a runaway/near-infinite loop; see last_non_fitting_prefixes for the most common root cause on prefix-continuation runs.
201072,300,case fired >= max_events_per_case=300 simulated events without reaching the final marking and was truncated to avoid a runaway/near-infinite loop; see last_non_fitting_prefixes for the most common root cause on prefix-continuation runs.
200593,300,case fired >= max_events_per_case=300 simulated events without reaching the final marking and was truncated to avoid a runaway/near-infinite loop; see last_non_fitting_prefixes for the most common root cause on prefix-continuation runs.
207810,300,case fired >= max_events_per_case=300 simulated events without reaching the final marking and was truncated to avoid a runaway/near-infinite loop; see last_non_fitting_prefixes for the most common root cause on prefix-continuation runs.
195259,300,case fired >= max_events_per_case=300 simulated events without reaching the final marking and was truncated to avoid a runaway/near-infinite loop; see last_non_fitting_prefixes for the most common root cause on prefix-continuation runs.
196057,300,case fired >= max_events_per_case=300 simulated events without reaching the final marking and was truncated to avoid a runaway/near-infinite loop; see last_non_fitting_prefixes for the most common root cause on prefix-continuation runs.
197051,300,case fired >= max_events_per_case=300 simulated events without reaching the final marking and was truncated to avoid a runaway/near-infinite loop; see last_non_fitting_prefixes for the most common root cause on prefix-continuation runs.
207912,300,case fired >= max_events_per_case=300 simulated events without reaching the final marking and was truncated to avoid a runaway/near-infinite loop; see last_non_fitting_prefixes for the most common root cause on prefix-continuation runs.
196060,300,case fired >= max_events_per_case=300 simulated events without reaching the final marking and was truncated to avoid a runaway/near-infinite loop; see last_non_fitting_prefixes for the most common root cause on prefix-continuation runs.
196455,300,case fired >= max_events_per_case=300 simulated events without reaching the final marking and was truncated to avoid a runaway/near-infinite loop; see last_non_fitting_prefixes for the most common root cause on prefix-continuation runs.
201909,300,case fired >= max_events_per_case=300 simulated events without reaching the final marking and was truncated to avoid a runaway/near-infinite loop; see last_non_fitting_prefixes for the most common root cause on prefix-continuation runs.
207867,300,case fired >= max_events_per_case=300 simulated events without reaching the final marking and was truncated to avoid a runaway/near-infinite loop; see last_non_fitting_prefixes for the most common root cause on prefix-continuation runs.
209374,300,case fired >= max_events_per_case=300 simulated events without reaching the final marking and was truncated to avoid a runaway/near-infinite loop; see last_non_fitting_prefixes for the most common root cause on prefix-continuation runs.
197168,300,case fired >= max_events_per_case=300 simulated events without reaching the final marking and was truncated to avoid a runaway/near-infinite loop; see last_non_fitting_prefixes for the most common root cause on prefix-continuation runs.
208451,300,case fired >= max_events_per_case=300 simulated events without reaching the final marking and was truncated to avoid a runaway/near-infinite loop; see last_non_fitting_prefixes for the most common root cause on prefix-continuation runs.
202256,300,case fired >= max_events_per_case=300 simulated events without reaching the final marking and was truncated to avoid a runaway/near-infinite loop; see last_non_fitting_prefixes for the most common root cause on prefix-continuation runs.
202740,300,case fired >= max_events_per_case=300 simulated events without reaching the final marking and was truncated to avoid a runaway/near-infinite loop; see last_non_fitting_prefixes for the most common root cause on prefix-continuation runs.
193647,300,case fired >= max_events_per_case=300 simulated events without reaching the final marking and was truncated to avoid a runaway/near-infinite loop; see last_non_fitting_prefixes for the most common root cause on prefix-continuation runs.
201605,300,case fired >= max_events_per_case=300 simulated events without reaching the final marking and was truncated to avoid a runaway/near-infinite loop; see last_non_fitting_prefixes for the most common root cause on prefix-continuation runs.
196867,300,case fired >= max_events_per_case=300 simulated events without reaching the final marking and was truncated to avoid a runaway/near-infinite loop; see last_non_fitting_prefixes for the most common root cause on prefix-continuation runs.
202397,300,case fired >= max_events_per_case=300 simulated events without reaching the final marking and was truncated to avoid a runaway/near-infinite loop; see last_non_fitting_prefixes for the most common root cause on prefix-continuation runs.
206441,300,case fired >= max_events_per_case=300 simulated events without reaching the final marking and was truncated to avoid a runaway/near-infinite loop; see last_non_fitting_prefixes for the most common root cause on prefix-continuation runs.
205742,300,case fired >= max_events_per_case=300 simulated events without reaching the final marking and was truncated to avoid a runaway/near-infinite loop; see last_non_fitting_prefixes for the most common root cause on prefix-continuation runs.
205059,300,case fired >= max_events_per_case=300 simulated events without reaching the final marking and was truncated to avoid a runaway/near-infinite loop; see last_non_fitting_prefixes for the most common root cause on prefix-continuation runs.
207005,300,case fired >= max_events_per_case=300 simulated events without reaching the final marking and was truncated to avoid a runaway/near-infinite loop; see last_non_fitting_prefixes for the most common root cause on prefix-continuation runs.
204185,300,case fired >= max_events_per_case=300 simulated events without reaching the final marking and was truncated to avoid a runaway/near-infinite loop; see last_non_fitting_prefixes for the most common root cause on prefix-continuation runs.
198585,300,case fired >= max_events_per_case=300 simulated events without reaching the final marking and was truncated to avoid a runaway/near-infinite loop; see last_non_fitting_prefixes for the most common root cause on prefix-continuation runs.
205782,300,case fired >= max_events_per_case=300 simulated events without reaching the final marking and was truncated to avoid a runaway/near-infinite loop; see last_non_fitting_prefixes for the most common root cause on prefix-continuation runs.
206135,300,case fired >= max_events_per_case=300 simulated events without reaching the final marking and was truncated to avoid a runaway/near-infinite loop; see last_non_fitting_prefixes for the most common root cause on prefix-continuation runs.
202271,300,case fired >= max_events_per_case=300 simulated events without reaching the final marking and was truncated to avoid a runaway/near-infinite loop; see last_non_fitting_prefixes for the most common root cause on prefix-continuation runs.
208103,300,case fired >= max_events_per_case=300 simulated events without reaching the final marking and was truncated to avoid a runaway/near-infinite loop; see last_non_fitting_prefixes for the most common root cause on prefix-continuation runs.
203964,300,case fired >= max_events_per_case=300 simulated events without reaching the final marking and was truncated to avoid a runaway/near-infinite loop; see last_non_fitting_prefixes for the most common root cause on prefix-continuation runs.
207137,300,case fired >= max_events_per_case=300 simulated events without reaching the final marking and was truncated to avoid a runaway/near-infinite loop; see last_non_fitting_prefixes for the most common root cause on prefix-continuation runs.
196602,300,case fired >= max_events_per_case=300 simulated events without reaching the final marking and was truncated to avoid a runaway/near-infinite loop; see last_non_fitting_prefixes for the most common root cause on prefix-continuation runs.
204915,300,case fired >= max_events_per_case=300 simulated events without reaching the final marking and was truncated to avoid a runaway/near-infinite loop; see last_non_fitting_prefixes for the most common root cause on prefix-continuation runs.
204442,300,case fired >= max_events_per_case=300 simulated events without reaching the final marking and was truncated to avoid a runaway/near-infinite loop; see last_non_fitting_prefixes for the most common root cause on prefix-continuation runs.
203227,300,case fired >= max_events_per_case=300 simulated events without reaching the final marking and was truncated to avoid a runaway/near-infinite loop; see last_non_fitting_prefixes for the most common root cause on prefix-continuation runs.
204742,300,case fired >= max_events_per_case=300 simulated events without reaching the final marking and was truncated to avoid a runaway/near-infinite loop; see last_non_fitting_prefixes for the most common root cause on prefix-continuation runs.
209646,300,case fired >= max_events_per_case=300 simulated events without reaching the final marking and was truncated to avoid a runaway/near-infinite loop; see last_non_fitting_prefixes for the most common root cause on prefix-continuation runs.
206420,300,case fired >= max_events_per_case=300 simulated events without reaching the final marking and was truncated to avoid a runaway/near-infinite loop; see last_non_fitting_prefixes for the most common root cause on prefix-continuation runs.
205313,300,case fired >= max_events_per_case=300 simulated events without reaching the final marking and was truncated to avoid a runaway/near-infinite loop; see last_non_fitting_prefixes for the most common root cause on prefix-continuation runs.
204730,300,case fired >= max_events_per_case=300 simulated events without reaching the final marking and was truncated to avoid a runaway/near-infinite loop; see last_non_fitting_prefixes for the most common root cause on prefix-continuation runs.
204859,300,case fired >= max_events_per_case=300 simulated events without reaching the final marking and was truncated to avoid a runaway/near-infinite loop; see last_non_fitting_prefixes for the most common root cause on prefix-continuation runs.
193968,300,case fired >= max_events_per_case=300 simulated events without reaching the final marking and was truncated to avoid a runaway/near-infinite loop; see last_non_fitting_prefixes for the most common root cause on prefix-continuation runs.
200320,300,case fired >= max_events_per_case=300 simulated events without reaching the final marking and was truncated to avoid a runaway/near-infinite loop; see last_non_fitting_prefixes for the most common root cause on prefix-continuation runs.
198026,300,case fired >= max_events_per_case=300 simulated events without reaching the final marking and was truncated to avoid a runaway/near-infinite loop; see last_non_fitting_prefixes for the most common root cause on prefix-continuation runs.
206141,300,case fired >= max_events_per_case=300 simulated events without reaching the final marking and was truncated to avoid a runaway/near-infinite loop; see last_non_fitting_prefixes for the most common root cause on prefix-continuation runs.
202632,300,case fired >= max_events_per_case=300 simulated events without reaching the final marking and was truncated to avoid a runaway/near-infinite loop; see last_non_fitting_prefixes for the most common root cause on prefix-continuation runs.
205661,300,case fired >= max_events_per_case=300 simulated events without reaching the final marking and was truncated to avoid a runaway/near-infinite loop; see last_non_fitting_prefixes for the most common root cause on prefix-continuation runs.
198618,300,case fired >= max_events_per_case=300 simulated events without reaching the final marking and was truncated to avoid a runaway/near-infinite loop; see last_non_fitting_prefixes for the most common root cause on prefix-continuation runs.
205873,300,case fired >= max_events_per_case=300 simulated events without reaching the final marking and was truncated to avoid a runaway/near-infinite loop; see last_non_fitting_prefixes for the most common root cause on prefix-continuation runs.
207215,300,case fired >= max_events_per_case=300 simulated events without reaching the final marking and was truncated to avoid a runaway/near-infinite loop; see last_non_fitting_prefixes for the most common root cause on prefix-continuation runs.
204712,300,case fired >= max_events_per_case=300 simulated events without reaching the final marking and was truncated to avoid a runaway/near-infinite loop; see last_non_fitting_prefixes for the most common root cause on prefix-continuation runs.
201376,300,case fired >= max_events_per_case=300 simulated events without reaching the final marking and was truncated to avoid a runaway/near-infinite loop; see last_non_fitting_prefixes for the most common root cause on prefix-continuation runs.
204099,300,case fired >= max_events_per_case=300 simulated events without reaching the final marking and was truncated to avoid a runaway/near-infinite loop; see last_non_fitting_prefixes for the most common root cause on prefix-continuation runs.
197321,300,case fired >= max_events_per_case=300 simulated events without reaching the final marking and was truncated to avoid a runaway/near-infinite loop; see last_non_fitting_prefixes for the most common root cause on prefix-continuation runs.
197162,300,case fired >= max_events_per_case=300 simulated events without reaching the final marking and was truncated to avoid a runaway/near-infinite loop; see last_non_fitting_prefixes for the most common root cause on prefix-continuation runs.
