case_study,k,n,model_mae_days,dummy_mae_days
BAC,2,1885,10.33368579973183,11.792090256561654
BAC,3,1885,5.310400998466592,6.7963016567020595
BAC,4,1884,2.3713001232245805,4.341032121158895
BAC,5,1838,1.071150136109972,2.4488711163916093
BAC,6,1704,0.5900524350036598,1.5046986402332168
BAC,7,457,0.8200352428969306,2.2742979733395927
BAC,8,259,0.9239285262208923,1.7055965907615505
BAC,9,159,0.7741889900758235,1.7668294408601624
BAC,10,55,0.9680504576471166,1.9821977540557087
BAC,11,29,1.3398945602490975,2.50047709314342
BAC,12,16,0.8674063519564559,3.2854268523185484
BAC,13,4,1.8512990476297908,7.155908564814815
BAC,14,2,9.397444967888458,11.180270210113958
BAC,15,2,8.738286000901601,11.219282407407407
BAC,16,2,6.118838000474218,10.752918981481482
BAC,17,2,9.556041327810778,2.285983796296296
BAC,18,1,1.7388784117925518,0.41458622685185187
BAC,19,1,0.24352014986126158,1.0921952160493826
BAC,20,1,1.1528561765401348e-05,1.64625
bpi17_before,2,1196,14.925939744629055,13.492642717041369
bpi17_before,3,1196,14.987919467321225,13.565087962254715
bpi17_before,4,1196,14.521298882309958,13.279688625397876
bpi17_before,5,1196,14.384520371928229,13.186796730415479
bpi17_before,6,1196,14.467671722827907,13.183937658083398
bpi17_before,7,1195,14.193434368827972,13.19926903533322
bpi17_before,8,1193,12.116715622759624,13.60344501108622
bpi17_before,9,1171,9.655767845712006,14.356902635399532
bpi17_before,10,1025,9.493296101273222,13.495686821579923
bpi17_before,11,912,9.09894060817921,13.732816551991913
bpi17_before,12,860,7.332815006813563,11.622141309776199
bpi17_before,13,788,6.074778632937361,9.084781535115074
bpi17_before,14,648,6.2316076121562745,9.106977434172745
bpi17_before,15,541,6.364720021419034,8.991430181682043
bpi17_before,16,477,5.676044169878516,7.922318747225917
bpi17_before,17,426,4.886838294942567,7.269826743790023
bpi17_before,18,367,4.416102452349554,6.8873080414390415
bpi17_before,19,302,4.158035523231786,6.571698926899509
bpi17_before,20,258,3.5559447914524704,5.855384440756497
bpi17_before,21,214,3.6843365633208287,5.94190660985732
bpi17_before,22,173,3.9381136302304895,5.957926368755456
bpi17_before,23,135,3.8235140896178814,5.894369789852117
bpi17_before,24,115,3.5555461725044784,5.5917485530625015
bpi17_before,25,93,3.6639206885954483,5.252251888036756
bpi17_before,26,82,2.7459295826592793,4.380122563589448
bpi17_before,27,67,2.847467633704547,4.238043172329394
bpi17_before,28,57,1.947859558381071,3.3694715845618597
bpi17_before,29,48,1.840281268604502,3.2829461406371365
bpi17_before,30,39,1.6612378044072467,3.2967380983182637
bpi17_before,31,33,1.5300155242485376,2.781799021894192
bpi17_before,32,26,1.6987100797002912,3.0648293599039507
bpi17_before,33,22,1.9464758869932701,3.435345552555698
bpi17_before,34,17,1.959058632732993,3.4972315998535306
bpi17_before,35,15,1.903816787000023,3.1516146927141784
bpi17_before,36,14,1.7968431397997455,2.821284985780423
bpi17_before,37,11,0.7208763729984721,1.4968428722643097
bpi17_before,38,9,0.666112463493109,1.3981792810537146
bpi17_before,39,7,0.7426670202229511,1.6234017247437167
bpi17_before,40,6,0.8352618989872855,1.495216854423868
bpi17_before,41,5,0.728228395065727,0.4935887445987655
bpi17_before,42,4,0.8185295882717151,0.4401428096064815
bpi17_before,43,2,1.679779369721576,0.5041743761574073
bpi17_before,44,2,0.3651933599181184,0.009051018518518517
bpi17_before,45,2,0.0015940317767579864,1.501736111111111e-06
bpi17_before,46,2,0.005728507574541867,1.6232638888888887e-06
bpi17_before,47,2,0.010689980032828526,1.646412037037037e-06
bpi17_before,48,2,0.46436362521007396,1.3310185185185186e-07
bpi17_before,49,1,0.004059987726236642,1.3888888888888888e-07
bpi17_after,2,1996,15.411640694761896,12.389178933011703
bpi17_after,3,1996,15.027624931521485,12.395111348516307
bpi17_after,4,1996,13.652556629704366,12.052213855089247
bpi17_after,5,1996,13.48704023416037,11.930201442559698
bpi17_after,6,1996,13.38694410963828,11.91279131411792
bpi17_after,7,1994,13.285248673600528,11.8974137779466
bpi17_after,8,1994,10.942138659322444,12.350704062388324
bpi17_after,9,1976,8.157678813967125,13.389654388318696
bpi17_after,10,1627,8.394100398204603,12.097826794664739
bpi17_after,11,1387,8.582558333205837,12.349719024211561
bpi17_after,12,1268,7.21659828971113,10.7247753931654
bpi17_after,13,1114,6.241466542463031,8.918093179935195
bpi17_after,14,907,6.516857586667226,8.966835745274611
bpi17_after,15,724,6.179884224937754,8.443255298406521
bpi17_after,16,610,5.667505429712305,7.735046855205653
bpi17_after,17,513,5.35441586464985,7.41569865969599
bpi17_after,18,418,4.841420872502639,6.7709129802557575
bpi17_after,19,339,4.425066979525723,6.114807230398367
bpi17_after,20,272,4.471437631861816,6.2488741919945845
bpi17_after,21,219,4.346467005182497,5.926679992280979
bpi17_after,22,179,3.8132722081061323,5.598705867778606
bpi17_after,23,140,3.6863890566483826,5.471005313258257
bpi17_after,24,103,2.7599432690807544,4.796225111974968
bpi17_after,25,78,2.897536074593651,4.6413363212051975
bpi17_after,26,58,3.1256140170588944,5.196903952052666
bpi17_after,27,46,2.060796668310739,3.6086743472492238
bpi17_after,28,34,2.088692001093631,3.673269817835082
bpi17_after,29,32,1.8884242741573325,3.3530952757425982
bpi17_after,30,23,1.602073246110814,2.7221537564412235
bpi17_after,31,21,1.3990817808152503,2.379441231377054
bpi17_after,32,14,1.6786841690940093,2.186913242669753
bpi17_after,33,11,0.6138547839127537,0.7934940256734009
bpi17_after,34,7,1.6931740790300032,0.6389565488000757
bpi17_after,35,4,2.946341371503614,0.6787608376736111
bpi17_after,36,4,2.0085353164730027,0.8493954542824075
bpi17_after,37,3,1.8236884344241655,0.7703004687499998
bpi17_after,38,2,1.947089238179153,0.48575324266975306
bpi17_after,39,2,2.2509600627990896,1.455837037037037
bpi17_after,40,2,2.6600527917506755,0.48081794560185187
bpi17_after,41,2,1.7042351278640828,0.4808117650462963
bpi17_after,42,1,4.72088563584818,0.9614815162037038
bpi17_after,43,1,3.9179002807195027,0.04949917824074074
bpi17_after,44,1,0.7914675166472644,0.04939849537037037
bpi17_after,45,1,0.3750718384076622,3.4374999999999997e-06
bpi17_after,46,1,0.1879493108317204,13.76044326183854
bpi17_after,47,1,1.3407849924561128,13.76044607433854
bpi17_after,48,1,0.2439186099513489,13.760446166931134
bpi17_after,49,1,0.2286596450071103,13.760446259523725
bpi17_after,50,1,0.0809381564666686,13.76044638683854
bpi17_after,51,1,0.08093826063333527,13.760446491005208
bpi17_after,52,1,0.08093834165185379,13.760446572023726
