iter	R2	MAE
0	0.2331070716	0.2379572749
1	0.277255249	0.2209348539
2	0.284067488	0.2145791507
3	0.2866276801	0.211477458
4	0.3021234935	0.2067676142
5	0.3133578314	0.2026761158
6	0.3155714738	0.2004240808
7	0.3154435114	0.1999992257
8	0.3151564277	0.1992843511
9	0.3185201249	0.1984162759
10	0.32200436	0.1978650247
11	0.3202932669	0.1974264343
12	0.3218170592	0.1964935536
13	0.3218587193	0.1964127293
14	0.3214052829	0.1963328711
15	0.3211783441	0.1962827653
16	0.3213178522	0.1962678497
17	0.3213176733	0.1962636819
18	0.3212006037	0.1960970305
19	0.3234991443	0.1947852894
20	0.3234598781	0.1936140866
21	0.3256067905	0.192812658
22	0.3263036801	0.1921419538
23	0.3250670799	0.1919817149
24	0.3263590041	0.191530285
25	0.3258691904	0.1913037692
26	0.3260473593	0.1908220351
27	0.3303232809	0.1900573916
28	0.3287213279	0.1897338452
29	0.3284513939	0.1896407377
30	0.328344174	0.1893234462
31	0.3283454655	0.1891783628
32	0.3280082323	0.1890489261
33	0.3298802736	0.1885254453
34	0.3299250327	0.1884721781
35	0.3304808984	0.1884207618
36	0.3311458501	0.1880098153
37	0.3311227059	0.1879771445
38	0.3325045384	0.1875581195
39	0.332438333	0.1875110984
40	0.3325901222	0.1873472792
41	0.3322560589	0.187275882
42	0.3327161174	0.1872221236
43	0.3336877366	0.1869973798
44	0.3342246377	0.1869033585
45	0.3346090302	0.1868543816
46	0.3356609481	0.1867016351
47	0.3359539566	0.1865809748
48	0.3358462698	0.1865484704
49	0.3396991767	0.1861110725
50	0.339986307	0.1858618893
51	0.3409343917	0.1855724943
52	0.3405722919	0.1852042073
53	0.3405215364	0.1850521188
54	0.3406971269	0.1849907349
55	0.3468774255	0.1832528029
56	0.3472891883	0.1831854729
57	0.3480531548	0.1820771628
58	0.3491046301	0.1819494194
59	0.3545815193	0.1811385687
60	0.3548448038	0.1811162659
61	0.3552917867	0.1809776291
62	0.3554785149	0.1806219131
63	0.3566050998	0.1804736645
64	0.3567921738	0.1804038724
65	0.3569158694	0.1803880231
66	0.3571556626	0.1803229804
67	0.3571885673	0.1803174272
68	0.3576956872	0.1801357143
69	0.3575894257	0.1801205491
70	0.3575712854	0.1800958352
71	0.3587641742	0.1799581403
72	0.3587760647	0.1799099713
73	0.3587315048	0.1797688216
74	0.3596074611	0.1795441514
75	0.3600338919	0.1794194223
76	0.3600369576	0.1794067521
77	0.360272536	0.1792381365
78	0.3602174119	0.1791994513
79	0.3608037213	0.1790315703
80	0.3609043047	0.1790171324
81	0.3608057927	0.1789573161
82	0.3627251592	0.1784360497
83	0.3627442119	0.1784020859
84	0.3628591871	0.1783728292
85	0.3629314222	0.1783401775
86	0.3632251219	0.1782994036
87	0.3633112056	0.1782570661
88	0.3656278371	0.1776946366
89	0.3683925847	0.1770853459
90	0.3698146249	0.1768162795
91	0.3739892372	0.1759778698
92	0.3756596744	0.1756202499
93	0.3766167084	0.175458431
94	0.3783181747	0.1749683074
95	0.3801553956	0.1745376764
96	0.3813782549	0.1744023964
97	0.3815514744	0.1743657628
98	0.3832966166	0.1739553541
99	0.3838827079	0.1738167856
100	0.3842378364	0.1737457368
101	0.3848794224	0.1735379203
102	0.3852287408	0.1734749622
103	0.3852937133	0.1734545601
104	0.3870485164	0.1730705577
105	0.3873244651	0.1730350162
106	0.388465678	0.1728198501
107	0.3893052764	0.1726793846
108	0.3896008411	0.1726638059
109	0.3917280522	0.1721526152
110	0.3923205154	0.1719669691
111	0.3922965218	0.171940868
112	0.395312915	0.1713701528
113	0.3963800593	0.1711522076
114	0.3967682478	0.1710334875
115	0.3986866557	0.1706196991
116	0.4009353473	0.1702007823
117	0.4024843397	0.1697445089
118	0.4040758219	0.1694922294
119	0.4041024327	0.1694713495
120	0.4045263391	0.1694067044
121	0.4049174434	0.1693289456
122	0.4049206269	0.1693217984
123	0.4056927787	0.1691895516
124	0.4072999287	0.1688182854
125	0.4073676056	0.1687969576
126	0.408633862	0.1684215014
127	0.4091345686	0.1683373103
128	0.4096081725	0.1682264825
129	0.4108446005	0.1679284868
130	0.4118049675	0.1678035403
131	0.4122023581	0.1677232031
132	0.4136372757	0.1674349741
133	0.415656736	0.1670081497
134	0.4172110543	0.1666626473
135	0.4173293309	0.1666332759
136	0.4178525638	0.1665163909
137	0.4179675372	0.166454348
138	0.4187793468	0.1662767512
139	0.4208815473	0.1658215086
140	0.4218246377	0.1655430164
141	0.4225464455	0.1653769932
142	0.4239088598	0.1650031256
143	0.4256493983	0.1646366412
144	0.4262250044	0.1645167743
145	0.4273275131	0.1642615572
146	0.4302329039	0.1635334129
147	0.4308100604	0.1633583354
148	0.4320134004	0.1630748392
149	0.4322329905	0.163016222
150	0.4322787108	0.1630106129
151	0.4323642262	0.1629932334
152	0.4337591187	0.162648614
153	0.433959424	0.1625991336
154	0.4348197458	0.1624630336
155	0.4362802472	0.1621675454
156	0.4372098108	0.1619518896
157	0.4375206882	0.1618605614
158	0.4392621474	0.161562761
159	0.4408114889	0.1613772202
160	0.441907767	0.1611922378
161	0.4428217578	0.1610200061
162	0.4440957537	0.1607481739
163	0.4451299063	0.1605019565
164	0.446331561	0.1602137658
165	0.4467012214	0.1601370712
166	0.4474403725	0.1599444873
167	0.4492819843	0.1595777988
168	0.4495239756	0.159506202
169	0.45010569	0.159421703
170	0.4513532021	0.1591753693
171	0.452024268	0.1590434223
172	0.4526542973	0.1589106179
173	0.45318401	0.158804452
174	0.4551069001	0.1584104668
175	0.455776501	0.1582453596
176	0.4562076298	0.158169061
177	0.4565424359	0.1580740332
178	0.4567328927	0.1580290322
179	0.4570202069	0.1579438642
180	0.4571758676	0.1578976924
181	0.4571905828	0.1578616288
182	0.4580879516	0.1576361993
183	0.4587828304	0.1574316086
184	0.4595371222	0.157301252
185	0.459878288	0.1572440097
186	0.4604982591	0.157122914
187	0.4608607828	0.1570931429
188	0.461421048	0.157002663
189	0.4614910084	0.1569805174
190	0.461940403	0.1568861638
191	0.4628607457	0.1566813411
192	0.4638380636	0.156474387
193	0.4639440284	0.1564429622
194	0.4643154348	0.1563072545
195	0.4661132914	0.1560022485
196	0.4663787872	0.155939276
197	0.467213396	0.1557733575
198	0.4683484718	0.1555255108
199	0.4687436562	0.1554227712
200	0.4698214808	0.1551685019
201	0.4702098214	0.1550439938
202	0.4708477213	0.1548566957
203	0.4709972582	0.1548186462
204	0.4712131803	0.1547625895
205	0.4715104441	0.1546997762
206	0.471987504	0.1545557015
207	0.4733728276	0.1542681072
208	0.473747468	0.1541899147
209	0.4740130225	0.1541122129
210	0.475257621	0.1538019016
211	0.476368163	0.1535709403
212	0.4768609864	0.1534775862
213	0.4779225138	0.1532468515
214	0.4786853861	0.1530959401
215	0.4789640353	0.1530013396
216	0.4802208862	0.1527195133
217	0.4804425144	0.1526741702
218	0.4805971771	0.1526208805
219	0.4810374493	0.1525260891
220	0.4813914765	0.152433363
221	0.4835140532	0.1520955765
222	0.4838247196	0.1520066117
223	0.4843092794	0.151893262
224	0.4844068436	0.1518511969
225	0.4856160473	0.151619922
226	0.4865786198	0.1513186517
227	0.4868221173	0.1512203321
228	0.4871107721	0.1511560272
229	0.4888049265	0.150818213
230	0.4896448129	0.1506160819
231	0.4900443103	0.1505514998
232	0.4908074684	0.1503800072
233	0.49082827	0.1503704659
234	0.4913986004	0.1502728971
235	0.4918972907	0.1501902318
236	0.4924298394	0.1501033299
237	0.4928560665	0.1500412629
238	0.4933091979	0.1499267403
239	0.4939309531	0.14979118
240	0.4942299725	0.1497413147
241	0.4955307153	0.1494323811
242	0.4963002624	0.1493582927
243	0.4973152762	0.1490911124
244	0.4974819947	0.1490212193
245	0.4976183467	0.1489879071
246	0.4981089635	0.1488549914
247	0.4982734642	0.1488005531
248	0.4989238875	0.1486521402
249	0.4995026354	0.1485301533
250	0.4996042132	0.1485088057
251	0.500043618	0.1483726933
252	0.5003217538	0.148304587
253	0.5006279243	0.148252243
254	0.5006475152	0.1482420395
255	0.5011520329	0.1481022709
256	0.5015788842	0.1480102497
257	0.5019984648	0.1479170534
258	0.5023908256	0.1478387778
259	0.5028181682	0.147763144
260	0.5033546763	0.1476348716
261	0.5045462455	0.1473910727
262	0.5050070318	0.1472643902
263	0.5051293894	0.1472249001
264	0.5052165472	0.1472043328
265	0.5059597359	0.1470420692
266	0.5067901988	0.1468241667
267	0.5070815304	0.1467476964
268	0.5074180366	0.1466830858
269	0.5076471455	0.1466277471
270	0.5077419582	0.1466058959
271	0.5085562954	0.1464158233
272	0.5088683964	0.1463464557
273	0.5096837082	0.1461339683
274	0.5099889734	0.1460575991
275	0.5106753057	0.1459149327
276	0.5116920248	0.1456245439
277	0.5126736758	0.1454102402
278	0.5133336785	0.1452461912
279	0.5138359031	0.1451199265
280	0.5148261297	0.1448820277
281	0.5157789553	0.1446613663
282	0.5166639176	0.1444220694
283	0.5178288349	0.1441925856
284	0.5178417482	0.14411699
285	0.5186748426	0.1439817903
286	0.5187102003	0.1439588915
287	0.5194125145	0.1438177839
288	0.5196755622	0.143748476
289	0.5199008926	0.1436854429
290	0.5200784497	0.1436316398
291	0.5208076442	0.14353889
292	0.5221622409	0.143243249
293	0.5226363451	0.1431482794
294	0.5228111669	0.1431036376
295	0.5228574147	0.1430703379
296	0.5234057618	0.142992323
297	0.5244057872	0.1427086545
298	0.5253209237	0.1425048231
299	0.526336797	0.1422714458
300	0.5265438235	0.1422083921
301	0.5265957631	0.1421915541
302	0.526755297	0.1421555135
303	0.5268836974	0.1421221252
304	0.5271192967	0.1420666495
305	0.5279859214	0.1418561078
306	0.5281493007	0.1418180518
307	0.5283509509	0.1417703731
308	0.5290992093	0.1415714305
309	0.5293873005	0.1414889293
310	0.529730085	0.1414065557
311	0.5298288143	0.1413856719
312	0.530209771	0.1412864332
313	0.5302489838	0.141272884
314	0.5306516041	0.141177625
315	0.5312855634	0.1410551701
316	0.531662622	0.1409689451
317	0.5324273495	0.1408116046
318	0.5328313964	0.1407179472
319	0.5330092526	0.1406556139
320	0.5336933862	0.140504517
321	0.5338884952	0.1404671931
322	0.5343970549	0.1403400778
323	0.5349810315	0.1401905864
324	0.5351894492	0.1401326391
325	0.5353599471	0.1400899537
326	0.5354881465	0.1400560802
327	0.536013615	0.1399517642
328	0.5363501177	0.1398646592
329	0.5368493947	0.1397428251
330	0.5371972643	0.1396678726
331	0.5378484839	0.1394633259
332	0.5380106282	0.1394229526
333	0.5384629462	0.1393235342
334	0.5388995636	0.1391725046
335	0.5391254975	0.1391299769
336	0.5391626146	0.1391157564
337	0.5399088457	0.1389333438
338	0.5405055801	0.1388052704
339	0.5405894534	0.1387669178
340	0.540728476	0.1387506579
341	0.5411684862	0.1385979151
342	0.5412652081	0.1385620518
343	0.5415574647	0.1384992026
344	0.5418837299	0.1384375121
345	0.5425992367	0.1382410939
346	0.5426330344	0.1382344577
347	0.5428554611	0.1381724622
348	0.5430245123	0.1381206802
349	0.5435037896	0.1379844628
350	0.5438477667	0.1378548345
351	0.5445551964	0.13767588
352	0.5445808833	0.1376647042
353	0.5446643684	0.1376542462
354	0.5455898194	0.1374412574
355	0.5458716118	0.1373953667
356	0.5463546678	0.1372782045
357	0.5467812634	0.1371769464
358	0.5470480223	0.1370985647
359	0.5474463119	0.1370122816
360	0.5483421086	0.1368245579
361	0.5486091368	0.1367692652
362	0.549367793	0.1365949687
363	0.5496497161	0.1365144943
364	0.5502171539	0.1363607705
365	0.5511223087	0.1361703479
366	0.5514224113	0.1361295463
367	0.5518714442	0.1360528187
368	0.5522204819	0.1359518343
369	0.5525141915	0.135871193
370	0.5527029921	0.1358341664
371	0.5532312033	0.1356934184
372	0.5534449694	0.1356391746
373	0.5537255011	0.1355931122
374	0.5544828577	0.1353888012
375	0.5547304435	0.1353060086
376	0.5551355793	0.1351957549
377	0.5555997057	0.1350788626
378	0.5557683336	0.1350532071
379	0.5564036211	0.1349386365
380	0.5570677735	0.1347964448
381	0.55745396	0.1347012873
382	0.5578528931	0.1346103777
383	0.5582912699	0.1345060841
384	0.5584249736	0.1344624959
385	0.5586578418	0.1344136516
386	0.5586601575	0.1343637619
387	0.5594068537	0.1342084511
388	0.5598744861	0.1340623423
389	0.5604867187	0.1339138344
390	0.5609441743	0.1337711393
391	0.5612337622	0.1336851116
392	0.5622606472	0.1334659567
393	0.5626118435	0.133394453
394	0.5629901297	0.1332692615
395	0.56311405	0.1332416326
396	0.5633802902	0.1331546631
397	0.5635272357	0.1331094325
398	0.5642167833	0.1330058094
399	0.5642988372	0.1329793752
400	0.5652027201	0.1328074347
401	0.5660946772	0.1326266259
402	0.5661111835	0.1326213827
403	0.5662918187	0.1325743529
404	0.5666413166	0.1324916595
405	0.5670754332	0.1323870113
406	0.5674821717	0.1323127255
407	0.5676603739	0.1322637329
408	0.5682379815	0.1321706992
409	0.5684029259	0.1321202778
410	0.5687490681	0.1320113206
411	0.5689443244	0.1319708935
412	0.5690264744	0.1319454554
413	0.5695338787	0.131814485
414	0.5699455384	0.1317443038
415	0.5702168891	0.1316624948
416	0.5705513551	0.1315806341
417	0.570712014	0.1315404623
418	0.5708183273	0.1315169234
419	0.5712971222	0.1314425107
420	0.571570823	0.1314049224
421	0.5719127456	0.1313137949
422	0.5719896466	0.1312896004
423	0.5723833509	0.1312195116
424	0.572459969	0.131198818
425	0.572508407	0.1311787985
426	0.5729809553	0.1311137867
427	0.5730754563	0.1310828316
428	0.5734279508	0.1310119445
429	0.5737810504	0.1309126929
430	0.5740723174	0.1308517097
431	0.5743242698	0.1307942135
432	0.574375651	0.1307746587
433	0.5746889693	0.1306910992
434	0.57485589	0.1306517866
435	0.5749414003	0.1306352406
436	0.5750206655	0.1306168512
437	0.5752641907	0.1305572567
438	0.5753215812	0.1305412536
439	0.5755295767	0.130496098
440	0.5756484666	0.1304593665
441	0.5760891069	0.1303576596
442	0.5763347985	0.1303071848
443	0.5765892769	0.1302613717
444	0.5768037375	0.130199318
445	0.5768049589	0.130192511
446	0.5766541552	0.1301575437
447	0.5770205033	0.1300965819
448	0.5773867768	0.1300246776
449	0.577506194	0.1300117227
450	0.5778649807	0.1299299523
451	0.5781538362	0.1298845116
452	0.5788331261	0.1297095189
453	0.5788500026	0.1297008265
454	0.5790697914	0.1296387176
455	0.5795003008	0.1295480707
456	0.5796860767	0.1295060823
457	0.5802241218	0.1293654408
458	0.5804056413	0.1293317232
459	0.5804793696	0.1292847201
460	0.5805872648	0.1292585717
461	0.5809771915	0.1291477887
462	0.5809873247	0.1291402063
463	0.581029276	0.1291245087
464	0.5811560341	0.1290940859
465	0.5817816332	0.1289547171
466	0.5821001237	0.1288968025
467	0.582291468	0.128847138
468	0.5823371046	0.1288289165
469	0.5825065074	0.1287799902
470	0.582772717	0.128719264
471	0.5827717533	0.1287138194
472	0.5831126172	0.1286406225
473	0.5835253175	0.1286010719
474	0.5837466233	0.1285452666
475	0.5837733223	0.1285330879
476	0.5840057955	0.1284680607
477	0.5842108798	0.1284118729
478	0.5842175898	0.1284076275
479	0.5843901579	0.1283716664
480	0.5846078942	0.1283199259
481	0.5852368323	0.1281959137
482	0.5854876087	0.1281275421
483	0.5855338853	0.128105734
484	0.585784602	0.1280292469
485	0.5859817791	0.1279706121
486	0.5860993154	0.1279390457
487	0.586314622	0.1278721772
488	0.58699054	0.1277151382
489	0.587519897	0.127578655
490	0.5875847261	0.1275612278
491	0.5879154143	0.1274875294
492	0.5880090725	0.1274592191
493	0.5886166807	0.1273232889
494	0.5887247527	0.1272977254
495	0.5892029206	0.1271846647
496	0.5894850258	0.127110371
497	0.5895160139	0.1270973403
498	0.5901012001	0.1269842265
499	0.5901966995	0.1269422158
500	0.5904723925	0.1268928582
501	0.5909744396	0.1267712384
502	0.5914381191	0.1266611538
503	0.5916050419	0.1266386992
504	0.5919734072	0.1265557755
505	0.592352107	0.1264462561
506	0.5927056686	0.1263451374
507	0.5932819068	0.1262042818
508	0.5934575937	0.126155624
509	0.5936590724	0.1261259164
510	0.5937134295	0.1261135121
511	0.594764883	0.1259371546
512	0.5951556782	0.1258598921
513	0.5957305347	0.125719856
514	0.595790048	0.1257020499
515	0.5963559178	0.1255652179
516	0.5964578709	0.1255359603
517	0.5967096485	0.1254941251
518	0.5968974196	0.1254601764
519	0.5973375053	0.1253597777
520	0.5973627463	0.1253442951
521	0.5975165108	0.12529115
522	0.597656897	0.1252624375
523	0.5981501917	0.1251295823
524	0.5983764561	0.1250868063
525	0.5984319629	0.1250659414
526	0.5986552228	0.1250069797
527	0.5987930675	0.1249795389
528	0.5988060842	0.1249712926
529	0.5990630032	0.124871133
530	0.5990829725	0.1248580106
531	0.5993465726	0.1248019372
532	0.5993985517	0.1247811349
533	0.5996600965	0.1247155008
534	0.6000161813	0.1246393376
535	0.6004629509	0.1245459551
536	0.6006468837	0.1245059805
537	0.6010266715	0.1243841334
538	0.601191246	0.124330252
539	0.6014929587	0.1242866803
540	0.6015306061	0.1242690042
541	0.6016707158	0.1242257935
542	0.6021544966	0.124123678
543	0.6023613368	0.1240677205
544	0.6027742113	0.1240030598
545	0.6028129615	0.1239923538
546	0.6031382549	0.1239001764
547	0.6032405652	0.1238642035
548	0.603315007	0.123823988
549	0.6036499478	0.123762575
550	0.6038351046	0.1237021897
551	0.6040406132	0.1236523401
552	0.6040725029	0.1236420632
553	0.6041222826	0.1236300721
554	0.6042336461	0.1236068439
555	0.6044237451	0.1235755146
556	0.6046616641	0.1235230239
557	0.6048190857	0.1234828066
558	0.6048774123	0.1234621773
559	0.6050313817	0.1234198682
560	0.6051506948	0.1233970322
561	0.6051698112	0.1233893867
562	0.6054308821	0.123339986
563	0.6059220142	0.1232217146
564	0.6062870629	0.123153588
565	0.6067362568	0.1230528681
566	0.6067745361	0.1230348686
567	0.606896981	0.1230100848
568	0.6069971263	0.1229789871
569	0.6070332717	0.122965293
570	0.6072116263	0.1229197499
571	0.6076287042	0.1228144864
572	0.6079658028	0.1227346867
573	0.6083532224	0.122658993
574	0.6090602001	0.1225198955
575	0.6091463194	0.1225020747
576	0.6095259176	0.1224245761
577	0.6096079671	0.1223963033
578	0.6098369617	0.1223415873
579	0.609801374	0.1223152953
580	0.6105043517	0.1222442325
581	0.610626105	0.1222003891
582	0.6107635971	0.1221552288
583	0.6109555943	0.1221083944
584	0.6110068331	0.1220934786
585	0.6114126533	0.1219950266
586	0.6119183421	0.1218914726
587	0.6123250653	0.1217794851
588	0.6125024153	0.1217316217
589	0.6127508803	0.1216752023
590	0.6129407925	0.1216278115
591	0.6132353652	0.1215569151
592	0.6133938034	0.1215055485
593	0.6134357197	0.1214947885
594	0.6136923157	0.1214135331
595	0.6137894361	0.1213899119
596	0.6139091527	0.1213710282
597	0.6140343718	0.1213350723
598	0.6141943475	0.1212956339
599	0.6142877575	0.1212756651
600	0.6144530665	0.121234656
601	0.6148362959	0.1211538526
602	0.614895896	0.1211244528
603	0.615060628	0.1210698509
604	0.6151123232	0.1210489857
605	0.6152798735	0.120997854
606	0.6156619223	0.1209083357
607	0.615880797	0.1208485709
608	0.6158929555	0.1208444591
609	0.616334999	0.1207315598
610	0.6164942631	0.1206992917
611	0.616560858	0.1206798488
612	0.6166465117	0.1206554095
613	0.6167818981	0.120612236
614	0.6169156713	0.1205729982
615	0.617025203	0.1205271521
616	0.6170868877	0.1205111708
617	0.6171114028	0.1204997247
618	0.6172354523	0.1204634719
619	0.6173548039	0.1204206488
620	0.6174771131	0.1203867522
621	0.6180837206	0.1202708508
622	0.6186695141	0.1201381996
623	0.6188019765	0.1201079401
624	0.6190289881	0.1200472962
625	0.6190974058	0.120031791
626	0.6192498706	0.1199867994
627	0.6194270827	0.1199468747
628	0.6196799692	0.1198753879
629	0.619680595	0.119869257
630	0.6198464276	0.1198269715
631	0.6198625672	0.1198048849
632	0.6199063896	0.1197909257
633	0.6199731231	0.1197768057
634	0.6200753929	0.1197407813
635	0.6201743998	0.1197166913
636	0.6201745961	0.1196883556
637	0.620305462	0.1196449068
638	0.6206406837	0.1195607151
639	0.6208644675	0.1194959581
640	0.6208833353	0.1194813153
641	0.6211533142	0.119427184
642	0.6213401731	0.1193914454
643	0.6215027329	0.1193561879
644	0.6215738605	0.1193359164
645	0.6218715983	0.1192693166
646	0.6220641766	0.119225254
647	0.6221077523	0.1192093344
648	0.6229149585	0.1191069843
649	0.623174304	0.1190351659
650	0.6232533119	0.1190133892
651	0.6235140803	0.1189710508
652	0.6236363528	0.1189383425
653	0.6241029623	0.1188484763
654	0.6241268515	0.1188361689
655	0.6245000778	0.1187521832
656	0.6248984756	0.1186698193
657	0.6252770111	0.1185820188
658	0.6253444258	0.1185543791
659	0.6254624972	0.118523539
660	0.6255255401	0.1185034403
661	0.6256256722	0.1184661657
662	0.6259467805	0.118405155
663	0.6260097562	0.118381713
664	0.6262438681	0.1183267019
665	0.6264726889	0.118275638
666	0.6266285251	0.1182259431
667	0.6266655613	0.1182124042
668	0.6268641585	0.1181611586
669	0.6272062787	0.1180795347
670	0.6274416096	0.1180075838
671	0.6274429002	0.1180022195
672	0.627568879	0.1179633749
673	0.6276762954	0.117938283
674	0.628143103	0.1178152271
675	0.6282670263	0.117784714
676	0.6284558119	0.1177286757
677	0.6285640391	0.1177089338
678	0.6287338536	0.1176779468
679	0.6289238883	0.1176216991
680	0.6290357958	0.1175872464
681	0.6292332275	0.1175363439
682	0.6296126214	0.1174315943
683	0.6297964849	0.117385588
684	0.6299162653	0.117358216
685	0.6299521939	0.1173439534
686	0.6302681581	0.1172815026
687	0.6306325221	0.117185164
688	0.6307309624	0.1171570465
689	0.630856963	0.1171177007
690	0.6310581789	0.1170672108
691	0.6311300183	0.1170480776
692	0.63117449	0.1170394378
693	0.6313081451	0.1169985473
694	0.631813541	0.1168924839
695	0.6320860254	0.1168319077
696	0.6323261163	0.1167739934
697	0.6329326344	0.1166509366
698	0.6329714843	0.1166412851
699	0.6333281607	0.116570469
700	0.633570462	0.1165096619
701	0.6338902261	0.1164411937
702	0.634129821	0.1163735223
703	0.6341404503	0.1163658838
704	0.6342583757	0.1163361337
705	0.6345707475	0.1162488964
706	0.6347500899	0.1161989395
707	0.6348849277	0.1161717712
708	0.6350284755	0.1161424049
709	0.6355855353	0.1160576888
710	0.6355973691	0.1160541769
711	0.6358136015	0.1159868482
712	0.6360450382	0.1159273483
713	0.6361474208	0.1158883995
714	0.636165451	0.1158836507
715	0.6362178971	0.1158626656
716	0.6362462102	0.1158542395
717	0.6364751465	0.1157854005
718	0.6365350009	0.115767782
719	0.6366638612	0.1157432045
720	0.6366912824	0.115733851
721	0.6370674522	0.1156745679
722	0.6372942791	0.1156245361
723	0.6375111243	0.1155770054
724	0.6379116231	0.1154913638
725	0.6381044467	0.1154264372
726	0.6383352234	0.1153508303
727	0.6383563853	0.1153425936
728	0.6386305824	0.1152957864
729	0.6388675001	0.1152542251
730	0.638911836	0.1152430951
731	0.6390715816	0.1152019238
732	0.6392475427	0.1151643405
733	0.6393852305	0.1151227095
734	0.6394583816	0.1150953585
735	0.6395532944	0.1150657
736	0.6396069062	0.1150462811
737	0.6397499418	0.1150089615
738	0.6398532881	0.114982129
739	0.6399801337	0.1149541429
740	0.6400698186	0.1149239813
741	0.6401528414	0.1148984276
742	0.6402220034	0.1148818389
743	0.6402315812	0.1148748571
744	0.6403964433	0.1148393094
745	0.6403960014	0.1148348828
746	0.6406481072	0.1147661883
747	0.6406697125	0.1147606767
748	0.6407953567	0.1147369479
749	0.6411551167	0.1146499795
750	0.6412153241	0.114629841
751	0.6412724123	0.1146145573
752	0.6414366814	0.1145772533
753	0.6416095766	0.1145371972
754	0.6416763619	0.1145223615
755	0.6417259975	0.1145093463
756	0.6417337486	0.1145051394
757	0.6417717802	0.1144894265
758	0.6423035253	0.1144088139
759	0.642647528	0.1143197694
760	0.6429037612	0.1142457859
761	0.6431075647	0.1141986321
762	0.6434439341	0.1141313958
763	0.6435429322	0.1141018369
764	0.6438928293	0.1140277243
765	0.6440469979	0.1139795531
766	0.6440482823	0.1139786845
767	0.6443005946	0.1139083072
768	0.6444485978	0.1138725862
769	0.644806642	0.1137755356
770	0.6448304267	0.1137649162
771	0.644849051	0.1137551631
772	0.6448958671	0.1137423758
773	0.6449264981	0.1137299118
774	0.6450961095	0.1137011829
775	0.6452206541	0.1136646124
776	0.645273193	0.1136406432
777	0.6454853792	0.1135949968
778	0.6456433406	0.1135703504
779	0.6458585722	0.1135317139
780	0.6461883192	0.1134382986
781	0.6464908057	0.1133720491
782	0.6468585623	0.1132721628
783	0.6472247754	0.1131995055
784	0.6474847357	0.1131413754
785	0.6475292008	0.1131285186
786	0.6475529947	0.1131207296
787	0.6475591172	0.1131147996
788	0.647863636	0.1130495869
789	0.6478769775	0.1130442585
790	0.6479355146	0.1130248824
791	0.6480962394	0.1129839811
792	0.6484280813	0.1129083721
793	0.6488967129	0.1128357295
794	0.6491735845	0.1127827762
795	0.6493185324	0.1127433182
796	0.6493876022	0.112720197
797	0.6495746388	0.1126652539
798	0.6497055971	0.1126199404
799	0.6497905917	0.1125905347
800	0.6498181485	0.1125798151
801	0.6499964982	0.1125354594
802	0.6500043831	0.1125301464
803	0.6500099751	0.1125272476
804	0.6501996636	0.1124793434
805	0.6503962278	0.1124237539
806	0.6505090123	0.1124029897
807	0.6505183733	0.1123936342
808	0.6505996935	0.1123717659
809	0.650775365	0.1123256622
810	0.6510211782	0.1122704406
811	0.6510600129	0.1122531168
812	0.651176881	0.1122188915
813	0.6512139812	0.1122092402
814	0.6515638812	0.1121431146
815	0.6518105854	0.1120786176
816	0.6523419157	0.111959578
817	0.6524259022	0.111935172
818	0.652677618	0.1118690235
819	0.6528331533	0.1118441942
820	0.6529262213	0.1118160885
821	0.6529495511	0.111806723
822	0.6530806467	0.1117680781
823	0.653260511	0.1117278591
824	0.6534282328	0.1116968678
825	0.6538763381	0.1115829202
826	0.6540090137	0.1115405122
827	0.6541481443	0.1114768305
828	0.6543237373	0.1114366311
829	0.6545163368	0.1113821816
830	0.6546383793	0.1113506928
831	0.6547198208	0.1113283607
832	0.6548642915	0.1112821459
833	0.6549763915	0.1112442093
834	0.6549860517	0.1112370178
835	0.6551208595	0.1111875347
836	0.655387697	0.1111435329
837	0.6555554753	0.1111109019
838	0.6555737826	0.1111037095
839	0.655678683	0.1110720923
840	0.6557476658	0.111053998
841	0.6559162928	0.1110070239
842	0.6559706028	0.1109940998
843	0.6559875369	0.1109828529
844	0.6565905356	0.1108482536
845	0.6567394482	0.1108054647
846	0.6568726431	0.1107722649
847	0.6572700206	0.110690355
848	0.6572869174	0.1106846453
849	0.6575984213	0.1105997895
850	0.6579868977	0.1104984108
851	0.6580432429	0.110481918
852	0.6581010018	0.1104701457
853	0.6581518277	0.1104517897
854	0.6581883616	0.1104357671
855	0.6583401967	0.1103989621
856	0.6583519019	0.1103937732
857	0.6585543474	0.1103237625
858	0.6586756632	0.1102941203
859	0.6587979074	0.1102757549
860	0.6590978296	0.1102038406
861	0.6591883739	0.1101817385
862	0.6593833525	0.1101352576
863	0.6595935922	0.110081936
864	0.6596891297	0.1100585204
865	0.6599136366	0.1099958696
866	0.6602458592	0.109920235
867	0.6602954621	0.1098989323
868	0.6603811821	0.1098795401
869	0.6604533358	0.1098618361
870	0.6606860675	0.1098230035
871	0.6608472206	0.1097773436
872	0.661029685	0.1097400418
873	0.6610363853	0.1097339712
874	0.6611441449	0.1097005969
875	0.6611928593	0.1096827046
876	0.6614062811	0.1096407658
877	0.6615899061	0.109587944
878	0.6620341814	0.1094913148
879	0.6620512771	0.1094845402
880	0.6622164238	0.1094433593
881	0.6622283993	0.1094379848
882	0.6624472104	0.109391204
883	0.6625243777	0.1093626838
884	0.6625674722	0.109337135
885	0.6628167283	0.1092583037
886	0.6628239841	0.1092557348
887	0.6630796182	0.1092131022
888	0.663152664	0.1091929303
889	0.6632037901	0.1091734766
890	0.6632821671	0.1091504474
891	0.6634125559	0.1091167747
892	0.6634489685	0.1090845569
893	0.663478506	0.1090695627
894	0.6637490343	0.1090141823
895	0.6638253055	0.1089884792
896	0.6639384251	0.1089532171
897	0.6639804424	0.1089387037
898	0.6640600689	0.1089088418
899	0.6643368862	0.1088313811
900	0.6643463575	0.1088275165
901	0.6644381003	0.1088013106
902	0.6644468754	0.1087957635
903	0.6646931428	0.1087391013
904	0.664754962	0.108724564
905	0.6647582031	0.1087204176
906	0.6650525172	0.1086398829
907	0.665079908	0.1086253439
908	0.6653882485	0.1085540273
909	0.6655735161	0.1085125139
910	0.6656738367	0.1084800612
911	0.6659017103	0.1084222875
912	0.6661005786	0.1083582947
913	0.6662950524	0.1083244916
914	0.6662995776	0.1083185272
915	0.6664162591	0.1082883494
916	0.6665037083	0.1082695695
917	0.6665217807	0.1082582743
918	0.6666247044	0.10822617
919	0.666641185	0.1082193534
920	0.6666774434	0.1082103468
921	0.6667081936	0.108196111
922	0.6670291496	0.1081289375
923	0.6670873522	0.1080846535
924	0.6671140608	0.1080718143
925	0.6674320926	0.1080169606
926	0.6675360817	0.1079842581
927	0.667693993	0.1079418753
928	0.6677571114	0.107926057
929	0.6678182426	0.1079100406
930	0.6680923907	0.1078519852
931	0.6681418449	0.1078328184
932	0.6681807132	0.1078186768
933	0.6684882626	0.1077390343
934	0.6684903643	0.1077332491
935	0.6685484904	0.1077176473
936	0.6687706672	0.1076717323
937	0.6689068578	0.1076487643
938	0.6689376306	0.1076391175
939	0.6689495632	0.1076351969
940	0.6690713663	0.1075995085
941	0.6692069563	0.1075757318
942	0.6692289669	0.1075636342
943	0.669380257	0.1075211875
944	0.6693940975	0.1075138397
945	0.6694068902	0.1075078062
946	0.6694411604	0.1074979056
947	0.6695786002	0.1074711461
948	0.6696983678	0.1074454219
949	0.6697102204	0.1074376358
950	0.6697834875	0.1074172564
951	0.6699475299	0.1073701496
952	0.6702227539	0.10731572
953	0.6702682826	0.1072984312
954	0.670305002	0.1072892503
955	0.6705164119	0.1072449084
956	0.6705605558	0.1072269887
957	0.6708000374	0.1071765104
958	0.6708507136	0.1071589804
959	0.6710841148	0.1070836199
960	0.6713402146	0.1070208533
961	0.6717207367	0.1069156294
962	0.6718320459	0.1068917199
963	0.6719728594	0.1068588455
964	0.6720303816	0.1068445457
965	0.6720402959	0.1068376016
966	0.6721614559	0.1068117365
967	0.6722409284	0.1067949475
968	0.6722543751	0.1067909979
969	0.6726368548	0.1067018988
970	0.6726445972	0.1066976993
971	0.6727233242	0.1066687885
972	0.672788609	0.1066530852
973	0.6731373509	0.1065738918
974	0.6731761846	0.1065650081
975	0.6733554084	0.1065188645
976	0.6733905989	0.1064995975
977	0.6734097386	0.1064907951
978	0.6736685249	0.106423562
979	0.6736734882	0.1064196932
980	0.673859346	0.1063674392
981	0.6739442723	0.1063506894
982	0.6739506106	0.106347367
983	0.6739850202	0.1063324316
984	0.6740873902	0.1063110729
985	0.674141324	0.1062969924
986	0.6742896123	0.1062635124
987	0.674324205	0.1062510976
988	0.674620897	0.1061806404
989	0.674640832	0.1061743823
990	0.6747682471	0.1061408459
991	0.6748761175	0.1061111106
992	0.6749552978	0.1060822595
993	0.674976879	0.1060703977
994	0.6751981374	0.1060119416
995	0.6752169945	0.1060045578
996	0.675248417	0.1059873993
997	0.6754000701	0.1059469227
998	0.6757495672	0.1058694332
999	0.6757800768	0.1058615368
1000	0.6759146353	0.1058260592
1001	0.6760117051	0.1058033021
1002	0.6762364999	0.1057416706
1003	0.6762685533	0.105722756
1004	0.676336814	0.1057029611
1005	0.676486876	0.1056602449
1006	0.6766628241	0.1056176871
1007	0.6766695367	0.1056129105
1008	0.6767118486	0.105598337
1009	0.6768108939	0.1055715248
1010	0.6769075442	0.1055405866
1011	0.676918661	0.1055355209
1012	0.6769707685	0.1055274435
1013	0.6771150994	0.1054903517
1014	0.6772939301	0.1054439748
1015	0.6773389565	0.105428779
1016	0.6775497191	0.1053537887
1017	0.6775832748	0.1053388069
1018	0.6777531996	0.105294204
1019	0.6777646346	0.1052878653
1020	0.6778541009	0.1052672913
1021	0.677940311	0.1052372871
1022	0.6780472283	0.1052051391
1023	0.6782165538	0.1051514117
1024	0.6784089084	0.1051091152
1025	0.6786772306	0.105062276
1026	0.6787241786	0.1050464689
1027	0.6787291165	0.105041444
1028	0.6788883721	0.1049983561
1029	0.6789204608	0.1049891632
1030	0.6790402386	0.1049473399
1031	0.6791873495	0.1049164175
1032	0.6792306071	0.1048979114
1033	0.6793147196	0.1048812559
1034	0.6794262273	0.1048470955
1035	0.6794559543	0.1048358481
1036	0.6795132051	0.1048083469
1037	0.6795381608	0.1047951644
1038	0.6795818291	0.1047830608
1039	0.6797468676	0.1047567111
1040	0.6798566444	0.1047248593
1041	0.6798644675	0.1047199682
1042	0.6799782975	0.1046974345
1043	0.6800399571	0.1046736111
1044	0.6801185312	0.1046544501
1045	0.680213656	0.1046254613
1046	0.6802962743	0.1045881053
1047	0.6803692537	0.1045730599
1048	0.680448775	0.1045471957
1049	0.6804789378	0.1045398241
1050	0.6805668009	0.1045209611
1051	0.6807914923	0.1044478172
1052	0.6809536399	0.1044126031
1053	0.6809889226	0.1044021689
1054	0.6810868917	0.1043742169
1055	0.6811449184	0.1043587182
1056	0.6812563908	0.1043341408
1057	0.681259136	0.1043318227
1058	0.6812874116	0.1043246526
1059	0.6813344167	0.1043103523
1060	0.6814445483	0.1042893006
1061	0.6816831916	0.1042279921
1062	0.6817673291	0.104204256
1063	0.6819777153	0.1041501072
1064	0.681984608	0.1041444827
1065	0.6820697168	0.1041258933
1066	0.6822083062	0.1040966125
1067	0.6824057587	0.1040486963
1068	0.6825021651	0.1040187624
1069	0.6825878539	0.1039957476
1070	0.6827057439	0.1039611096
1071	0.6827665468	0.1039475816
1072	0.68302233	0.1038978025
1073	0.6830820228	0.1038810842
1074	0.6831654957	0.1038482815
1075	0.6832863228	0.1038238165
1076	0.6835417637	0.103786268
1077	0.6836277336	0.1037620948
1078	0.6836687088	0.1037478825
1079	0.6839023641	0.1036866602
1080	0.6839434005	0.1036719669
1081	0.683945745	0.1036651916
1082	0.6842169453	0.1036002951
1083	0.6847958692	0.1034886368
1084	0.6848577161	0.1034668146
1085	0.6849139439	0.1034468764
1086	0.684941884	0.1034321082
1087	0.6849925075	0.1034169538
1088	0.6850941783	0.1033849288
1089	0.6851428955	0.1033663913
1090	0.6854148745	0.1033042347
1091	0.6854805421	0.1032795301
1092	0.6855691137	0.1032542545
1093	0.6857297259	0.1032230337
1094	0.6858859249	0.1031784527
1095	0.6860405742	0.1031344527
1096	0.6861457188	0.1031076359
1097	0.6865002445	0.1030250534
1098	0.6865596489	0.103001516
1099	0.686764542	0.1029496333
1100	0.6869619	0.1029030269
1101	0.6870873075	0.1028660342
1102	0.6872622628	0.1028139915
1103	0.687449581	0.1027645357
1104	0.6875309729	0.102739613
1105	0.6876938159	0.102695097
1106	0.6877193137	0.1026859042
1107	0.6879643349	0.1026404179
1108	0.6880242387	0.1026233568
1109	0.6880850139	0.1026017619
1110	0.6881544103	0.1025790183
1111	0.6883073295	0.1025441938
1112	0.6883660703	0.1025314325
1113	0.6883926061	0.1025219361
1114	0.6884909735	0.1024883424
1115	0.6886483983	0.1024417724
1116	0.6889342916	0.1023775066
1117	0.6892056678	0.1023284716
1118	0.6893148447	0.1022936273
1119	0.6894403296	0.1022576129
1120	0.6895176363	0.1022334029
1121	0.6895908519	0.1022134029
1122	0.6896788468	0.1021876874
1123	0.689697868	0.1021773585
1124	0.6898087557	0.1021515416
1125	0.6898166626	0.1021475949
1126	0.6899477145	0.1021167775
1127	0.6899569745	0.1021085822
1128	0.6900681881	0.1020758973
1129	0.6901066667	0.1020614946
1130	0.6901230619	0.1020555628
1131	0.6902021345	0.1020402921
1132	0.6902292962	0.1020324817
1133	0.690197006	0.1020008152
1134	0.6904892034	0.101935856
1135	0.6906487933	0.1019092814
1136	0.6907598582	0.1018782534
1137	0.6908841036	0.101839841
1138	0.6910134216	0.1018089288
1139	0.6911089639	0.1017748101
1140	0.6911942637	0.1017512938
1141	0.6912300776	0.1017419098
1142	0.691253598	0.1017314007
1143	0.6913086021	0.1017145076
1144	0.6913606962	0.1016983176
1145	0.6913892259	0.101691032
1146	0.6915269311	0.1016520356
1147	0.691567059	0.1016388887
1148	0.6916167069	0.1016237246
1149	0.6916420527	0.1016085661
1150	0.6917638101	0.1015641472
1151	0.691825075	0.1015437777
1152	0.6918767951	0.1015219681
1153	0.6919390016	0.1015014747
1154	0.6919860849	0.1014864116
1155	0.692008091	0.1014766184
1156	0.6920147701	0.1014712795
1157	0.6920387443	0.1014630552
1158	0.6920644411	0.1014486693
1159	0.692148723	0.101425967
1160	0.69216704	0.1014195421
1161	0.6923205368	0.1013771715
1162	0.6923459209	0.1013673732
1163	0.6926699742	0.1012925952
1164	0.6926965253	0.1012841161
1165	0.6928844986	0.1012414092
1166	0.6928898445	0.1012358372
1167	0.6930976684	0.1012077451
1168	0.6931126884	0.1012031902
1169	0.6932944996	0.1011550411
1170	0.693373837	0.1011345686
1171	0.6933795854	0.1011302958
1172	0.6934443938	0.1011151602
1173	0.6934465865	0.1011126158
1174	0.6936455428	0.1010754055
1175	0.6936953802	0.1010557687
1176	0.6940127832	0.1009930552
1177	0.694137299	0.1009650208
1178	0.694163626	0.1009532994
1179	0.6943482821	0.1008971779
1180	0.6944572658	0.1008691839
1181	0.6945721639	0.1008386632
1182	0.694627758	0.1008177839
1183	0.6946783946	0.1008015638
1184	0.6947427722	0.100781835
1185	0.6947587479	0.1007746901
1186	0.6948402472	0.1007522876
1187	0.6948582259	0.1007440873
1188	0.6949061502	0.1007265684
1189	0.694915118	0.1007214206
1190	0.6949487448	0.100710878
1191	0.6950442222	0.1006827089
1192	0.6951676829	0.100640532
1193	0.6952527124	0.1006217883
1194	0.6953473218	0.1005929703
1195	0.6954258512	0.100571929
1196	0.6956046551	0.1005324025
1197	0.6957159653	0.1004935293
1198	0.695744724	0.1004806177
1199	0.6958714548	0.1004511861
1200	0.695894465	0.1004439256
1201	0.6959014521	0.1004401735
1202	0.6960335458	0.1004068165
1203	0.6961435307	0.1003700159
1204	0.6961520837	0.1003647092
1205	0.6964286949	0.1003092909
1206	0.6966368484	0.1002674048
1207	0.6966810461	0.1002478112
1208	0.6969327398	0.1001842949
1209	0.6970606856	0.1001510151
1210	0.6970849598	0.1001449026
1211	0.6971513784	0.1001312236
1212	0.6971642971	0.1001230629
1213	0.6973105681	0.1000878696
1214	0.6973260815	0.100082226
1215	0.6973766625	0.1000610265
1216	0.6974295064	0.1000404044
1217	0.69743332	0.100036988
1218	0.6976448937	0.09999558813
1219	0.6976806202	0.09997839171
1220	0.6977040381	0.09996328086
1221	0.6977817524	0.09993888519
1222	0.6978177651	0.09992444903
1223	0.6979370883	0.09990089962
1224	0.6979678681	0.09989055032
1225	0.6979924971	0.09988547851
1226	0.6982105095	0.09982744431
1227	0.6982477544	0.09981831216
1228	0.6982892313	0.09980307769
1229	0.6984428898	0.09975449393
1230	0.6984751131	0.09974534002
1231	0.6985776819	0.09972618169
1232	0.6985938021	0.09971945866
1233	0.6985958781	0.09971764585
1234	0.6987921268	0.09967306958
1235	0.698864708	0.09964626506
1236	0.6991068669	0.09958772313
1237	0.6993917564	0.0995130578
1238	0.6993971781	0.09951032084
1239	0.6994827087	0.09947531847
1240	0.6994833051	0.09947224023
1241	0.6995340707	0.09945260989
1242	0.6995445238	0.09944672014
1243	0.6995984222	0.0994287106
1244	0.699677187	0.09941328134
1245	0.6997869809	0.09938139817
1246	0.699921535	0.09935087496
1247	0.6999735927	0.0993376089
1248	0.6999780093	0.09933332568
1249	0.7000353045	0.09931653319
1250	0.7001477219	0.09928562072
1251	0.7003013614	0.09925053827
1252	0.7004194425	0.09921279632
1253	0.7004260845	0.09920789635
1254	0.7004556687	0.09919826048
1255	0.700488354	0.09918564099
1256	0.7004946383	0.09918103474
1257	0.7005035338	0.09917513166
1258	0.7005135636	0.09917163826
1259	0.7005343358	0.09916301139
1260	0.7005451924	0.0991569659
1261	0.7005505177	0.09915370896
1262	0.7007054615	0.0991175359
1263	0.7008263918	0.09909030879
1264	0.7009894546	0.09903666422
1265	0.7009941222	0.09903341713
1266	0.7011697866	0.09899796132
1267	0.7011970904	0.09899266664
1268	0.7012947892	0.0989661618
1269	0.7013308935	0.09895569491
1270	0.701498438	0.09892493831
1271	0.701597351	0.09890400102
1272	0.7017357485	0.09887209029
1273	0.701801873	0.09885538656
1274	0.7019396336	0.09882538607
1275	0.701968889	0.09881309914
1276	0.7021923579	0.09876801828
1277	0.7022165116	0.09875849732
1278	0.7024209803	0.0987063137
1279	0.702567455	0.09866333951
1280	0.7026752494	0.09863817179
1281	0.702807984	0.09861125528
1282	0.7029129319	0.09859171107
1283	0.7029194922	0.09858912987
1284	0.7029303637	0.09857948245
1285	0.7030017234	0.09855768783
1286	0.703075547	0.09853411315
1287	0.7031338793	0.098504685
1288	0.7031351068	0.09850336407
1289	0.703228603	0.0984734919
1290	0.7032650084	0.09845926374
1291	0.7032933066	0.09845023038
1292	0.7033833159	0.09842019818
1293	0.7033950778	0.09841497868
1294	0.7035179766	0.09839038344
1295	0.7036019052	0.09836453804
1296	0.7036875769	0.09834345242
1297	0.7037827244	0.09831510805
1298	0.7038899649	0.09828433032
1299	0.7039476162	0.09826977091
1300	0.7039763405	0.09825373412
1301	0.704050533	0.09823319934
1302	0.704157192	0.0981972127
1303	0.7043477121	0.09812736227
1304	0.7043730698	0.09811886989
1305	0.7044507215	0.09809168145
1306	0.7044699928	0.09808380023
1307	0.7044617365	0.09807409002
1308	0.7045168045	0.09805358619
1309	0.704541688	0.09803789564
1310	0.7047461507	0.09798390344
1311	0.7048073177	0.09796648382
1312	0.7048196978	0.09796218569
1313	0.7048737503	0.09794348771
1314	0.7050092092	0.09790847149
1315	0.7050734486	0.09788900513
1316	0.7052355375	0.09784576406
1317	0.7052484005	0.09784037458
1318	0.7052532485	0.09783437631
1319	0.7053631435	0.09780950478
1320	0.7054392959	0.09779013709
1321	0.7054583877	0.0977825112
1322	0.7054678566	0.09777777132
1323	0.7054886982	0.09776902632
1324	0.7055251664	0.09775955112
1325	0.7055275371	0.0977570891
1326	0.705569802	0.09774382205
1327	0.7056144573	0.09773503229
1328	0.705679662	0.09772264514
1329	0.7058708821	0.09767593409
1330	0.7059653039	0.09764062428
1331	0.706057763	0.09761832956
1332	0.7060955398	0.09760257851
1333	0.706134293	0.09758900184
1334	0.7061696837	0.09757784134
1335	0.7061984606	0.0975733993
1336	0.7062245551	0.09756228029
1337	0.7062860818	0.09754777968
1338	0.70631604	0.09753750015
1339	0.7063347584	0.09752347681
1340	0.7063666049	0.09751171203
1341	0.7063869352	0.09750167739
1342	0.7064076498	0.09749530094
1343	0.7064555346	0.09748244823
1344	0.7065792949	0.09745703599
1345	0.7065876502	0.09745124131
1346	0.7066942545	0.09742664806
1347	0.7067184602	0.09741922759
1348	0.7067394732	0.09740369909
1349	0.7067450001	0.09739865012
1350	0.706833429	0.09737429764
1351	0.7069522609	0.09733789621
1352	0.7070115118	0.09731811456
1353	0.707047411	0.09730615374
1354	0.7071053807	0.09729879717
1355	0.707344783	0.09723479452
1356	0.7074055399	0.0972174438
1357	0.7075441308	0.09718277788
1358	0.7075683637	0.09717639359
1359	0.7076023675	0.09716524957
1360	0.7079410465	0.09708864779
1361	0.7079539133	0.09708385311
1362	0.707956512	0.09707921281
1363	0.708095365	0.09704364464
1364	0.7081657821	0.09702198131
1365	0.708285312	0.09698357059
1366	0.7083220478	0.09697389887
1367	0.7084310062	0.0969337116
1368	0.7085331775	0.09690938865
1369	0.7086141442	0.09688830987
1370	0.7086332123	0.09687745884
1371	0.7087013438	0.09686491009
1372	0.7087624867	0.09684511962
1373	0.7088403809	0.0968264296
1374	0.7089918778	0.09677745842
1375	0.7090829162	0.09675405416
1376	0.7091608825	0.0967337052
1377	0.7093167471	0.09668210102
1378	0.7093787792	0.09667287946
1379	0.70939211	0.09666472104
1380	0.7095122708	0.09662943045
1381	0.7095703023	0.09661519089
1382	0.7096179636	0.09659906965
1383	0.709633257	0.09659309409
1384	0.7096954683	0.0965781528
1385	0.7097111358	0.09656977566
1386	0.7098572982	0.09653174823
1387	0.7099642044	0.0965018781
1388	0.71010597	0.09646484271
1389	0.7101446617	0.09644871824
1390	0.7102417075	0.09642822801
1391	0.710266309	0.09642041788
1392	0.7102707586	0.09641850805
1393	0.7104263775	0.0963910075
1394	0.7105585683	0.09635116655
1395	0.710625694	0.09633693377
1396	0.7106776631	0.09632048574
1397	0.710712617	0.0963120058
1398	0.7107338331	0.09630646219
1399	0.7107552924	0.09629661952
1400	0.7108380308	0.09627198138
1401	0.7110076943	0.09622628795
1402	0.7110567685	0.09621173701
1403	0.71107303	0.09620424722
1404	0.7111209328	0.09619268316
1405	0.7111222754	0.09619055716
1406	0.7112084373	0.09617101849
1407	0.7113026739	0.09615115948
1408	0.7113743174	0.09612095084
1409	0.7114507915	0.09609707006
1410	0.711522975	0.09608367203
1411	0.7115252891	0.09608264283
1412	0.7115790672	0.09605891092
1413	0.711702374	0.09603010549
1414	0.71180658	0.09601137959
1415	0.7118191167	0.09600724046
1416	0.7118330329	0.09600082783
1417	0.711864706	0.09599204982
1418	0.7121567802	0.09591243519
1419	0.7121610458	0.09590983266
1420	0.7122099574	0.09589639472
1421	0.7122102596	0.09589097068
1422	0.7122660963	0.09587057959
1423	0.7123877604	0.09584913329
1424	0.7123939478	0.09584687375
1425	0.7126102796	0.09578965245
1426	0.7126528513	0.09578146898
1427	0.7127750081	0.09575801871
1428	0.7127969392	0.0957500958
1429	0.7128479528	0.09573266064
1430	0.7129850491	0.09569698971
1431	0.7130160832	0.09568422713
1432	0.7131744561	0.09564275907
1433	0.7132396385	0.09562615634
1434	0.7132707483	0.09561406241
1435	0.7133666581	0.09558710012
1436	0.7136086146	0.09552637609
1437	0.7137618691	0.09549355698
1438	0.7137691167	0.09549009452
1439	0.7140097926	0.09543688048
1440	0.7140251552	0.09543101351
1441	0.7140758447	0.09541770407
1442	0.7142030938	0.09539073864
1443	0.7142240151	0.09538313037
1444	0.7142336624	0.09537483314
1445	0.7142746454	0.09536058763
1446	0.7143138936	0.09534615784
1447	0.7143298043	0.09534036126
1448	0.7145284291	0.09528772231
1449	0.7145212989	0.09528136625
1450	0.7145354605	0.09527680046
1451	0.7145357576	0.09527474413
1452	0.7145713505	0.09526675833
1453	0.7145839913	0.09526092674
1454	0.714683082	0.09522747271
1455	0.7147269655	0.09521622243
1456	0.7147862339	0.09518962095
1457	0.7148755127	0.09516453798
1458	0.7149272436	0.09515608818
1459	0.7150398155	0.09512095727
1460	0.715111668	0.09510239697
1461	0.7151543141	0.09508988235
1462	0.715244745	0.09506665751
1463	0.7153253466	0.09504211075
1464	0.715369734	0.09502794561
1465	0.7155300484	0.09499269736
1466	0.7155810488	0.09498626378
1467	0.7156896394	0.0949535109
1468	0.7157416338	0.09494060801
1469	0.7157641104	0.0949331879
1470	0.7157826858	0.09492256224
1471	0.7158572405	0.09489896383
1472	0.7158980554	0.0948889631
1473	0.7160750213	0.09485533278
1474	0.7161160952	0.09484442699
1475	0.7163260322	0.09478067435
1476	0.7164971264	0.09473559105
1477	0.7165619376	0.09471925284
1478	0.7165792119	0.09470237165
1479	0.7166078305	0.09468985208
1480	0.7166132175	0.0946847514
1481	0.7166227809	0.09467732477
1482	0.7166915999	0.0946580522
1483	0.7167344848	0.09463672756
1484	0.7167366723	0.09463431367
1485	0.716758463	0.09462519354
1486	0.7168248854	0.0946038665
1487	0.7168425736	0.0945985892
1488	0.7168939952	0.09457661657
1489	0.7170060903	0.09454866965
1490	0.7170190709	0.09454469459
1491	0.7171925048	0.09450282701
1492	0.7172152216	0.09449655991
1493	0.7172963395	0.09447474785
1494	0.7173686483	0.09445484461
1495	0.7173917857	0.0944475114
1496	0.7173956793	0.09444452298
1497	0.7176554919	0.09437611261
1498	0.7176910993	0.09436143069
1499	0.7177605209	0.09434567084
1500	0.7178290354	0.09432288836
1501	0.7179343085	0.09428822477
1502	0.7179661902	0.09427655729
1503	0.717980442	0.09426729841
1504	0.7181050741	0.09423389894
1505	0.7181441744	0.09422232664
1506	0.718267206	0.09419371235
1507	0.7182775061	0.09418890349
1508	0.7183263288	0.09416952963
1509	0.7184088186	0.09415485725
1510	0.7185131571	0.09412474149
1511	0.718533837	0.09411523822
1512	0.7187162935	0.09408831725
1513	0.7187582445	0.09407111286
1514	0.7188960386	0.09404948016
1515	0.7189356794	0.09403278216
1516	0.7189621967	0.09402094543
1517	0.7190234024	0.0940038896
1518	0.7191444948	0.0939698943
1519	0.7191845717	0.0939610183
1520	0.7193502901	0.09392056773
1521	0.7196420481	0.09385585154
1522	0.719648297	0.09385164155
1523	0.7197040587	0.09384121213
1524	0.7197762292	0.09382042149
1525	0.7198343214	0.0937987656
1526	0.7198350138	0.09379706572
1527	0.7198619445	0.09378737265
1528	0.7199075878	0.09377421341
1529	0.7199674558	0.09376033651
1530	0.7200123228	0.09374487181
1531	0.7200443561	0.09373218361
1532	0.7200571713	0.09372694706
1533	0.7201244553	0.09371016405
1534	0.7201433355	0.09369881682
1535	0.7201901896	0.09368542887
1536	0.720283548	0.09365908432
1537	0.720351894	0.09364204207
1538	0.720393252	0.09362831161
1539	0.7204402694	0.09361776476
1540	0.7204495793	0.09361245218
1541	0.7205338289	0.09358891554
1542	0.7205722423	0.09358100081
1543	0.7206569077	0.09356567335
1544	0.7206700502	0.09355820573
1545	0.7206905717	0.09354928828
1546	0.7207220168	0.09354038304
1547	0.7207863924	0.09352302333
1548	0.7208104168	0.09351087907
1549	0.7208594185	0.09349478611
1550	0.720860692	0.09349128822
1551	0.7209540916	0.09345917645
1552	0.7211379467	0.09339760359
1553	0.7211704305	0.09338887468
1554	0.7212303658	0.09336780887
1555	0.7213508992	0.09334428055
1556	0.7213786254	0.09333768299
1557	0.7214905583	0.09329534271
1558	0.7214906944	0.09329468932
1559	0.7214979553	0.09329060153
1560	0.7215674394	0.09326731922
1561	0.721693523	0.09323512269
1562	0.7217570236	0.09321916919
1563	0.7217700051	0.09321363223
1564	0.7217649028	0.09320709533
1565	0.7217819675	0.09320201419
1566	0.7217897992	0.09319664759
1567	0.7219788531	0.09314330729
1568	0.7220676811	0.09310981898
1569	0.7221138532	0.09310019276
1570	0.7222358017	0.09307642908
1571	0.722357984	0.09305189172
1572	0.722429425	0.09303074917
1573	0.7224971102	0.09301666475
1574	0.7225533753	0.09299593654
1575	0.7226259433	0.09298197874
1576	0.7227245563	0.09294456117
1577	0.7227983148	0.09291570531
1578	0.7228037978	0.09291193609
1579	0.7228222681	0.09290295592
1580	0.7229315303	0.09287725481
1581	0.7229454356	0.0928692682
1582	0.7229703412	0.09286337106
1583	0.7230676867	0.09282924833
1584	0.7231268562	0.09281427598
1585	0.723136512	0.09281106592
1586	0.7231432275	0.09280824573
1587	0.723173885	0.09279340927
1588	0.7233301324	0.09277090894
1589	0.7233583151	0.09275868883
1590	0.7234222609	0.09274062163
1591	0.7234656714	0.09272801508
1592	0.7235129508	0.09271157158
1593	0.7235334445	0.09270526558
1594	0.7235926639	0.09268777976
1595	0.7237422073	0.09264950272
1596	0.7237562733	0.09264387888
1597	0.7238260227	0.09262784537
1598	0.723828583	0.09262584176
1599	0.7239100884	0.09260193024
1600	0.7240155451	0.09257346769
1601	0.7240342374	0.09256648901
1602	0.7241925204	0.09253804237
1603	0.7242891272	0.09251897513
1604	0.7243446826	0.09250304841
1605	0.724389222	0.09249207807
1606	0.7244327545	0.09247874968
1607	0.7244371766	0.0924753183
1608	0.7244600187	0.09246562019
1609	0.7244655859	0.0924623731
1610	0.7245761493	0.09244186468
1611	0.7246332617	0.09242666182
1612	0.7247508171	0.09238951481
1613	0.7248637413	0.09236413597
1614	0.7249230004	0.09234671692
1615	0.7250395124	0.09230757798
1616	0.7250950747	0.092295392
1617	0.7251280907	0.09228388912
1618	0.725139063	0.09227598231
1619	0.7251579926	0.09226492159
1620	0.7251697853	0.09225985801
1621	0.7251718209	0.09225635822
1622	0.7252099765	0.09224144119
1623	0.7253164689	0.09220107422
1624	0.7253693687	0.09218498837
1625	0.7254174697	0.09217009693
1626	0.7254217476	0.09216749113
1627	0.7254469151	0.09215903729
1628	0.7254967539	0.09214758715
1629	0.7255080237	0.09214238676
1630	0.7255273918	0.09213147176
1631	0.7255699122	0.09211269697
1632	0.7256773273	0.09208112606
1633	0.7256875483	0.09207158327
1634	0.7257515811	0.09204947433
1635	0.7257562564	0.09204721697
1636	0.725810597	0.09203207907
1637	0.7258609143	0.09202158414
1638	0.7258829639	0.09200818131
1639	0.7259081047	0.09200042654
1640	0.7260634827	0.09196543867
1641	0.7262858844	0.09191329736
1642	0.7263345231	0.09189883031
1643	0.7263512159	0.0918921755
1644	0.7263562464	0.09188821158
1645	0.726426639	0.09186791646
1646	0.7265319588	0.09183650346
1647	0.7265491284	0.09183149057
1648	0.7265632342	0.09182460917
1649	0.7265844203	0.09181608891
1650	0.7266528039	0.09179087261
1651	0.7266679886	0.09178537195
1652	0.7267676683	0.09176098766
1653	0.7269826838	0.09172839652
1654	0.7269942332	0.09172242809
1655	0.7269960217	0.09172130979
1656	0.7270244137	0.09171322209
1657	0.7270841466	0.09169284413
1658	0.727174188	0.09166571965
1659	0.7271751709	0.09166466087
1660	0.7272969828	0.09164856474
1661	0.7273695113	0.091622884
1662	0.7273977516	0.09161198841
1663	0.7274129857	0.09160360138
1664	0.727457463	0.09158987343
1665	0.7274910427	0.09158063237
1666	0.728034655	0.09153259529
1667	0.7280748822	0.09152366981
1668	0.7281512373	0.0915044843
1669	0.7282812232	0.09147061673
1670	0.728282036	0.09146872737
1671	0.7283232045	0.09145243112
1672	0.7283362378	0.09144374971
1673	0.7283650676	0.09142949442
1674	0.7287244882	0.09135042048
1675	0.7288327597	0.09132590033
1676	0.7291143166	0.09125513542
1677	0.7291866552	0.09124267996
1678	0.7293803168	0.09119982735
1679	0.7294030759	0.09117460768
1680	0.7294451009	0.09116530979
1681	0.7294473591	0.09116354637
1682	0.7295597911	0.09113185645
1683	0.7295875761	0.09112243636
1684	0.7295946181	0.09111641035
1685	0.7296226127	0.09110425912
1686	0.7296276037	0.09110025058
1687	0.7296298178	0.09109912698
1688	0.7296652587	0.09108559372
1689	0.7296730194	0.09107935162
1690	0.7296863539	0.09107299925
1691	0.729688291	0.09107154386
1692	0.7297255224	0.0910584493
1693	0.7298681489	0.09102739269
1694	0.7298685927	0.09102527182
1695	0.7299006668	0.09101185389
1696	0.7299083452	0.09100857912
1697	0.7299292341	0.09100051271
1698	0.7299416849	0.09099570486
1699	0.7299432299	0.09099387153
1700	0.7301785257	0.0909349493
1701	0.7301812416	0.09093118718
1702	0.7302547035	0.09091614188
1703	0.7305303845	0.0908539916
1704	0.7305363289	0.09085010539
1705	0.7305508176	0.09084230067
1706	0.730653099	0.09081131493
1707	0.7306684528	0.09080336658
1708	0.7307162804	0.09078816774
1709	0.7308310855	0.09076619798
1710	0.7308822952	0.09074948673
1711	0.7309951506	0.09072484496
1712	0.7310302272	0.09071478148
1713	0.7310821301	0.09069884212
1714	0.7311575545	0.09068054575
1715	0.7311771691	0.09067369409
1716	0.7311883551	0.09066556444
1717	0.7312082723	0.09065682614
1718	0.7312120794	0.09065357854
1719	0.7313148299	0.09061921939
1720	0.7313228722	0.09061692614
1721	0.7314147211	0.09059568512
1722	0.7314196992	0.09059026571
1723	0.7314352508	0.09058351293
1724	0.7314360817	0.0905828882
1725	0.7314594536	0.09057730611
1726	0.7314741539	0.09057402571
1727	0.7316381918	0.0905443221
1728	0.7316874068	0.09053134579
1729	0.7316965739	0.09052789182
1730	0.7318221717	0.09049523637
1731	0.7318475715	0.09048537706
1732	0.7319090559	0.090474317
1733	0.7319509993	0.0904667682
1734	0.7320307299	0.09044877443
1735	0.7320568087	0.09044016934
1736	0.7320632606	0.09043592403
1737	0.7320741153	0.09043249651
1738	0.7321520213	0.09040250477
1739	0.7321733814	0.09039334191
1740	0.7322067049	0.09038326642
1741	0.73223914	0.0903669648
1742	0.7322872162	0.09035133828
1743	0.73239063	0.09032726554
1744	0.7324229712	0.09031415434
1745	0.7324667684	0.09029980552
1746	0.7325039391	0.09028804033
1747	0.7325047116	0.09028701351
1748	0.7325365397	0.0902783566
1749	0.7325549781	0.09026935348
1750	0.7326018698	0.09024826532
1751	0.7327313469	0.09021708305
1752	0.7327481837	0.09020044533
1753	0.7328209543	0.09018995654
1754	0.7329606612	0.09015203754
1755	0.7333423911	0.09006423997
1756	0.7333450674	0.09006179628
1757	0.7333457713	0.09005909851
1758	0.7333577793	0.09005583243
1759	0.7334342068	0.09003748722
1760	0.7335117502	0.09001389224
1761	0.7335121911	0.09001339835
1762	0.7336782194	0.08999073014
1763	0.7337532485	0.08997720714
1764	0.7337534657	0.08997643381
1765	0.7337875461	0.08996600705
1766	0.733815314	0.08995668321
1767	0.7338250555	0.08995430937
1768	0.7338454773	0.08994590249
1769	0.7338454456	0.08994563062
1770	0.7338710461	0.08993562936
1771	0.733876534	0.0899310295
1772	0.7340556405	0.08988162208
1773	0.7343056705	0.08981844101
1774	0.7343628933	0.08980594321
1775	0.7343789876	0.08980081776
1776	0.7343888778	0.08979661191
1777	0.7343932915	0.08979227012
1778	0.7344090742	0.0897878919
1779	0.7344228622	0.08978255668
1780	0.7344260657	0.0897807901
1781	0.7344626983	0.08976474904
1782	0.7344666314	0.08976256495
1783	0.7345626254	0.08972938763
1784	0.7345668469	0.08972531233
1785	0.734592694	0.08971817394
1786	0.7345994338	0.08971287013
1787	0.7347302756	0.08968606767
1788	0.734755274	0.08967547323
1789	0.7347859004	0.08966451256
1790	0.7348115947	0.08965186023
1791	0.7348378931	0.08964386303
1792	0.7350176179	0.08959461164
1793	0.7350412973	0.08958438311
1794	0.7350501855	0.08958135304
1795	0.7350531606	0.08957888056
1796	0.7351263105	0.08956587729
1797	0.7352462914	0.08953333881
1798	0.7352803026	0.08952334537
1799	0.7353081308	0.08951448706
1800	0.7353337557	0.08950331649
1801	0.7353755457	0.08949171176
1802	0.7354119104	0.08947763135
1803	0.7355888527	0.089437982
1804	0.7356106197	0.08942660835
1805	0.7356400863	0.08941656003
1806	0.7356766887	0.08940833134
1807	0.7356957701	0.08940333469
1808	0.7357280473	0.08938881953
1809	0.7357310422	0.08938787087
1810	0.735742374	0.08938087742
1811	0.7358309689	0.08936135652
1812	0.7358338611	0.08936031576
1813	0.7358755805	0.0893530876
1814	0.7359440715	0.08933610413
1815	0.7359672056	0.08932861096
1816	0.7360151255	0.08932595612
1817	0.7362040517	0.08927223357
1818	0.7362304936	0.08926281152
1819	0.7362858257	0.08925146066
1820	0.7363136649	0.08923973745
1821	0.7363186983	0.08923602246
1822	0.7363652609	0.08922306625
1823	0.7364605979	0.08919504641
1824	0.736494524	0.08918457026
1825	0.7365405925	0.089174828
1826	0.7365407215	0.08917386602
1827	0.7365426153	0.08917172469
1828	0.7365562569	0.08916629015
1829	0.7365624773	0.08916336868
1830	0.7365681118	0.08915712037
1831	0.7367392732	0.08910585705
1832	0.7367574779	0.0890920752
1833	0.7368653065	0.08906483547
1834	0.7368712533	0.08905983106
1835	0.7368869592	0.08905394908
1836	0.7370051152	0.08903700676
1837	0.7370520094	0.08902860303
1838	0.737099089	0.08901012832
1839	0.7371121388	0.08900280965
1840	0.7371592925	0.08899024097
1841	0.737180673	0.08898015416
1842	0.7372049433	0.08896843297
1843	0.7372478391	0.08894752783
1844	0.7372590904	0.08894156795
1845	0.7373276795	0.08892078397
1846	0.7374210561	0.08889366284
1847	0.7375637261	0.08886580696
1848	0.7377951938	0.08883249528
1849	0.7379500793	0.08879664581
1850	0.7379554294	0.08879423362
1851	0.7379548283	0.08879343553
1852	0.7380131915	0.08877696592
1853	0.7381572414	0.08873554265
1854	0.7381674138	0.08873098486
1855	0.7381985982	0.08871884064
1856	0.7382252886	0.08870428918
1857	0.7382309377	0.08870098506
1858	0.7382470873	0.08869209204
1859	0.7382684648	0.08868074027
1860	0.7382809743	0.08867446771
1861	0.7383064549	0.08866395663
1862	0.7383098765	0.08865713402
1863	0.7383528873	0.08864353923
1864	0.7383825732	0.08863082184
1865	0.7384072365	0.08861845997
1866	0.7385270725	0.0885996469
1867	0.7386176917	0.08857703277
1868	0.7386465576	0.08856570172
1869	0.7386666636	0.08855841252
1870	0.7386738326	0.08855626854
1871	0.7386761562	0.08855415043
1872	0.7387203401	0.08853939158
1873	0.738732329	0.08853395616
1874	0.7387471722	0.08852759384
1875	0.7388218745	0.08850296833
1876	0.7388259533	0.08849967403
1877	0.738843492	0.08848806485
1878	0.7388479001	0.08848546298
1879	0.7388822486	0.08847761742
1880	0.7389622295	0.08844985588
1881	0.7390310972	0.08842680677
1882	0.7390397718	0.08841942269
1883	0.7390761122	0.08841030801
1884	0.7391117668	0.08839569234
1885	0.7391249552	0.08838960072
1886	0.7391931846	0.08837072062
1887	0.7392122463	0.08836447668
1888	0.7392224164	0.08835875719
1889	0.7393039366	0.08833557729
1890	0.7393440201	0.08832009774
1891	0.7393616807	0.088316855
1892	0.7393750626	0.08831050245
1893	0.7393900596	0.08830489296
1894	0.7393962088	0.08830225225
1895	0.7394041478	0.08829884959
1896	0.7394308028	0.08828997863
1897	0.7395016397	0.08827193189
1898	0.7396030576	0.0882392293
1899	0.7396838716	0.08822108202
1900	0.7396993968	0.08821208864
1901	0.7397488694	0.08819672941
1902	0.7399655568	0.08814284254
1903	0.7400020317	0.0881316395
1904	0.7400087381	0.08812914434
1905	0.7400168585	0.08812336277
1906	0.7400186601	0.0881208592
1907	0.7400647871	0.08810769654
1908	0.7400967892	0.08809345571
1909	0.7401501931	0.08808457145
1910	0.740208217	0.08805770683
1911	0.7402371337	0.08804999654
1912	0.7402559371	0.08804264709
1913	0.740278664	0.08803207267
1914	0.7402846012	0.08802986195
1915	0.7402854164	0.08802890016
1916	0.7403532875	0.08800886535
1917	0.7403555068	0.08800685975
1918	0.7403601932	0.08800131094
1919	0.7405459471	0.08796807814
1920	0.7406147131	0.08795252123
1921	0.7406235064	0.08794772063
1922	0.7406348864	0.0879422166
1923	0.740670416	0.08793039765
1924	0.7406819838	0.08792350093
1925	0.7408247803	0.08789940638
1926	0.740988331	0.08785795746
1927	0.7409971299	0.08784852839
1928	0.7410215098	0.08783859608
1929	0.7410255782	0.08783398576
1930	0.74110073	0.08781395755
1931	0.7411079773	0.08781136661
1932	0.7411471635	0.08779954237
1933	0.7411904729	0.08779396221
1934	0.7412312711	0.08778353153
1935	0.74126091	0.08776748353
1936	0.7413934942	0.08773912195
1937	0.74151251	0.08771134354
1938	0.7415391357	0.08770397547
1939	0.7415460137	0.08769911125
1940	0.7415518266	0.08769518386
1941	0.7416306345	0.08767134174
1942	0.7416522475	0.08766905042
1943	0.7416586381	0.08766550069
1944	0.7417370635	0.08764880781
1945	0.7417458071	0.08764271194
1946	0.7417576014	0.08763768426
1947	0.7419188251	0.08760369986
1948	0.7419223787	0.08760056196
1949	0.7420106853	0.08758045178
1950	0.7420577038	0.0875704572
1951	0.7420596238	0.0875688359
1952	0.7420667	0.08756595601
1953	0.7420677963	0.08756457375
1954	0.742077224	0.08755994192
1955	0.742106702	0.08755076859
1956	0.7421390832	0.08754385273
1957	0.7421810606	0.08753049481
1958	0.7421961597	0.08752624102
1959	0.7422989487	0.08750065632
1960	0.7423489168	0.08748988847
1961	0.7423492773	0.08748802446
1962	0.7423638664	0.08748153927
1963	0.7424181591	0.0874699169
1964	0.7424457382	0.08746028363
1965	0.7424721881	0.08744701635
1966	0.7425091192	0.08743558781
1967	0.7425123125	0.08743354547
1968	0.7425239465	0.08742956379
1969	0.7425464318	0.08741944611
1970	0.742661703	0.08739593021
1971	0.7427180402	0.08738375356
1972	0.7427221497	0.08738153508
1973	0.7427507035	0.08736973949
1974	0.7427703327	0.08736258588
1975	0.7428922537	0.08732933794
1976	0.7429914412	0.08729992441
1977	0.7430065167	0.08729181697
1978	0.7430544596	0.08727021714
1979	0.7430683111	0.08726595181
1980	0.7430906505	0.08726014266
1981	0.743117721	0.08725258685
1982	0.7431342901	0.0872449029
1983	0.7432202145	0.08722983794
1984	0.7432967177	0.08720939212
1985	0.7433147143	0.08720461984
1986	0.7433223057	0.08719921753
1987	0.7433375517	0.0871915236
1988	0.743380396	0.08718041625
1989	0.7433984983	0.08717442393
1990	0.7434068823	0.08717065842
1991	0.7435635933	0.08713343146
1992	0.7435860434	0.08712377942
1993	0.7435871458	0.08712348115
1994	0.7436239189	0.08711181647
1995	0.7436563376	0.08710139231
1996	0.7436384168	0.08709917229
1997	0.7436500572	0.08709343396
1998	0.743686523	0.08708035092
1999	0.7437117289	0.08706789994
